Light;Co2;TDS;TEMP;HUM;WaterTemp;pH;CropType;Method;yield_per_sqm
13698,8;918,7;1456,7;23,93;52,63;18,52;6,15;Spinach;AQUAPONIC;4,158
21270,0;888,1;1277,9;22,79;73,29;16,9;6,85;Chinese Cabbage;HYDROPONIC;4,552
8775,5;808,9;1509,6;17,81;54,31;13,04;6,41;Lettuce;AQUAPONIC;4,745
7861,6;937,9;836,1;27,46;79,01;22,09;5,87;Chinese Cabbage;HYDROPONIC;4,049
19733,7;1005,5;1705,3;23,19;73,01;18,52;6,36;Chinese Cabbage;HYDROPONIC;4,175
16344,4;891,5;1232,8;28,63;59,26;24,73;5,67;Bok Choy;SOIL_BASED;3,605
17916,1;726,9;1507,0;18,57;73,7;12,88;5,86;Lettuce;HYDROPONIC;5,457
13292,9;717,8;1408,1;18,55;65,16;14,73;6,68;Lettuce;HYDROPONIC;5,559
16909,8;704,3;760,6;22,73;71,63;18,77;6,08;Lettuce;AEROPONIC;5,999
14058,7;834,8;1336,8;26,24;57,11;21,58;6,04;Chinese Cabbage;AQUAPONIC;3,86
17533,8;960,8;730,7;20,08;56,59;15,79;6,32;Spinach;HYDROPONIC;4,822
18061,1;599,0;1408,5;19,98;70,7;16,66;6,49;Lettuce;AQUAPONIC;4,752
17732,4;910,8;1336,5;24,54;84,01;19,34;6,8;Chinese Cabbage;HYDROPONIC;4,063
12209,3;987,7;947,4;22,62;62,52;18,8;6,05;Bok Choy;SOIL_BASED;3,57
14823,2;546,6;1329,0;25,02;61,87;19,87;5,64;Spinach;AEROPONIC;4,638
11145,2;724,4;1156,5;22,67;65,12;18,43;6,45;Bok Choy;HYDROPONIC;5,121
16435,6;607,2;1237,4;24,58;56,75;20,38;5,56;Spinach;AQUAPONIC;4,378
15687,7;842,2;607,4;27,33;72,7;23,5;6,09;Chinese Cabbage;SOIL_BASED;3,096
8924,5;658,7;958,1;20,09;75,67;15,43;5,73;Kale;AQUAPONIC;5,195
16106,9;635,5;1075,4;26,82;72,1;23,02;6,15;Spinach;SOIL_BASED;3,386
16025,9;967,6;984,4;18,73;66,56;12,0;5,73;Bok Choy;AEROPONIC;5,087
16486,4;643,7;1143,4;25,21;59,29;20,19;5,87;Chinese Cabbage;SOIL_BASED;3,034
14662,2;823,3;1105,2;27,47;85,54;22,39;5,81;Spinach;AQUAPONIC;4,113
16476,9;774,8;1358,4;22,03;60,71;18,75;5,07;Kale;AQUAPONIC;5,386
15600,2;702,3;569,7;25,3;60,51;20,41;5,86;Kale;HYDROPONIC;5,714
11382,4;765,0;1798,0;22,14;52,77;17,6;6,86;Lettuce;SOIL_BASED;4,212
16708,9;751,2;1120,0;25,14;55,91;21,41;6,42;Lettuce;AQUAPONIC;4,827
11165,2;939,3;1200,3;17,18;70,97;12,0;6,33;Bok Choy;HYDROPONIC;4,611
10761,1;926,3;1434,6;23,95;64,37;20,72;5,53;Spinach;AEROPONIC;5,344
15239,7;840,1;1732,1;24,61;60,66;21,05;5,89;Spinach;AQUAPONIC;4,627
5170,4;993,6;1126,8;27,27;61,22;23,07;6,15;Lettuce;HYDROPONIC;5,727
12163,6;876,7;1459,2;26,09;63,63;20,72;6,78;Spinach;AQUAPONIC;4,114
13403,3;671,4;1105,6;23,05;62,35;19,24;5,26;Spinach;SOIL_BASED;3,286
19135,9;690,5;1524,5;24,25;79,92;20,94;6,1;Kale;HYDROPONIC;5,796
13745,8;1076,5;1461,3;19,45;64,84;15,73;5,48;Lettuce;SOIL_BASED;4,083
21240,8;898,8;1002,9;28,1;69,24;24,39;6,17;Chinese Cabbage;AEROPONIC;4,501
9287,4;804,9;1430,5;25,44;68,5;21,06;6,22;Lettuce;SOIL_BASED;3,877
16151,0;808,8;908,9;18,29;68,79;14,59;6,07;Chinese Cabbage;HYDROPONIC;4,176
16772,2;789,6;1087,2;24,19;64,85;20,44;6,75;Kale;AQUAPONIC;5,427
11279,2;1122,7;931,8;24,4;63,97;20,33;5,18;Bok Choy;HYDROPONIC;4,879
14184,8;664,6;1280,2;21,33;73,47;18,19;5,76;Spinach;SOIL_BASED;3,485
14132,6;906,0;1539,6;23,77;69,87;18,78;5,94;Kale;SOIL_BASED;4,425
18304,2;958,3;956,9;21,05;61,55;17,0;5,79;Spinach;AQUAPONIC;4,68
9453,1;681,4;1384,2;19,57;43,69;15,92;5,59;Bok Choy;AEROPONIC;4,729
21077,0;671,0;1217,1;21,78;62,84;17,36;5,44;Bok Choy;HYDROPONIC;5,026
7851,0;568,5;1013,1;23,98;56,44;19,47;6,27;Kale;AQUAPONIC;5,3
15983,2;639,7;1170,3;26,1;60,15;22,14;6,3;Bok Choy;AQUAPONIC;4,9
11442,5;898,6;1430,5;23,7;56,76;19,96;5,37;Chinese Cabbage;AQUAPONIC;3,9
16169,5;763,7;1524,5;26,13;77,86;21,72;6,61;Bok Choy;HYDROPONIC;4,764
12185,6;873,5;1359,9;25,32;77,8;22,51;6,01;Spinach;HYDROPONIC;4,548
19211,1;900,6;1270,4;20,6;74,44;16,29;5,79;Spinach;HYDROPONIC;4,677
14851,9;778,3;1286,0;25,3;65,16;21,23;6,25;Spinach;AEROPONIC;5,083
13032,0;648,5;1089,8;25,37;62,34;20,51;5,83;Spinach;AQUAPONIC;4,218
10576,3;870,4;1305,2;28,38;55,3;23,85;6,4;Chinese Cabbage;SOIL_BASED;3,082
15857,6;421,8;897,7;24,65;75,77;20,0;6,22;Lettuce;SOIL_BASED;4,158
16076,3;957,0;1249,2;20,04;75,38;16,88;6,32;Kale;AQUAPONIC;5,554
13229,5;459,2;1721,8;21,95;72,19;16,38;5,73;Spinach;SOIL_BASED;3,208
14602,9;598,8;1165,9;18,31;58,58;13,81;6,52;Bok Choy;AEROPONIC;5,132
15488,8;722,9;1571,5;24,93;65,14;21,9;6,67;Spinach;AEROPONIC;4,878
16744,0;611,3;1454,4;28,13;66,98;24,96;5,84;Bok Choy;HYDROPONIC;5,131
11005,9;513,8;1653,8;16,8;52,98;12,61;5,82;Bok Choy;HYDROPONIC;4,732
12887,9;794,9;466,8;28,25;80,15;24,46;5,3;Spinach;HYDROPONIC;4,4
16638,5;710,6;1326,0;24,89;56,51;19,49;5,42;Chinese Cabbage;HYDROPONIC;4,454
14129,3;705,7;1432,9;20,49;61,37;15,8;6,3;Bok Choy;HYDROPONIC;4,862
7932,0;745,9;1487,6;24,22;52,94;20,15;5,8;Bok Choy;SOIL_BASED;4,007
20072,7;583,5;1592,3;20,58;66,27;17,02;6,45;Spinach;SOIL_BASED;3,298
17462,6;878,2;1461,1;24,73;65,89;21,18;6,49;Bok Choy;HYDROPONIC;4,925
8378,7;648,6;1341,5;23,68;76,33;20,01;5,95;Bok Choy;AEROPONIC;4,987
12201,6;848,6;1030,7;24,42;59,95;20,79;6,52;Spinach;SOIL_BASED;3,113
20004,2;754,3;785,2;20,93;58,77;17,76;6,26;Spinach;AEROPONIC;4,727
16094,6;754,8;1628,2;21,33;68,68;17,5;6,49;Kale;AEROPONIC;6,15
9451,9;722,0;1122,1;24,91;50,36;19,39;5,32;Chinese Cabbage;AQUAPONIC;3,723
7644,8;906,3;1188,9;22,09;79,32;18,04;6,04;Chinese Cabbage;AQUAPONIC;3,701
8330,8;943,0;1515,4;23,92;56,77;20,14;6,49;Bok Choy;HYDROPONIC;5,158
12783,0;929,5;1275,0;24,77;83,44;20,73;5,58;Chinese Cabbage;AEROPONIC;4,338
16841,0;747,9;979,1;22,88;61,27;18,9;6,42;Bok Choy;SOIL_BASED;3,507
9128,2;782,4;836,1;26,73;55,87;22,3;6,21;Kale;AQUAPONIC;5,396
16494,2;666,3;1186,8;22,98;72,96;18,06;6,51;Spinach;AQUAPONIC;4,348
11425,2;706,2;1304,9;22,9;72,47;19,26;6,02;Spinach;AEROPONIC;4,79
7997,2;604,6;1487,0;21,73;72,67;17,96;6,22;Spinach;AQUAPONIC;4,399
13281,6;693,7;1247,5;26,41;68,86;23,09;5,48;Chinese Cabbage;AQUAPONIC;4,026
21407,9;822,9;1285,2;21,52;87,04;16,49;6,4;Kale;SOIL_BASED;4,104
19202,3;766,3;936,8;27,01;56,53;21,4;6,22;Chinese Cabbage;AEROPONIC;4,495
12753,3;700,8;1550,7;23,96;79,57;19,82;5,76;Chinese Cabbage;AQUAPONIC;3,873
15225,5;915,6;2063,4;31,01;54,32;26,29;5,77;Kale;AEROPONIC;5,967
12463,5;639,4;1618,3;21,65;82,04;17,27;5,31;Kale;AQUAPONIC;5,645
7608,0;783,6;1594,8;27,07;71,0;23,4;6,0;Kale;SOIL_BASED;4,449
12368,4;1125,7;1369,7;24,93;81,25;21,09;6,35;Kale;AEROPONIC;6,246
16734,9;998,7;1008,3;22,06;75,58;17,75;5,91;Spinach;AQUAPONIC;4,213
10381,3;703,2;1055,9;24,97;49,52;20,16;6,33;Lettuce;SOIL_BASED;3,675
18248,0;956,8;1451,2;24,83;65,13;21,07;5,64;Lettuce;AQUAPONIC;4,867
18400,1;688,3;1511,6;22,57;57,35;16,78;6,12;Kale;AEROPONIC;5,939
12921,4;842,8;1035,8;24,7;80,7;21,15;6,11;Lettuce;AQUAPONIC;5,298
14888,8;1037,5;1398,2;26,76;74,81;22,8;6,33;Lettuce;AEROPONIC;5,896
19056,8;734,8;1309,4;24,93;69,29;20,37;6,59;Kale;AEROPONIC;6,225
15770,6;894,0;1408,7;22,33;64,49;19,25;6,06;Lettuce;AQUAPONIC;5,163
19607,0;757,2;1373,0;22,17;71,6;18,56;5,95;Chinese Cabbage;SOIL_BASED;3,238
8359,5;698,5;1386,4;23,26;59,86;19,34;5,87;Bok Choy;HYDROPONIC;4,931
12463,8;875,2;774,2;26,61;70,39;22,21;6,37;Bok Choy;SOIL_BASED;3,697
13352,9;857,0;1754,2;21,39;66,95;15,72;6,65;Kale;SOIL_BASED;4,477
18852,9;587,4;1648,0;24,6;61,06;20,32;5,94;Spinach;AQUAPONIC;4,379
14503,1;734,6;1276,1;19,13;73,91;15,13;5,91;Kale;SOIL_BASED;4,233
11917,1;609,9;973,2;25,16;84,03;20,67;6,12;Spinach;SOIL_BASED;3,263
14111,0;537,9;1426,4;25,6;55,86;21,01;6,12;Bok Choy;HYDROPONIC;4,909
16319,9;755,9;899,9;29,18;76,03;25,15;5,77;Kale;SOIL_BASED;4,027
13395,7;828,4;1716,0;26,09;61,14;21,43;7,05;Chinese Cabbage;HYDROPONIC;4,124
17433,5;921,7;1238,0;22,38;72,96;17,98;5,61;Lettuce;AQUAPONIC;5,004
14907,5;556,6;1124,9;19,2;62,75;15,39;5,53;Spinach;HYDROPONIC;4,547
13442,5;614,1;1431,7;24,94;65,45;20,97;5,54;Lettuce;AEROPONIC;5,58
18626,6;992,1;1157,9;22,58;66,29;17,87;6,09;Lettuce;AEROPONIC;5,751
19535,6;670,0;1207,2;24,44;79,57;19,51;6,17;Kale;HYDROPONIC;5,915
18589,8;572,7;1073,7;21,48;67,22;18,08;5,7;Lettuce;AEROPONIC;5,814
11677,6;1027,4;1442,5;23,02;65,12;18,2;6,84;Chinese Cabbage;AQUAPONIC;3,861
18670,2;760,4;1360,0;18,74;67,3;14,11;5,91;Lettuce;AEROPONIC;6,003
18005,6;712,1;1553,1;20,57;84,12;16,85;5,16;Kale;HYDROPONIC;6,009
10492,6;679,0;857,5;20,18;72,76;14,79;6,04;Chinese Cabbage;AQUAPONIC;3,853
13328,1;640,9;963,5;25,94;62,81;20,69;6,45;Bok Choy;AEROPONIC;5,217
18855,9;760,0;1145,4;21,18;80,73;17,25;5,4;Lettuce;AQUAPONIC;5,181
17843,9;829,0;1568,9;27,36;69,53;23,58;6,42;Kale;HYDROPONIC;5,971
12662,0;843,5;909,5;21,21;60,67;17,26;5,88;Bok Choy;AEROPONIC;5,218
10692,4;519,2;1059,1;29,37;71,35;25,15;6,32;Bok Choy;AQUAPONIC;4,402
19049,9;1000,3;1649,3;18,04;66,72;15,05;6,54;Spinach;AQUAPONIC;4,202
16468,9;755,9;1417,7;24,69;40,0;21,08;6,65;Chinese Cabbage;AEROPONIC;3,856
14626,7;831,5;1560,9;23,61;70,81;19,31;5,48;Lettuce;AQUAPONIC;5,291
11693,7;892,2;1256,3;20,11;58,86;15,06;6,68;Kale;AQUAPONIC;5,533
17019,3;726,5;1739,8;21,96;57,18;18,43;6,49;Spinach;HYDROPONIC;4,826
10874,6;851,5;902,7;22,77;51,48;19,52;5,62;Chinese Cabbage;HYDROPONIC;3,959
11334,9;800,0;1224,3;24,2;69,09;19,95;5,4;Spinach;HYDROPONIC;4,981
15906,0;738,7;1202,9;20,88;66,75;17,28;5,82;Chinese Cabbage;HYDROPONIC;4,619
17963,3;792,8;1206,1;24,69;76,07;20,1;6,94;Chinese Cabbage;HYDROPONIC;4,461
14998,8;699,1;953,6;23,84;61,22;19,74;6,22;Lettuce;HYDROPONIC;5,62
13231,7;660,2;1424,2;25,68;63,91;22,2;5,78;Chinese Cabbage;AEROPONIC;4,509
17604,1;800,8;961,6;21,09;84,83;16,85;6,17;Spinach;HYDROPONIC;4,472
10456,8;803,0;933,6;22,35;51,21;17,11;6,68;Chinese Cabbage;AQUAPONIC;3,871
11172,6;818,2;605,8;27,54;78,34;24,18;6,11;Lettuce;AEROPONIC;5,668
18303,1;987,0;1087,0;20,96;61,37;16,6;5,86;Lettuce;AQUAPONIC;5,283
10363,1;824,6;1318,1;19,6;94,48;15,89;6,01;Spinach;HYDROPONIC;4,738
8255,8;728,2;1355,0;21,73;74,14;17,82;5,66;Bok Choy;HYDROPONIC;5,003
11044,5;810,8;1221,8;18,53;62,66;14,72;5,83;Bok Choy;AQUAPONIC;4,549
18306,5;1106,8;1105,9;28,18;56,15;25,04;5,95;Chinese Cabbage;AQUAPONIC;3,852
17627,0;618,9;1174,6;22,71;71,48;17,59;6,14;Kale;AQUAPONIC;5,841
9377,5;1029,3;1104,6;22,74;51,77;17,8;5,89;Chinese Cabbage;SOIL_BASED;3,02
11629,1;840,7;1814,0;25,58;73,85;22,8;5,65;Spinach;SOIL_BASED;3,068
9291,9;791,5;960,6;21,47;56,15;17,65;6,2;Spinach;SOIL_BASED;3,317
16727,9;738,7;1078,4;22,9;59,76;18,91;6,11;Spinach;SOIL_BASED;3,595
10218,9;720,1;1279,9;21,39;44,18;16,13;5,43;Spinach;AEROPONIC;4,358
16077,7;534,6;995,0;18,59;69,11;15,71;5,59;Spinach;HYDROPONIC;4,648
13776,4;804,5;1292,0;23,64;70,37;19,1;6,11;Lettuce;AQUAPONIC;4,932
14828,5;909,0;854,1;26,37;68,24;22,98;6,72;Bok Choy;HYDROPONIC;4,958
8628,2;758,9;1312,2;23,72;53,36;18,76;5,63;Spinach;AQUAPONIC;4,599
17623,5;715,5;1164,5;26,08;80,19;21,61;5,19;Kale;HYDROPONIC;5,659
19912,7;671,8;1086,2;20,43;66,62;16,94;6,1;Kale;AEROPONIC;6,251
19681,1;790,5;1204,1;21,39;63,56;17,53;6,85;Kale;SOIL_BASED;4,575
14724,3;863,7;1139,4;19,88;74,83;15,69;5,78;Kale;HYDROPONIC;6,249
7329,1;928,9;1175,3;24,53;64,26;21,47;6,03;Lettuce;AQUAPONIC;5,489
13231,7;507,9;1479,3;22,61;71,75;17,59;6,55;Kale;HYDROPONIC;6,047
15439,6;711,2;1747,7;22,51;61,37;19,07;6,92;Spinach;AEROPONIC;5,04
14969,7;885,0;576,8;25,37;74,94;21,2;5,32;Chinese Cabbage;AEROPONIC;4,56
9090,8;609,3;1219,6;22,18;74,72;18,39;6,09;Kale;HYDROPONIC;6,034
16989,5;753,8;946,5;26,52;64,15;23,05;6,28;Lettuce;SOIL_BASED;3,848
17198,8;890,0;1191,3;24,16;69,29;20,35;5,64;Lettuce;AQUAPONIC;5,319
17207,9;767,0;1384,7;22,47;67,79;17,74;6,37;Kale;AEROPONIC;6,516
11990,3;789,4;1900,7;19,16;66,94;15,72;6,9;Chinese Cabbage;AEROPONIC;4,139
9428,4;613,6;1196,2;25,36;57,9;21,57;6,22;Kale;HYDROPONIC;6,009
12789,2;702,0;1313,8;24,29;59,1;18,79;6,15;Lettuce;AEROPONIC;5,736
18626,7;822,9;1042,4;24,43;64,73;20,86;5,51;Bok Choy;AEROPONIC;5,222
11110,9;892,1;1028,8;24,52;68,59;20,27;5,62;Spinach;AQUAPONIC;4,257
11461,4;727,5;1016,4;22,02;60,49;17,29;6,44;Lettuce;SOIL_BASED;4,156
10787,4;950,8;1093,4;23,08;68,12;18,8;6,61;Kale;AQUAPONIC;5,662
13029,8;783,6;1156,6;22,22;48,54;19,55;6,04;Spinach;SOIL_BASED;3,207
15952,2;778,5;1649,6;27,0;68,02;22,5;5,54;Kale;AQUAPONIC;5,361
16870,1;984,6;1190,0;22,73;68,66;19,16;6,18;Kale;HYDROPONIC;5,931
10083,2;480,9;1424,3;21,77;74,96;17,24;6,36;Bok Choy;AEROPONIC;5,418
18042,0;423,0;1356,5;27,19;80,09;23,12;5,74;Spinach;SOIL_BASED;3,66
18534,9;907,8;1527,6;26,89;73,82;22,94;5,53;Spinach;HYDROPONIC;4,38
13499,9;740,7;785,5;24,16;83,28;18,27;6,2;Bok Choy;AEROPONIC;5,091
9646,8;846,5;1369,2;23,14;67,75;19,14;5,92;Lettuce;AEROPONIC;5,836
18898,8;782,9;1339,7;22,44;68,39;18,37;6,24;Kale;AEROPONIC;6,141
15812,8;848,4;1254,0;23,38;74,86;18,94;6,18;Chinese Cabbage;AQUAPONIC;4,143
21163,1;879,8;1559,8;21,05;67,09;17,9;6,52;Kale;HYDROPONIC;5,963
9462,7;932,8;1248,6;24,85;65,19;20,87;6,28;Kale;HYDROPONIC;6,253
15519,2;842,1;1508,5;28,13;79,68;23,92;5,71;Lettuce;AEROPONIC;5,762
19636,7;946,1;1324,2;25,08;74,15;20,7;6,13;Kale;SOIL_BASED;4,245
16127,6;703,7;1344,3;20,41;73,61;16,55;5,95;Bok Choy;HYDROPONIC;4,947
6852,3;842,9;1362,2;24,77;60,65;21,53;6,05;Bok Choy;AQUAPONIC;4,435
7191,4;576,6;1228,2;24,04;76,02;19,36;6,74;Spinach;SOIL_BASED;3,76
20791,3;680,4;1686,6;24,75;68,7;19,8;5,96;Chinese Cabbage;SOIL_BASED;3,226
12345,7;881,1;1559,7;21,21;59,59;17,65;5,94;Kale;SOIL_BASED;4,514
16170,7;892,5;1264,5;23,51;73,92;18,38;5,99;Kale;SOIL_BASED;4,176
9949,0;753,4;1324,5;25,97;57,81;21,84;5,69;Lettuce;HYDROPONIC;5,504
12508,6;953,3;1405,1;20,5;47,53;17,06;5,89;Bok Choy;AEROPONIC;4,875
17839,2;541,7;1490,6;22,24;52,66;18,07;5,76;Chinese Cabbage;SOIL_BASED;2,898
15489,1;927,6;1699,3;22,69;65,89;19,49;6,01;Spinach;AQUAPONIC;4,304
12924,7;754,1;1515,8;26,3;81,1;21,61;6,0;Bok Choy;AQUAPONIC;4,468
17294,4;507,4;1234,6;26,71;70,66;22,27;5,1;Spinach;AEROPONIC;4,73
14304,1;633,1;1067,4;18,14;67,13;14,79;6,43;Lettuce;HYDROPONIC;5,539
18004,4;710,3;1538,0;26,29;79,21;23,07;6,44;Lettuce;AEROPONIC;5,885
12996,5;629,0;1355,1;26,8;72,34;24,35;5,85;Kale;SOIL_BASED;4,544
15531,0;636,4;1024,5;26,62;76,7;22,74;6,22;Chinese Cabbage;HYDROPONIC;4,184
21496,4;855,1;1501,9;22,02;76,26;18,29;6,02;Spinach;HYDROPONIC;4,742
15052,1;698,2;1674,3;22,86;65,33;18,89;6,53;Bok Choy;SOIL_BASED;3,443
16925,7;460,6;1281,8;19,11;66,03;15,47;6,58;Lettuce;AQUAPONIC;4,858
8384,8;821,5;1687,3;17,63;60,92;12,61;7,12;Kale;SOIL_BASED;4,178
15013,4;688,9;1479,2;22,49;75,06;18,86;5,93;Kale;AEROPONIC;6,102
15216,7;977,6;978,8;23,71;57,57;18,5;5,84;Spinach;SOIL_BASED;3,069
10258,1;670,5;1389,9;23,99;60,47;20,19;6,34;Lettuce;AQUAPONIC;5,256
13552,4;527,2;819,5;25,8;67,4;22,17;5,6;Chinese Cabbage;SOIL_BASED;3,085
13484,1;742,2;1372,0;32,07;68,93;28,22;6,42;Lettuce;AEROPONIC;5,582
10614,0;624,1;1013,6;22,39;72,99;18,48;6,5;Spinach;AEROPONIC;5,007
12722,8;636,9;1330,0;20,54;67,65;14,57;6,5;Spinach;AQUAPONIC;4,72
21895,2;734,4;1456,2;25,03;64,91;22,22;5,58;Lettuce;AEROPONIC;5,876
14578,0;756,5;1127,1;24,12;74,15;18,95;6,0;Spinach;AEROPONIC;4,903
15593,1;734,2;1719,5;21,89;75,77;17,34;6,21;Lettuce;SOIL_BASED;4,009
21099,8;747,3;1040,4;26,05;53,55;22,01;6,43;Bok Choy;HYDROPONIC;4,906
5788,6;866,8;723,9;21,23;77,09;18,05;5,85;Lettuce;AEROPONIC;5,481
22039,1;750,0;1272,5;23,14;65,22;17,85;5,91;Lettuce;AEROPONIC;5,587
17110,0;814,7;1635,0;23,3;81,58;20,21;5,82;Spinach;AQUAPONIC;4,345
10189,5;897,7;1274,5;20,85;62,47;16,39;6,31;Spinach;AQUAPONIC;4,303
10159,0;693,4;1125,8;18,71;59,55;15,27;6,0;Kale;SOIL_BASED;4,298
17291,5;779,5;851,3;24,11;73,51;19,02;6,03;Kale;SOIL_BASED;4,162
17214,5;792,8;1131,4;27,33;86,11;23,79;6,36;Bok Choy;AEROPONIC;5,278
16020,8;577,1;983,0;26,19;54,21;21,64;6,61;Kale;HYDROPONIC;5,488
11183,6;467,0;1343,4;26,38;75,13;22,47;5,63;Lettuce;HYDROPONIC;5,623
15321,2;786,4;1365,4;21,26;72,76;17,77;5,99;Spinach;SOIL_BASED;3,335
12244,2;627,7;1033,3;24,1;67,72;21,1;6,87;Kale;AQUAPONIC;5,321
13543,1;1013,9;1195,2;19,51;85,62;14,55;6,39;Kale;AEROPONIC;6,572
11048,1;882,2;1656,0;23,97;51,74;19,37;5,79;Bok Choy;AEROPONIC;4,939
12127,7;631,2;1169,3;27,39;77,46;23,75;5,67;Bok Choy;HYDROPONIC;4,903
7136,1;519,1;1162,7;27,48;76,27;23,59;5,87;Lettuce;SOIL_BASED;4,186
19761,6;599,6;1328,5;29,19;78,18;26,05;5,65;Spinach;HYDROPONIC;4,758
11547,0;795,0;913,4;26,27;77,1;22,79;6,07;Bok Choy;HYDROPONIC;5,146
19301,4;736,1;1527,0;24,83;70,0;20,58;5,48;Kale;SOIL_BASED;4,281
12908,5;882,2;1172,6;25,95;65,41;22,65;6,05;Spinach;AQUAPONIC;4,596
12418,4;625,6;978,9;25,41;62,81;21,24;6,2;Spinach;AEROPONIC;4,736
7195,6;848,8;1419,7;21,24;73,0;16,5;5,42;Kale;AQUAPONIC;5,512
21169,0;827,1;1153,2;19,26;67,95;14,92;5,64;Bok Choy;SOIL_BASED;3,613
18172,9;962,6;1052,3;25,97;66,21;22,87;7,04;Kale;SOIL_BASED;4,404
11187,2;806,7;1298,9;29,36;63,29;25,18;6,27;Spinach;AEROPONIC;4,596
17720,0;653,7;1553,5;26,09;64,54;20,57;6,28;Chinese Cabbage;AQUAPONIC;3,98
18247,6;971,7;1173,2;18,21;74,6;12,85;5,91;Chinese Cabbage;AEROPONIC;4,54
15213,1;740,8;1029,1;22,05;68,16;18,09;6,11;Lettuce;HYDROPONIC;5,499
15107,4;720,2;696,1;22,95;78,28;19,14;6,51;Kale;HYDROPONIC;5,759
14455,6;797,5;903,0;18,3;56,5;13,47;5,67;Kale;HYDROPONIC;5,778
11759,9;954,9;1154,6;19,64;73,27;15,79;5,78;Lettuce;AQUAPONIC;5,074
13093,4;933,6;940,1;23,4;59,43;20,39;6,04;Lettuce;HYDROPONIC;5,771
11116,6;863,1;1098,3;24,23;78,28;19,64;5,79;Lettuce;AEROPONIC;5,867
18118,2;908,6;1781,3;20,74;78,51;17,2;5,76;Spinach;AQUAPONIC;4,398
20308,5;840,3;1600,1;19,52;56,01;15,67;7,04;Kale;AEROPONIC;6,116
15769,3;645,9;1067,3;26,84;61,49;22,63;6,47;Spinach;SOIL_BASED;3,484
12666,0;917,2;1315,9;22,43;61,86;18,72;6,12;Lettuce;AQUAPONIC;5,481
12939,9;422,2;999,1;22,83;78,73;18,06;6,32;Kale;AEROPONIC;6,294
15741,0;776,4;1686,1;21,97;62,95;17,21;5,5;Spinach;AEROPONIC;4,756
16456,2;786,7;1298,5;21,34;73,87;16,57;6,24;Spinach;AQUAPONIC;4,161
15008,2;1094,4;1553,1;27,15;62,38;21,92;5,71;Lettuce;SOIL_BASED;3,817
11980,8;638,7;1075,5;21,04;77,14;16,9;6,25;Kale;AQUAPONIC;5,282
18601,8;924,7;1696,3;24,0;77,98;20,41;5,7;Lettuce;HYDROPONIC;5,526
14940,6;811,2;1165,6;23,52;82,19;20,1;6,28;Kale;HYDROPONIC;6,109
16113,9;730,3;820,9;18,05;66,54;14,69;6,29;Chinese Cabbage;SOIL_BASED;2,965
7132,5;508,3;1234,9;24,17;68,02;21,15;6,07;Bok Choy;AEROPONIC;5,386
13737,6;810,8;1101,4;19,18;66,82;15,82;6,08;Bok Choy;AEROPONIC;4,851
16986,5;813,0;1541,3;25,28;68,22;20,66;6,49;Bok Choy;AEROPONIC;5,138
10176,2;743,1;1118,7;20,18;64,38;16,1;6,19;Lettuce;AQUAPONIC;5,143
8385,7;1018,4;1419,8;24,96;76,98;20,2;6,21;Chinese Cabbage;AQUAPONIC;4,001
18460,2;945,0;1102,6;22,3;61,53;19,22;6,06;Kale;SOIL_BASED;4,489
14940,4;755,1;1060,1;21,61;66,77;17,82;5,62;Spinach;HYDROPONIC;4,839
15202,8;940,6;1280,2;24,09;69,64;17,61;6,6;Kale;AEROPONIC;6,313
15907,3;969,0;1418,3;19,38;72,17;14,09;6,26;Spinach;HYDROPONIC;4,564
15405,6;684,9;874,3;23,31;57,88;17,21;5,86;Kale;AQUAPONIC;5,544
4080,3;630,9;1520,0;25,69;65,91;19,99;6,06;Chinese Cabbage;AQUAPONIC;3,845
13076,8;604,3;1523,6;26,42;68,19;22,28;6,12;Spinach;AQUAPONIC;4,207
13998,8;927,1;1200,8;22,2;74,82;17,8;5,49;Lettuce;HYDROPONIC;5,708
15065,3;730,9;1230,5;22,61;66,18;18,33;6,37;Kale;SOIL_BASED;4,31
14592,4;675,7;591,4;19,32;67,13;15,57;6,8;Kale;SOIL_BASED;4,018
12994,5;919,6;1748,7;21,4;69,17;15,92;6,33;Spinach;AQUAPONIC;4,33
17583,6;734,6;1196,4;19,13;76,92;14,05;5,6;Lettuce;AEROPONIC;5,678
13503,0;629,1;1561,8;24,73;50,56;19,54;5,61;Lettuce;HYDROPONIC;5,401
15146,6;997,1;1122,7;25,86;68,9;22,63;5,81;Chinese Cabbage;AQUAPONIC;4,055
20084,8;933,4;1280,8;22,23;77,94;18,62;6,59;Lettuce;HYDROPONIC;5,802
9465,5;687,5;1416,0;20,54;60,97;16,13;6,53;Lettuce;HYDROPONIC;5,621
6566,2;669,4;1160,7;24,36;61,6;21,12;5,47;Lettuce;SOIL_BASED;4,042
15700,0;754,5;873,0;21,07;78,41;16,89;6,02;Bok Choy;AQUAPONIC;4,558
16554,9;875,5;1247,3;25,38;65,03;22,24;5,89;Chinese Cabbage;SOIL_BASED;3,294
22120,8;945,1;912,3;28,92;65,28;25,73;5,95;Kale;AQUAPONIC;5,606
14612,6;623,2;1055,7;21,02;70,36;15,54;5,33;Spinach;HYDROPONIC;4,714
13883,5;544,1;1116,2;21,42;42,64;15,24;6,1;Kale;SOIL_BASED;3,924
12658,1;750,1;1300,5;19,41;52,54;14,46;5,77;Chinese Cabbage;HYDROPONIC;3,819
18297,6;623,9;1112,8;23,91;72,93;20,2;5,96;Spinach;AQUAPONIC;4,424
16281,8;740,2;963,0;23,72;65,92;19,61;6,15;Chinese Cabbage;AEROPONIC;4,497
17372,5;692,6;1328,8;22,74;66,64;18,14;6,35;Lettuce;SOIL_BASED;4,127
15468,3;543,7;1449,6;23,55;62,41;18,75;5,37;Spinach;SOIL_BASED;3,091
17500,1;1026,1;919,5;20,58;65,66;16,38;5,57;Lettuce;HYDROPONIC;5,73
19415,3;798,3;1285,0;18,84;78,13;13,98;6,22;Kale;HYDROPONIC;5,754
16585,5;906,5;1475,6;21,37;69,12;17,02;6,01;Kale;AEROPONIC;6,29
12611,1;461,6;1306,4;18,14;77,01;14,65;5,66;Spinach;SOIL_BASED;3,677
11118,9;672,9;965,3;21,02;66,69;16,46;5,95;Spinach;AQUAPONIC;4,119
15043,7;681,7;1342,3;24,37;68,16;19,24;6,19;Chinese Cabbage;AQUAPONIC;4,193
19797,1;924,8;1279,9;23,67;70,77;19,17;6,27;Chinese Cabbage;SOIL_BASED;3,142
15221,8;1027,1;1319,5;18,53;72,48;15,02;5,66;Lettuce;SOIL_BASED;4,082
8690,9;607,7;1289,8;26,44;60,8;22,14;6,03;Spinach;SOIL_BASED;3,517
20721,1;803,4;755,2;22,96;67,78;19,27;5,88;Kale;AEROPONIC;6,001
16114,6;967,0;1234,9;19,86;62,26;16,47;6,79;Chinese Cabbage;AQUAPONIC;4,021
14183,9;680,9;1527,1;22,48;80,83;19,09;5,69;Chinese Cabbage;AQUAPONIC;3,98
13913,1;667,8;1653,6;21,87;53,34;18,31;5,85;Kale;HYDROPONIC;5,803
6432,9;855,0;1538,5;21,07;72,98;16,63;5,99;Chinese Cabbage;HYDROPONIC;4,319
11599,7;548,0;1286,7;25,78;61,43;20,43;6,03;Lettuce;SOIL_BASED;4,021
11543,3;483,8;1459,9;20,4;58,35;15,43;5,68;Spinach;HYDROPONIC;4,434
16687,2;350,0;1421,2;24,02;65,43;19,48;6,36;Kale;AEROPONIC;6,365
13759,7;879,5;1219,7;19,74;78,97;14,85;6,14;Spinach;AQUAPONIC;4,141
18317,3;978,4;1578,8;23,4;62,54;18,16;6,79;Chinese Cabbage;AQUAPONIC;4,082
6946,9;781,1;1111,9;24,24;52,66;19,03;6,29;Chinese Cabbage;HYDROPONIC;3,91
22405,7;926,6;1252,0;24,25;59,97;20,1;6,18;Kale;SOIL_BASED;4,462
18850,1;468,5;1514,6;23,73;69,05;19,97;5,67;Lettuce;HYDROPONIC;5,293
16000,9;866,6;1041,6;22,83;54,26;17,06;6,08;Bok Choy;SOIL_BASED;3,755
13287,2;800,9;932,7;20,52;74,13;15,83;6,35;Kale;AEROPONIC;6,028
17260,6;654,0;1027,7;20,55;54,56;15,55;6,17;Bok Choy;AQUAPONIC;4,605
14810,3;832,8;1395,5;24,34;63,9;21,08;6,43;Bok Choy;AEROPONIC;5,297
13805,2;1040,0;1860,7;19,97;74,96;14,53;6,27;Lettuce;AQUAPONIC;4,961
17115,3;912,4;1591,4;19,33;63,73;15,72;6,39;Bok Choy;AEROPONIC;5,307
17538,9;691,9;1483,5;27,5;56,58;23,76;5,74;Bok Choy;HYDROPONIC;4,649
15742,7;692,5;1687,2;22,77;67,23;19,32;6,18;Lettuce;AEROPONIC;5,674
12826,9;841,0;1355,2;25,28;63,81;21,13;5,85;Bok Choy;AEROPONIC;4,789
14077,2;866,3;1119,4;25,95;78,3;21,68;5,96;Bok Choy;HYDROPONIC;4,758
9787,3;664,8;1264,0;23,64;74,99;19,59;5,28;Bok Choy;AQUAPONIC;4,655
9591,4;1038,9;1210,4;22,45;72,3;18,22;6,73;Kale;AQUAPONIC;5,508
12393,5;771,7;1029,6;22,49;68,18;19,17;5,46;Kale;HYDROPONIC;6,004
17894,2;945,1;1225,8;28,0;66,14;23,28;5,89;Kale;AEROPONIC;6,147
14912,0;731,0;874,4;21,94;66,1;16,17;5,99;Lettuce;AEROPONIC;5,844
17837,1;1097,5;1196,1;23,99;53,47;20,38;6,58;Chinese Cabbage;AEROPONIC;4,434
19020,3;832,7;1254,6;25,4;68,03;21,86;5,73;Bok Choy;SOIL_BASED;3,698
15768,5;513,4;1235,0;24,2;61,26;20,16;5,76;Bok Choy;AQUAPONIC;4,313
10871,5;655,5;1717,6;26,54;67,27;22,54;6,44;Lettuce;AEROPONIC;5,591
17344,0;848,0;1332,1;22,42;68,44;19,17;5,9;Bok Choy;AQUAPONIC;4,462
10529,3;1001,0;1738,8;25,39;63,87;22,37;5,6;Kale;AEROPONIC;6,166
12627,5;804,6;923,2;18,48;75,93;13,31;5,84;Chinese Cabbage;HYDROPONIC;4,361
19244,8;603,1;1507,9;27,27;58,86;24,53;6,46;Spinach;HYDROPONIC;4,574
14482,2;767,4;1335,6;26,64;63,8;22,44;6,3;Bok Choy;AQUAPONIC;4,405
16114,1;835,5;1254,7;22,65;65,21;19,35;6,3;Kale;AQUAPONIC;5,423
7356,6;897,9;935,3;24,73;77,82;19,52;6,43;Spinach;HYDROPONIC;4,71
13389,6;988,2;1368,5;25,99;68,26;22,89;6,35;Chinese Cabbage;SOIL_BASED;3,197
15487,3;962,0;1871,3;20,59;67,85;17,07;6,08;Spinach;HYDROPONIC;4,923
14833,7;772,8;1394,6;23,1;75,4;19,96;6,51;Kale;AEROPONIC;6,4
17258,4;542,2;1268,0;19,84;63,56;16,27;5,86;Spinach;SOIL_BASED;3,156
12282,5;917,1;1318,7;26,69;75,44;23,38;6,35;Lettuce;HYDROPONIC;5,427
18515,4;708,4;1433,3;25,8;71,38;21,18;5,64;Spinach;SOIL_BASED;3,38
12881,5;1013,5;1686,3;22,71;78,52;18,15;6,3;Bok Choy;SOIL_BASED;3,825
14579,7;875,4;1183,9;22,39;64,78;15,86;6,4;Bok Choy;SOIL_BASED;3,655
11043,2;748,8;1328,1;23,08;65,5;20,51;5,99;Lettuce;AQUAPONIC;5,355
16437,7;1087,0;1281,3;20,99;69,21;16,18;6,8;Kale;HYDROPONIC;6,105
11844,5;847,1;1161,5;23,01;67,48;19,13;5,99;Bok Choy;AQUAPONIC;4,595
15421,3;957,4;1331,0;20,59;74,53;15,82;6,34;Chinese Cabbage;AQUAPONIC;3,848
17351,7;672,2;1678,0;26,02;66,16;22,02;6,73;Bok Choy;AEROPONIC;5,341
17731,6;639,3;1110,5;26,68;58,99;21,68;6,62;Bok Choy;AEROPONIC;4,773
23663,8;464,3;1375,8;26,15;79,51;20,36;6,43;Kale;SOIL_BASED;4,27
14525,1;912,4;1384,7;20,16;84,28;16,58;5,79;Spinach;SOIL_BASED;3,228
13418,2;735,5;1277,4;22,92;54,68;19,55;5,96;Bok Choy;AEROPONIC;4,931
12301,0;1117,4;1391,9;25,14;72,08;21,88;5,61;Lettuce;AEROPONIC;5,897
16651,0;823,8;1380,6;25,65;74,35;22,66;6,01;Spinach;HYDROPONIC;4,767
14052,9;825,0;1042,3;18,35;70,07;14,69;6,42;Chinese Cabbage;SOIL_BASED;3,044
11545,0;980,0;1264,4;25,57;81,38;21,81;6,23;Kale;SOIL_BASED;4,452
11431,9;751,2;1276,0;20,02;56,59;15,72;5,65;Chinese Cabbage;AEROPONIC;4,629
18896,8;709,5;1007,3;23,07;63,21;19,25;6,78;Spinach;HYDROPONIC;4,982
17585,3;608,3;1295,3;27,02;68,91;23,29;6,08;Spinach;AEROPONIC;4,539
19130,7;789,0;1272,8;26,64;75,82;22,31;5,98;Spinach;AEROPONIC;5,153
9508,1;835,7;1806,1;27,21;78,26;23,19;6,06;Chinese Cabbage;AQUAPONIC;4,03
13248,2;704,5;1065,6;20,51;57,75;15,37;6,55;Spinach;SOIL_BASED;3,411
11298,3;984,5;1540,1;21,21;52,9;16,08;5,85;Chinese Cabbage;HYDROPONIC;3,943
14968,7;496,5;1403,1;21,92;74,63;18,2;6,32;Spinach;AQUAPONIC;4,539
11733,4;894,3;1548,6;23,09;68,99;19,93;6,43;Lettuce;SOIL_BASED;4,219
19389,2;627,5;1071,7;24,11;69,4;20,13;6,74;Spinach;AEROPONIC;5,096
13250,3;898,3;790,5;27,08;74,83;23,1;5,55;Chinese Cabbage;HYDROPONIC;4,375
20997,5;799,9;1252,1;20,9;61,12;15,05;5,94;Bok Choy;SOIL_BASED;3,532
17517,4;801,7;1480,4;21,74;65,96;17,58;5,87;Spinach;AEROPONIC;5,128
17666,0;861,8;1196,4;27,49;72,45;23,51;6,03;Bok Choy;AQUAPONIC;4,683
20547,3;894,6;1241,7;20,25;59,92;17,65;6,06;Lettuce;HYDROPONIC;5,562
14742,5;738,8;1793,6;25,54;63,39;20,81;6,06;Kale;SOIL_BASED;4,233
17450,6;833,3;1090,8;23,25;68,89;19,25;6,36;Lettuce;AQUAPONIC;5,108
15600,9;884,5;1520,6;24,59;72,45;19,67;5,98;Spinach;AEROPONIC;5,235
11740,1;1007,2;1025,0;21,23;55,71;15,86;6,26;Bok Choy;AEROPONIC;5,242
12289,1;855,3;1579,0;25,48;73,67;22,02;6,36;Bok Choy;SOIL_BASED;3,556
13794,0;725,8;1261,8;21,67;71,71;16,73;6,33;Chinese Cabbage;AEROPONIC;4,525
16073,6;1052,8;1407,0;19,53;60,84;14,79;6,15;Bok Choy;HYDROPONIC;4,872
17132,8;969,4;1112,9;24,84;87,12;21,02;6,4;Chinese Cabbage;SOIL_BASED;3,003
16466,6;924,5;1304,5;16,49;59,92;13,14;5,77;Kale;AQUAPONIC;5,184
16524,4;822,0;1323,9;21,91;74,24;18,54;5,88;Spinach;SOIL_BASED;3,294
13529,9;773,3;912,5;24,32;70,36;20,51;5,91;Chinese Cabbage;SOIL_BASED;3,047
6738,0;556,6;1151,7;25,62;64,48;21,36;6,29;Kale;AQUAPONIC;5,484
17171,7;955,2;1349,5;26,93;68,77;21,84;6,24;Bok Choy;AEROPONIC;5,258
11708,3;350,0;1084,0;28,48;72,54;23,3;6,5;Bok Choy;AQUAPONIC;4,353
22044,7;811,4;1325,6;27,62;92,26;23,65;5,81;Kale;HYDROPONIC;5,622
15705,2;738,7;1231,9;24,04;55,69;21,0;6,83;Bok Choy;AEROPONIC;4,957
19323,3;857,3;1434,5;26,65;44,96;23,14;6,12;Kale;SOIL_BASED;3,885
10640,5;743,0;1236,2;23,99;59,41;20,0;5,9;Chinese Cabbage;AEROPONIC;4,472
18452,2;801,8;1899,0;25,42;67,74;21,68;6,5;Chinese Cabbage;AEROPONIC;4,679
17004,6;704,6;768,0;21,82;73,66;16,52;6,35;Kale;HYDROPONIC;5,504
15820,3;799,0;1073,8;24,79;68,82;21,04;6,07;Chinese Cabbage;AEROPONIC;4,588
10821,4;667,9;1456,3;22,17;66,71;19,56;5,96;Chinese Cabbage;AEROPONIC;4,401
12034,9;774,1;1328,3;23,01;81,06;17,97;5,96;Chinese Cabbage;AEROPONIC;4,523
16792,2;660,2;1393,4;24,8;61,28;20,07;6,18;Lettuce;SOIL_BASED;3,932
12036,0;1037,6;446,2;29,36;82,13;25,92;6,11;Spinach;AEROPONIC;4,726
11597,2;550,9;1232,7;24,61;73,27;20,49;5,58;Bok Choy;AQUAPONIC;4,633
12730,8;644,1;1281,6;23,47;80,75;19,96;5,98;Lettuce;AEROPONIC;5,634
16258,7;725,7;1438,2;21,17;59,99;15,51;6,37;Chinese Cabbage;HYDROPONIC;4,543
19475,0;709,4;1372,4;26,01;65,01;23,18;5,88;Kale;AEROPONIC;6,067
15949,1;900,4;1283,4;22,56;55,58;19,16;5,77;Chinese Cabbage;AEROPONIC;4,46
18768,7;780,2;1253,5;24,55;70,55;20,72;6,34;Spinach;SOIL_BASED;3,445
14006,8;669,6;952,5;25,47;70,73;20,89;6,74;Chinese Cabbage;AQUAPONIC;4,137
21635,3;726,4;1369,7;27,04;85,07;21,99;6,31;Kale;AEROPONIC;6,085
19158,3;872,3;1248,0;25,86;68,69;20,91;5,5;Spinach;AQUAPONIC;4,681
17630,7;460,7;1167,7;20,07;55,1;15,45;6,07;Chinese Cabbage;HYDROPONIC;4,406
16099,7;618,6;1276,6;18,69;76,03;15,96;6,48;Spinach;SOIL_BASED;3,23
15888,3;730,7;1186,5;25,46;60,24;21,83;5,71;Bok Choy;AQUAPONIC;4,986
9282,8;811,6;903,7;23,74;57,21;19,21;6,6;Bok Choy;SOIL_BASED;3,523
9117,2;774,1;1450,8;24,6;73,97;19,97;6,37;Chinese Cabbage;AEROPONIC;4,453
16787,7;814,2;1766,7;28,32;61,47;24,76;6,25;Spinach;HYDROPONIC;4,585
14754,3;760,7;1352,1;21,77;62,91;18,03;5,34;Kale;SOIL_BASED;4,267
16467,2;884,0;1356,8;27,12;79,92;23,17;6,54;Chinese Cabbage;AEROPONIC;4,761
10545,6;737,3;1669,9;21,8;72,37;16,49;6,11;Bok Choy;AQUAPONIC;4,7
19831,0;672,1;1774,8;27,88;73,07;23,61;5,81;Bok Choy;HYDROPONIC;4,995
13793,3;601,1;1234,3;25,6;56,3;22,27;5,88;Chinese Cabbage;HYDROPONIC;4,309
15830,6;734,8;1092,2;19,28;74,0;15,78;5,79;Spinach;AQUAPONIC;4,344
12739,0;759,3;1393,5;22,33;65,64;18,22;6,25;Bok Choy;AQUAPONIC;4,808
15642,9;729,7;1321,0;28,86;64,23;25,83;6,14;Spinach;HYDROPONIC;4,41
22840,6;540,1;1531,2;28,51;71,47;25,16;5,93;Bok Choy;SOIL_BASED;3,589
18551,5;818,5;1281,0;25,19;68,07;20,82;6,35;Bok Choy;HYDROPONIC;5,035
12508,7;776,6;1300,0;24,49;55,56;20,18;6,13;Lettuce;AQUAPONIC;5,095
10978,4;864,7;1030,3;24,17;76,09;18,84;5,98;Bok Choy;SOIL_BASED;4,064
15741,8;745,3;1545,5;24,72;76,9;21,32;5,23;Kale;AEROPONIC;6,147
13343,6;631,9;1114,8;23,11;63,01;18,77;6,84;Chinese Cabbage;HYDROPONIC;4,242
12129,5;763,2;969,7;26,89;73,18;21,49;7,05;Chinese Cabbage;AQUAPONIC;4,176
21456,3;1051,0;590,3;25,12;75,76;20,09;5,84;Spinach;AEROPONIC;5,092
7576,1;675,2;1253,7;20,8;52,12;15,29;5,66;Bok Choy;HYDROPONIC;4,948
16985,3;735,1;1095,3;25,33;63,62;22,4;5,96;Kale;HYDROPONIC;6,013
21300,0;647,3;1219,2;23,96;49,49;19,23;6,06;Spinach;SOIL_BASED;3,679
10440,7;766,7;1152,9;22,63;73,39;19,44;6,08;Lettuce;AQUAPONIC;5,318
13040,7;653,8;1185,0;28,82;71,8;22,66;6,35;Spinach;AEROPONIC;4,681
13349,3;737,5;1065,9;23,79;62,43;18,81;5,82;Spinach;HYDROPONIC;4,688
20133,6;940,1;1085,5;18,02;66,72;13,19;6,29;Bok Choy;SOIL_BASED;3,644
14397,1;883,5;1033,2;22,82;64,87;19,17;5,75;Lettuce;AEROPONIC;5,461
21669,9;759,7;1228,9;26,28;50,66;21,8;5,83;Spinach;AEROPONIC;5,26
17481,4;767,7;982,3;20,91;79,05;16,33;6,79;Kale;HYDROPONIC;5,862
13267,1;892,5;1607,0;26,19;70,17;22,51;7,03;Kale;AEROPONIC;6,058
10550,8;495,7;1277,6;20,71;66,77;16,44;5,89;Chinese Cabbage;HYDROPONIC;4,383
10961,8;705,9;880,8;27,24;66,83;25,1;5,88;Lettuce;SOIL_BASED;3,642
16819,3;984,4;1337,1;21,9;74,02;16,18;6,26;Lettuce;SOIL_BASED;4,216
23492,9;887,2;1046,5;22,51;54,51;17,85;5,22;Chinese Cabbage;AEROPONIC;4,764
12843,1;744,8;1551,7;22,31;60,56;18,49;6,79;Spinach;HYDROPONIC;4,889
12252,9;488,7;1120,6;25,17;69,81;20,34;5,41;Lettuce;AQUAPONIC;5,205
16792,0;502,4;1642,3;28,66;77,48;25,87;5,69;Kale;SOIL_BASED;4,011
13812,7;524,0;1539,9;23,54;47,51;18,52;5,85;Kale;HYDROPONIC;5,572
12874,7;611,6;2226,5;23,47;76,47;19,38;6,62;Bok Choy;HYDROPONIC;4,622
19933,9;644,3;1305,3;21,89;61,98;19,14;6,6;Lettuce;HYDROPONIC;5,635
19850,3;922,1;1459,3;18,94;65,56;14,74;6,07;Spinach;AEROPONIC;4,924
15501,7;568,6;1283,3;22,17;68,29;17,23;6,14;Chinese Cabbage;AQUAPONIC;3,888
12218,9;662,3;1302,1;19,97;58,61;15,16;5,8;Chinese Cabbage;AEROPONIC;4,254
15858,3;856,4;1600,6;18,22;57,46;13,99;6,67;Spinach;SOIL_BASED;2,96
18086,6;791,7;1480,9;23,28;69,76;19,04;5,76;Bok Choy;AEROPONIC;4,966
19214,4;835,7;1256,1;21,98;84,11;18,72;6,08;Chinese Cabbage;HYDROPONIC;4,556
18436,1;766,9;1623,4;27,35;59,96;23,2;5,9;Lettuce;AEROPONIC;5,839
5439,2;942,5;1540,3;21,1;59,89;16,52;6,56;Bok Choy;HYDROPONIC;5,166
16221,5;866,2;1684,7;25,38;57,6;20,07;6,09;Lettuce;AQUAPONIC;4,918
17197,6;615,6;1597,3;25,32;66,08;22,16;5,51;Kale;AEROPONIC;6,297
17738,6;680,4;1188,1;27,24;59,65;23,45;5,72;Bok Choy;AEROPONIC;5,136
15754,8;803,2;1160,3;22,98;59,83;18,43;5,67;Chinese Cabbage;AEROPONIC;4,388
14651,5;783,6;1169,4;27,19;69,79;24,65;5,32;Bok Choy;HYDROPONIC;4,987
13473,8;925,4;1483,0;25,07;55,72;21,23;6,05;Bok Choy;HYDROPONIC;5,232
11722,4;948,2;1629,2;26,69;81,79;21,17;6,48;Bok Choy;AEROPONIC;5,182
12285,3;928,6;1555,2;30,2;58,01;27,06;5,92;Bok Choy;AEROPONIC;4,981
19334,5;760,5;908,7;23,15;77,62;18,51;5,89;Lettuce;AQUAPONIC;5,319
17001,4;934,1;1094,2;23,98;84,77;19,71;5,65;Kale;AQUAPONIC;5,235
17391,0;953,6;1457,6;22,49;78,18;18,21;6,41;Spinach;SOIL_BASED;3,531
12512,3;802,8;1599,5;27,82;77,13;23,23;6,37;Bok Choy;AQUAPONIC;4,406
16370,9;540,1;1360,1;30,79;74,77;27,04;6,06;Chinese Cabbage;AQUAPONIC;3,499
20942,7;629,8;1677,3;25,56;69,82;21,53;6,13;Bok Choy;AQUAPONIC;4,249
14985,7;704,5;788,4;18,99;78,02;14,84;5,44;Chinese Cabbage;HYDROPONIC;4,054
17270,6;715,7;1225,6;21,03;65,79;16,2;6,0;Lettuce;AQUAPONIC;5,114
12731,0;669,6;1648,5;26,75;75,35;22,11;6,15;Chinese Cabbage;AQUAPONIC;3,719
13138,6;722,5;1368,2;20,3;77,42;16,0;6,14;Spinach;AEROPONIC;4,886
15500,3;852,0;1070,7;21,82;72,32;18,22;6,02;Kale;HYDROPONIC;6,07
12066,8;813,4;1485,4;21,72;65,71;18,21;6,16;Chinese Cabbage;SOIL_BASED;3,068
11886,3;704,5;1315,7;23,28;72,15;20,09;6,39;Chinese Cabbage;SOIL_BASED;3,478
13909,0;850,4;1159,9;24,22;64,86;20,6;6,08;Kale;AQUAPONIC;5,674
15214,1;858,0;871,4;18,21;63,38;13,75;5,89;Spinach;SOIL_BASED;3,129
12356,4;843,3;1461,0;19,22;74,7;13,95;6,42;Bok Choy;SOIL_BASED;3,43
15101,5;787,0;997,5;19,29;69,24;14,97;6,63;Chinese Cabbage;SOIL_BASED;3,388
10573,4;824,4;1837,0;19,62;74,59;16,0;6,0;Kale;AQUAPONIC;5,357
15074,7;776,2;816,6;23,54;69,3;19,35;6,24;Lettuce;SOIL_BASED;4,168
7871,3;734,3;1294,3;24,04;72,33;20,33;6,23;Kale;AQUAPONIC;5,747
18285,3;872,6;1475,4;26,34;79,89;21,56;5,81;Lettuce;AEROPONIC;5,656
9062,6;915,0;1015,6;25,05;66,62;21,86;6,34;Spinach;AEROPONIC;4,789
19943,9;663,0;1095,5;21,87;64,57;16,97;5,59;Bok Choy;SOIL_BASED;3,806
15999,6;1117,6;1501,1;24,14;71,65;19,44;5,79;Kale;AEROPONIC;6,407
16567,4;622,8;1032,8;26,45;46,08;22,83;6,03;Chinese Cabbage;AQUAPONIC;3,979
12968,5;770,8;1779,4;22,86;74,03;19,26;6,46;Spinach;AEROPONIC;5,009
16399,3;868,6;1294,5;22,63;60,67;18,78;6,36;Kale;SOIL_BASED;4,305
15157,8;818,7;1170,9;20,85;82,25;16,24;6,08;Chinese Cabbage;AQUAPONIC;3,97
10470,8;638,8;1701,8;21,25;74,71;17,81;6,6;Kale;HYDROPONIC;5,862
17195,8;810,6;1004,8;25,42;75,79;22,37;5,75;Lettuce;AQUAPONIC;5,133
11583,8;998,2;1729,7;23,49;75,99;19,46;6,05;Kale;AEROPONIC;6,464
22689,8;749,9;1024,6;28,98;64,1;24,2;6,41;Kale;HYDROPONIC;5,797
11758,1;573,5;1607,5;21,61;65,79;18,78;5,82;Kale;AQUAPONIC;5,598
8838,0;575,6;1764,7;25,63;53,62;23,44;6,23;Spinach;HYDROPONIC;4,568
20427,5;941,2;1253,0;24,58;80,7;19,83;6,41;Kale;HYDROPONIC;5,855
17227,0;728,9;1252,1;23,25;57,05;18,95;5,5;Chinese Cabbage;HYDROPONIC;4,21
16092,4;775,4;1205,9;22,28;67,87;18,11;5,63;Lettuce;AQUAPONIC;5,317
12565,2;825,4;1076,7;25,18;78,41;21,19;6,05;Lettuce;AEROPONIC;5,993
14725,7;404,7;1302,0;25,02;81,04;20,82;5,25;Kale;AQUAPONIC;5,237
13948,7;930,5;1515,8;24,07;65,87;19,3;5,81;Spinach;AEROPONIC;4,862
17625,0;1042,1;1432,9;24,69;53,5;19,14;6,29;Spinach;AQUAPONIC;4,486
12425,4;720,8;1412,2;23,6;69,96;19,01;6,45;Chinese Cabbage;AQUAPONIC;4,058
12741,9;762,8;1089,3;18,9;70,83;15,35;6,27;Kale;AQUAPONIC;5,376
17027,3;881,9;999,8;23,74;71,6;19,77;5,45;Lettuce;AEROPONIC;5,971
19150,7;711,9;1739,6;22,75;65,4;18,54;5,72;Spinach;AQUAPONIC;4,276
13143,9;938,1;932,9;28,95;66,83;24,47;5,98;Kale;HYDROPONIC;5,77
16760,7;854,6;1240,5;25,27;62,1;20,78;6,17;Spinach;AQUAPONIC;4,026
18138,2;962,5;1475,6;24,06;69,35;19,68;6,29;Spinach;HYDROPONIC;4,556
11285,8;611,1;1675,5;24,8;74,82;19,34;6,32;Lettuce;SOIL_BASED;4,223
13527,3;831,3;1285,6;20,64;70,24;15,95;6,31;Bok Choy;SOIL_BASED;3,792
8498,6;840,1;1351,3;21,79;67,63;18,57;6,46;Chinese Cabbage;AEROPONIC;4,38
21712,2;882,9;1157,1;22,56;77,55;18,38;6,08;Chinese Cabbage;AEROPONIC;4,501
15358,6;761,5;1730,0;24,59;70,18;19,42;5,96;Lettuce;SOIL_BASED;4,058
17689,4;646,6;1636,8;22,28;68,26;18,51;5,93;Spinach;AQUAPONIC;4,468
13114,9;566,1;1019,9;22,1;68,66;18,34;5,74;Kale;AQUAPONIC;5,391
12765,3;701,0;1450,6;20,51;57,71;16,42;6,73;Spinach;AQUAPONIC;4,273
14130,6;687,8;1249,8;23,57;58,73;19,52;6,26;Lettuce;SOIL_BASED;4,208
13884,4;718,8;1361,2;23,96;66,94;20,02;5,83;Chinese Cabbage;HYDROPONIC;4,38
22781,8;752,6;1071,6;24,7;61,73;20,94;5,66;Spinach;AEROPONIC;4,479
15890,4;594,3;771,9;21,55;67,62;16,35;6,18;Chinese Cabbage;HYDROPONIC;4,543
16869,9;630,9;991,8;24,54;75,28;20,09;6,32;Kale;SOIL_BASED;4,435
14574,9;713,3;1135,5;20,59;74,0;17,16;6,31;Chinese Cabbage;HYDROPONIC;4,439
14779,6;838,0;1150,3;22,89;71,34;19,72;6,41;Chinese Cabbage;AQUAPONIC;3,459
16880,7;686,1;670,7;24,34;75,18;20,35;6,15;Bok Choy;AQUAPONIC;4,44
14377,3;837,1;1361,0;22,78;76,76;18,28;6,38;Bok Choy;HYDROPONIC;5,288
19406,9;1031,0;913,6;19,13;76,45;14,72;6,07;Bok Choy;SOIL_BASED;3,525
11616,2;776,0;1269,8;19,46;76,24;14,98;6,27;Chinese Cabbage;HYDROPONIC;4,257
18756,7;1016,4;972,2;24,12;57,81;19,32;5,87;Lettuce;AQUAPONIC;5,088
18590,6;952,5;814,8;25,12;51,93;21,1;5,84;Chinese Cabbage;AQUAPONIC;4,172
21792,7;857,3;1267,1;24,45;61,37;19,12;5,48;Lettuce;SOIL_BASED;4,018
8392,9;710,6;1227,9;25,19;64,12;21,23;6,0;Lettuce;HYDROPONIC;5,822
18278,5;745,4;1304,6;22,71;75,89;19,12;6,0;Bok Choy;AQUAPONIC;4,525
12176,7;911,3;1695,0;25,57;67,18;23,55;5,73;Spinach;AQUAPONIC;4,193
17633,7;789,4;1464,5;24,44;63,92;19,56;6,27;Kale;HYDROPONIC;5,96
17608,8;1058,2;1792,5;21,71;69,39;18,58;6,13;Bok Choy;HYDROPONIC;4,742
11506,4;733,9;1200,2;24,94;72,55;19,67;6,6;Bok Choy;AEROPONIC;5,036
16998,6;762,0;1092,4;24,33;74,59;22,44;6,32;Spinach;SOIL_BASED;3,459
13318,2;1052,9;1399,3;28,18;64,49;23,86;5,73;Kale;SOIL_BASED;4,237
12080,4;634,5;1763,2;27,36;59,87;24,0;6,69;Chinese Cabbage;HYDROPONIC;4,129
7918,8;1079,0;989,1;23,24;61,38;18,66;5,87;Chinese Cabbage;SOIL_BASED;3,137
19437,4;465,0;1644,0;22,33;69,02;18,71;5,77;Bok Choy;AQUAPONIC;4,313
14180,4;656,8;1403,5;27,87;59,06;22,53;6,83;Kale;HYDROPONIC;5,712
10823,4;616,5;1165,3;25,04;76,06;21,81;6,29;Bok Choy;HYDROPONIC;5,052
15609,2;537,6;1670,9;23,01;59,14;18,68;5,91;Lettuce;HYDROPONIC;5,392
14871,7;680,0;968,1;17,93;54,76;13,55;6,49;Bok Choy;AEROPONIC;4,942
11278,7;713,2;1453,6;21,38;69,32;17,71;6,37;Bok Choy;SOIL_BASED;3,461
11345,8;806,6;1231,8;21,19;65,65;16,28;6,61;Chinese Cabbage;AEROPONIC;4,881
18376,7;478,7;1570,5;23,09;72,01;19,9;5,67;Chinese Cabbage;AQUAPONIC;4,051
15240,4;1041,0;1367,1;25,23;63,76;20,74;5,87;Chinese Cabbage;SOIL_BASED;3,222
12235,2;698,7;1565,2;25,66;71,43;20,88;5,95;Lettuce;AEROPONIC;5,7
13166,1;810,4;1292,5;27,7;76,56;24,27;6,47;Chinese Cabbage;HYDROPONIC;4,01
13221,5;690,9;1166,9;26,11;62,7;21,17;5,8;Kale;AEROPONIC;6,206
8629,5;780,6;1259,0;19,86;72,36;15,84;5,41;Spinach;HYDROPONIC;4,708
17796,6;818,5;1327,6;26,38;83,26;22,8;5,24;Kale;AEROPONIC;6,532
13221,9;878,1;1371,6;28,35;74,56;24,17;5,86;Kale;AEROPONIC;5,884
13960,4;525,6;1457,4;28,21;61,26;24,85;6,28;Chinese Cabbage;AEROPONIC;4,472
16466,5;1040,7;1284,3;20,1;70,85;16,1;6,1;Spinach;HYDROPONIC;4,509
18856,2;414,0;1456,7;22,96;56,94;20,37;6,24;Spinach;AEROPONIC;5,063
15205,3;815,7;1856,9;26,19;58,16;21,26;6,27;Spinach;SOIL_BASED;3,49
10683,7;821,5;1091,8;20,26;80,68;15,39;5,8;Lettuce;SOIL_BASED;4,263
13629,0;676,8;1541,2;18,67;71,47;12,64;6,07;Chinese Cabbage;SOIL_BASED;3,043
14259,8;763,2;1103,0;24,38;81,08;20,33;6,42;Spinach;HYDROPONIC;4,672
8092,5;808,1;1034,7;21,61;71,62;16,94;6,2;Lettuce;HYDROPONIC;5,678
16166,2;653,8;1653,2;18,93;63,36;14,83;5,83;Bok Choy;SOIL_BASED;3,601
16802,3;387,1;1045,8;26,94;68,37;22,46;6,05;Bok Choy;SOIL_BASED;3,676
14824,3;710,4;1273,4;23,96;70,28;18,34;5,8;Lettuce;SOIL_BASED;4,077
11574,6;1052,2;1071,9;22,04;86,82;17,13;6,29;Lettuce;AQUAPONIC;4,896
15242,7;626,5;1908,7;20,8;73,98;16,27;6,25;Chinese Cabbage;SOIL_BASED;3,02
18086,6;699,1;1272,6;23,99;61,68;21,24;6,43;Chinese Cabbage;AEROPONIC;4,811
13740,1;708,2;993,8;24,94;66,36;20,43;6,11;Bok Choy;AQUAPONIC;4,77
17289,3;707,7;1054,3;24,41;72,02;21,33;5,37;Spinach;AQUAPONIC;4,474
16013,0;557,4;1831,6;19,25;58,75;14,73;6,48;Bok Choy;HYDROPONIC;5,007
7873,3;899,9;1224,3;24,84;67,85;20,4;6,0;Spinach;AEROPONIC;4,821
12695,0;825,4;1258,8;25,44;66,26;22,04;6,22;Spinach;HYDROPONIC;4,984
16329,7;733,9;1665,9;22,54;72,13;18,74;6,07;Chinese Cabbage;HYDROPONIC;4,102
14965,8;607,3;1611,1;26,41;67,16;21,3;6,11;Kale;AEROPONIC;6,165
17790,4;682,1;1051,6;21,11;56,12;16,01;6,16;Kale;HYDROPONIC;5,934
15328,0;849,9;1073,2;27,11;67,61;21,28;5,39;Lettuce;AEROPONIC;5,47
16775,1;835,2;1136,2;23,87;74,53;20,75;5,97;Chinese Cabbage;AEROPONIC;4,451
13328,8;767,1;1194,9;22,11;80,28;17,39;6,26;Spinach;HYDROPONIC;4,751
15670,1;854,3;1496,4;22,61;76,18;17,74;6,18;Kale;SOIL_BASED;3,932
10922,2;1075,6;1257,4;26,3;54,44;21,15;5,97;Spinach;HYDROPONIC;4,385
17543,9;939,8;1200,4;24,16;56,64;18,95;5,91;Kale;AQUAPONIC;5,425
15450,6;592,2;1281,3;25,31;59,01;20,53;6,02;Kale;HYDROPONIC;5,882
10245,6;1025,1;1133,0;26,51;80,8;21,1;6,05;Kale;AEROPONIC;5,937
13700,3;744,1;1684,5;22,03;72,21;17,7;6,61;Chinese Cabbage;AQUAPONIC;4,119
23257,5;889,2;1098,8;23,86;90,43;20,29;5,88;Bok Choy;AEROPONIC;5,319
13829,2;737,4;1287,0;22,87;78,92;19,96;6,87;Spinach;SOIL_BASED;3,421
13420,1;523,8;1440,5;26,35;68,81;23,36;6,14;Chinese Cabbage;SOIL_BASED;3,086
11841,1;812,9;1455,5;22,43;64,13;17,85;6,5;Chinese Cabbage;AQUAPONIC;3,685
10724,3;975,7;1178,8;23,63;71,18;20,68;6,37;Chinese Cabbage;SOIL_BASED;3,052
11080,0;634,2;1565,1;29,93;75,15;25,73;6,15;Chinese Cabbage;SOIL_BASED;2,629
21562,9;718,1;1837,2;27,1;78,29;23,14;6,17;Chinese Cabbage;HYDROPONIC;3,875
15778,5;1076,7;1748,6;20,6;65,54;16,9;6,43;Lettuce;HYDROPONIC;5,595
9552,1;966,3;635,2;26,03;86,63;21,29;6,66;Spinach;SOIL_BASED;3,277
14568,3;909,6;1258,4;25,43;67,62;21,51;5,84;Chinese Cabbage;SOIL_BASED;3,201
18101,5;878,5;1107,9;20,42;78,06;16,57;5,75;Spinach;HYDROPONIC;4,814
15986,9;822,8;1424,6;23,19;70,86;19,06;6,04;Lettuce;SOIL_BASED;4,305
9686,5;652,1;1553,5;20,85;64,99;16,75;6,0;Lettuce;SOIL_BASED;3,894
16770,1;704,6;981,2;16,8;51,31;12,47;6,33;Spinach;AEROPONIC;4,49
14605,9;971,2;1505,7;23,09;57,47;17,97;6,12;Kale;SOIL_BASED;4,561
15249,6;756,6;1273,1;22,08;78,0;18,07;6,04;Bok Choy;AQUAPONIC;4,668
20979,5;522,2;1211,8;20,42;74,39;15,71;5,7;Kale;AEROPONIC;6,367
14429,6;794,8;1417,4;23,47;73,04;19,72;6,39;Kale;AQUAPONIC;5,5
12049,4;495,3;1242,2;17,56;81,21;14,09;6,35;Kale;SOIL_BASED;4,281
8445,8;677,9;1574,5;23,62;59,68;19,32;5,91;Chinese Cabbage;HYDROPONIC;4,268
12072,1;527,1;1177,6;23,54;63,99;19,46;5,92;Lettuce;AEROPONIC;5,941
11865,9;779,0;1626,7;25,4;64,56;21,76;6,39;Kale;HYDROPONIC;5,863
7827,6;815,9;1274,5;19,01;56,62;14,34;6,18;Lettuce;AEROPONIC;5,864
16850,3;994,6;661,9;29,49;61,21;26,69;5,92;Spinach;HYDROPONIC;4,326
16266,4;863,9;1071,2;28,42;58,88;23,92;6,57;Bok Choy;AEROPONIC;4,996
14417,7;709,3;1252,8;21,33;54,66;17,44;5,63;Spinach;AEROPONIC;4,557
11012,3;647,7;1376,1;27,59;60,38;23,82;6,4;Spinach;AQUAPONIC;3,92
15373,5;845,2;1254,3;25,9;67,44;20,35;7,02;Chinese Cabbage;HYDROPONIC;4,471
16699,7;534,8;1098,7;22,27;83,19;17,18;5,37;Bok Choy;AQUAPONIC;4,424
20684,4;999,7;1743,0;21,8;59,34;17,15;5,64;Spinach;AQUAPONIC;4,361
15718,7;841,8;1645,1;22,01;77,12;18,33;6,74;Spinach;HYDROPONIC;4,523
16113,3;609,9;966,1;31,41;69,88;28,59;6,13;Bok Choy;AEROPONIC;4,851
15088,9;662,0;1061,0;27,31;71,71;21,65;6,18;Bok Choy;AQUAPONIC;4,579
13822,0;703,5;1363,0;22,93;69,23;19,82;6,34;Spinach;HYDROPONIC;4,761
17237,0;766,9;1240,4;23,17;52,25;18,02;5,52;Bok Choy;AEROPONIC;5,032
14317,0;823,6;568,4;25,87;59,06;21,45;6,46;Spinach;AQUAPONIC;4,153
13988,2;740,8;1093,1;25,75;72,88;21,67;5,69;Spinach;AQUAPONIC;4,48
13223,9;827,3;1470,6;20,82;68,39;16,67;6,42;Chinese Cabbage;AQUAPONIC;3,977
13471,0;711,9;1309,2;24,33;54,01;19,38;5,33;Kale;AEROPONIC;6,166
15679,4;989,2;1037,9;21,95;66,15;16,43;6,28;Spinach;AQUAPONIC;4,426
16679,5;891,0;1134,6;23,93;73,04;18,85;6,17;Lettuce;AEROPONIC;5,801
11986,3;938,5;1222,0;23,37;57,34;18,86;6,25;Kale;SOIL_BASED;4,074
15240,4;832,8;1945,8;26,35;64,63;20,46;6,71;Kale;AQUAPONIC;5,282
11368,0;949,7;1289,4;22,75;80,91;18,0;6,02;Kale;SOIL_BASED;4,044
16705,9;472,2;1092,0;23,83;73,01;19,9;6,75;Chinese Cabbage;HYDROPONIC;4,171
19649,0;777,4;1748,8;18,24;81,49;13,35;5,56;Spinach;AQUAPONIC;4,091
16427,8;998,4;1430,7;24,41;64,8;20,1;6,93;Chinese Cabbage;HYDROPONIC;4,596
13389,5;926,3;1070,6;21,32;77,19;16,74;5,85;Spinach;HYDROPONIC;4,735
18088,0;868,9;1285,0;19,25;59,23;14,22;6,36;Chinese Cabbage;HYDROPONIC;4,143
10173,0;679,5;1230,2;26,66;75,06;22,06;6,34;Chinese Cabbage;SOIL_BASED;3,097
15557,7;879,4;1422,6;23,38;61,92;18,98;5,97;Lettuce;AEROPONIC;5,817
24396,4;849,3;953,1;17,68;71,89;13,91;6,5;Chinese Cabbage;SOIL_BASED;2,933
11423,7;590,7;970,2;21,31;72,32;15,33;6,22;Bok Choy;SOIL_BASED;4,061
13366,7;931,8;1213,1;23,51;73,85;19,02;6,31;Lettuce;HYDROPONIC;5,646
13731,8;753,9;1051,1;23,6;59,43;19,43;5,89;Chinese Cabbage;AQUAPONIC;4,003
10586,4;637,0;1544,5;22,1;70,69;17,27;6,31;Kale;AEROPONIC;6,303
11872,3;602,5;1012,6;15,0;68,21;12,0;5,82;Bok Choy;HYDROPONIC;4,441
14603,3;705,0;1905,9;21,95;78,66;17,61;5,93;Bok Choy;AEROPONIC;5,131
20131,6;817,7;1240,5;26,5;62,56;22,98;5,74;Bok Choy;SOIL_BASED;3,699
16179,2;715,2;1314,2;27,43;56,9;23,57;6,42;Lettuce;AEROPONIC;5,687
18422,8;649,7;1371,3;21,8;54,01;18,57;6,08;Chinese Cabbage;AEROPONIC;4,677
17425,9;680,2;1261,0;28,77;65,57;24,73;5,75;Chinese Cabbage;AQUAPONIC;3,854
15714,9;806,6;1586,7;18,97;64,37;14,75;6,47;Kale;HYDROPONIC;5,882
8234,3;918,3;1317,9;21,23;65,44;17,18;5,33;Kale;AEROPONIC;6,278
20148,5;788,8;1144,4;26,0;65,48;20,92;5,83;Bok Choy;AEROPONIC;5,126
18102,2;1037,4;925,1;25,56;79,85;22,34;5,95;Kale;SOIL_BASED;4,356
15489,7;650,1;1381,7;23,47;66,75;18,87;5,86;Lettuce;SOIL_BASED;4,107
10016,7;686,6;1517,7;20,37;77,62;17,01;6,49;Chinese Cabbage;AEROPONIC;4,394
9398,7;861,0;950,5;20,36;71,27;15,26;6,49;Bok Choy;HYDROPONIC;4,705
10307,8;756,2;1180,9;21,47;60,24;18,89;6,35;Kale;AEROPONIC;6,158
12091,0;945,1;1531,1;20,48;68,07;16,13;5,61;Lettuce;AEROPONIC;5,836
15785,8;582,9;1058,6;23,87;81,14;18,89;5,92;Lettuce;AQUAPONIC;4,826
13628,1;822,0;1056,3;23,24;76,63;18,72;6,18;Kale;HYDROPONIC;6,029
14825,9;879,9;1240,6;20,25;78,22;16,92;6,4;Chinese Cabbage;AQUAPONIC;4,075
16437,8;517,2;1622,0;22,51;72,29;17,92;6,01;Kale;HYDROPONIC;6,208
19084,6;589,4;1518,8;16,08;63,94;12,0;6,21;Bok Choy;HYDROPONIC;4,911
12296,9;690,0;1622,2;24,45;81,94;21,57;6,37;Kale;HYDROPONIC;5,941
8663,4;583,7;1021,7;25,51;72,76;21,97;6,45;Lettuce;AQUAPONIC;4,965
11691,9;767,1;1108,5;20,95;75,91;17,25;6,25;Kale;AQUAPONIC;5,556
16609,1;879,2;1233,6;21,3;68,92;18,17;5,95;Chinese Cabbage;AQUAPONIC;3,913
17429,3;702,7;1200,3;24,22;59,22;19,79;6,05;Spinach;SOIL_BASED;3,298
17509,0;887,4;1078,0;23,8;71,36;17,8;5,92;Kale;AQUAPONIC;5,482
12068,3;630,7;1405,0;25,66;82,4;21,48;6,43;Chinese Cabbage;SOIL_BASED;3,059
15642,8;665,7;856,2;21,33;74,87;17,68;6,05;Chinese Cabbage;SOIL_BASED;3,409
19823,0;680,8;1318,9;21,65;72,71;17,85;6,88;Lettuce;SOIL_BASED;3,979
17127,2;749,6;1712,1;22,88;60,69;20,47;6,0;Chinese Cabbage;AEROPONIC;4,621
8351,0;541,1;1300,4;20,51;80,95;17,65;5,68;Chinese Cabbage;AEROPONIC;4,402
14326,8;568,9;1063,6;22,82;79,45;18,14;7,1;Chinese Cabbage;AEROPONIC;4,678
13325,1;547,4;947,1;20,56;52,85;16,65;6,47;Chinese Cabbage;SOIL_BASED;3,03
9267,4;814,1;1373,8;24,67;75,9;21,77;5,68;Bok Choy;SOIL_BASED;4,139
19638,3;828,8;1731,5;20,88;65,88;16,54;5,71;Bok Choy;HYDROPONIC;5,346
9654,4;350,0;1335,5;24,21;70,48;20,23;6,91;Lettuce;SOIL_BASED;4,07
14139,8;1018,2;1192,8;27,58;61,05;22,85;5,74;Kale;AEROPONIC;5,883
19078,4;496,3;1081,6;24,7;69,03;21,09;6,09;Chinese Cabbage;SOIL_BASED;3,594
11429,9;910,9;895,9;23,99;58,65;18,14;6,29;Kale;SOIL_BASED;4,361
14386,0;933,0;1350,8;19,68;61,17;16,56;6,54;Kale;HYDROPONIC;5,738
16214,9;945,1;863,6;27,39;72,4;23,92;6,88;Lettuce;SOIL_BASED;3,841
11698,6;685,8;1517,9;26,62;61,57;23,81;6,38;Chinese Cabbage;AQUAPONIC;3,927
12486,4;795,9;1443,0;23,06;71,65;19,35;6,81;Chinese Cabbage;HYDROPONIC;4,591
15554,5;753,2;1223,8;22,42;68,93;18,31;6,54;Spinach;SOIL_BASED;3,528
16731,0;1041,6;1448,4;21,22;88,25;16,41;6,54;Kale;SOIL_BASED;4,348
17253,2;741,6;1324,9;28,51;62,5;24,43;6,36;Kale;HYDROPONIC;5,8
11114,4;981,2;1446,1;25,7;65,14;21,07;5,85;Bok Choy;SOIL_BASED;3,706
8815,0;633,0;1512,6;21,38;61,91;16,55;6,81;Spinach;AEROPONIC;4,913
17486,5;689,7;1213,7;26,58;80,15;22,86;5,98;Bok Choy;AQUAPONIC;4,575
18862,1;736,2;942,9;27,25;68,91;24,05;6,46;Bok Choy;AQUAPONIC;4,377
23582,3;782,7;1867,1;23,44;66,63;19,18;5,4;Bok Choy;AEROPONIC;5,123
25000,0;772,2;1224,5;22,54;74,55;17,48;6,36;Lettuce;SOIL_BASED;3,731
20663,2;694,0;1168,7;20,72;60,6;15,31;6,65;Lettuce;SOIL_BASED;4,274
10878,9;473,9;1395,4;25,48;56,59;22,9;5,67;Bok Choy;AQUAPONIC;4,33
13828,4;596,8;1229,7;22,3;70,42;19,43;6,28;Spinach;SOIL_BASED;3,411
16757,0;860,0;952,9;22,19;69,38;19,21;5,42;Kale;AQUAPONIC;5,566
16121,1;907,4;970,1;23,47;61,74;18,3;6,12;Spinach;AQUAPONIC;4,503
13911,4;738,9;1048,5;21,21;71,02;16,07;6,55;Chinese Cabbage;AEROPONIC;4,561
19133,8;662,5;1372,9;27,78;83,72;23,7;5,91;Lettuce;AQUAPONIC;4,86
12758,1;535,7;1099,2;26,21;71,8;22,03;6,29;Kale;SOIL_BASED;4,398
15285,1;981,0;1523,2;23,71;51,15;18,99;6,26;Kale;SOIL_BASED;4,494
14768,2;858,3;1239,7;21,12;80,05;16,58;5,9;Chinese Cabbage;HYDROPONIC;4,113
16179,6;601,7;1259,5;21,27;84,91;15,62;5,92;Chinese Cabbage;SOIL_BASED;3,005
16423,1;828,6;1295,6;21,14;72,5;17,26;6,35;Bok Choy;HYDROPONIC;4,878
11490,7;790,5;1009,8;20,05;69,46;15,37;6,44;Lettuce;AQUAPONIC;5,377
4695,7;930,5;1611,6;24,4;54,85;20,17;5,52;Lettuce;SOIL_BASED;4,102
12878,7;804,6;1360,7;21,7;60,64;16,6;6,97;Spinach;AEROPONIC;5,011
15374,0;767,0;1235,0;21,54;65,39;16,85;5,96;Bok Choy;AEROPONIC;5,32
16235,5;869,3;1142,4;21,22;61,76;17,07;6,34;Bok Choy;AEROPONIC;5,271
12351,6;922,3;1137,4;26,31;63,67;22,52;6,32;Bok Choy;AQUAPONIC;4,797
15517,2;781,4;979,1;21,38;69,05;17,37;6,18;Bok Choy;AQUAPONIC;4,611
15436,8;617,5;933,8;27,05;62,18;23,8;5,93;Lettuce;HYDROPONIC;5,429
12175,9;863,9;933,8;22,69;80,92;17,81;5,92;Lettuce;AEROPONIC;5,888
13928,8;870,3;1556,4;20,01;68,63;16,22;5,97;Bok Choy;HYDROPONIC;4,895
10302,6;826,0;1080,7;24,81;72,29;20,48;5,88;Spinach;HYDROPONIC;4,426
7643,8;840,7;1000,2;25,98;72,33;23,01;5,4;Kale;SOIL_BASED;4,27
18776,7;705,9;1614,9;21,1;71,25;16,61;6,38;Kale;SOIL_BASED;4,38
15198,0;799,4;1295,8;23,68;68,4;19,87;5,8;Spinach;AEROPONIC;5,206
13310,1;919,3;974,8;24,39;76,5;18,09;7,16;Bok Choy;AQUAPONIC;4,605
15828,4;841,8;1428,4;23,77;78,28;19,04;6,34;Lettuce;SOIL_BASED;4,146
16129,4;917,2;1657,8;22,22;50,46;19,72;6,12;Kale;AQUAPONIC;5,553
21559,9;914,4;1456,3;25,97;55,78;20,8;6,34;Chinese Cabbage;HYDROPONIC;4,27
19191,4;1044,3;1315,9;22,8;63,39;18,43;5,69;Chinese Cabbage;HYDROPONIC;4,266
15726,2;945,5;1401,7;21,8;58,52;18,86;6,86;Spinach;HYDROPONIC;4,884
22005,7;701,1;1590,7;18,56;61,75;15,33;5,99;Bok Choy;HYDROPONIC;4,812
14180,6;715,2;1729,3;18,58;64,15;15,23;6,65;Kale;AEROPONIC;6,379
18746,8;514,2;1032,7;24,1;65,82;18,73;6,31;Bok Choy;HYDROPONIC;4,844
12641,2;663,7;1285,8;23,28;55,33;20,13;6,81;Kale;SOIL_BASED;4,318
14688,8;849,5;1437,2;25,98;64,48;21,75;6,22;Spinach;HYDROPONIC;4,679
16847,9;912,2;1324,7;26,66;80,09;23,18;5,81;Spinach;AQUAPONIC;4,201
15259,6;644,6;1417,7;22,81;65,86;19,13;6,31;Chinese Cabbage;SOIL_BASED;3,128
15519,1;898,1;1854,2;26,16;73,03;21,62;6,17;Bok Choy;AQUAPONIC;4,311
15376,9;802,0;1211,9;21,93;67,43;17,35;6,23;Chinese Cabbage;AQUAPONIC;4,472
19061,7;946,0;912,7;23,08;68,98;19,8;6,24;Bok Choy;AEROPONIC;5,322
14841,9;951,6;1761,0;23,0;67,02;20,46;5,61;Chinese Cabbage;AEROPONIC;4,605
12422,3;838,0;1739,6;27,92;74,32;24,75;6,37;Lettuce;AQUAPONIC;5,47
14320,1;732,3;1421,2;19,92;61,02;16,02;5,43;Lettuce;AQUAPONIC;5,183
19025,1;824,8;1151,3;23,67;69,45;19,01;6,33;Lettuce;HYDROPONIC;5,584
17498,0;923,3;1503,0;21,55;63,1;16,96;6,31;Lettuce;SOIL_BASED;4,122
14126,5;960,7;1288,5;22,66;73,7;17,31;6,52;Kale;HYDROPONIC;6,192
11782,4;739,1;1199,6;22,54;58,58;17,82;6,11;Lettuce;AEROPONIC;5,333
12570,7;969,6;1104,1;23,7;73,53;20,1;5,55;Spinach;AEROPONIC;5,1
14449,7;759,4;1275,8;27,27;69,77;22,84;6,04;Spinach;HYDROPONIC;5,087
14209,8;1164,2;1422,2;28,83;57,25;26,24;6,06;Kale;SOIL_BASED;3,972
11947,4;707,4;1322,7;25,34;82,84;20,6;6,46;Lettuce;AQUAPONIC;4,92
17827,0;656,9;1509,9;20,76;72,74;16,02;6,73;Lettuce;HYDROPONIC;5,458
12512,2;909,9;1223,0;23,01;58,77;19,72;6,6;Lettuce;AEROPONIC;5,78
11338,1;893,1;1171,2;24,23;69,33;18,59;6,01;Chinese Cabbage;SOIL_BASED;3,303
13809,5;609,4;1380,7;22,36;54,07;17,51;5,85;Bok Choy;AEROPONIC;5,089
16129,7;769,7;1302,4;22,72;53,43;17,46;6,62;Chinese Cabbage;SOIL_BASED;3,367
11285,8;866,2;1665,9;23,3;78,17;18,28;5,76;Bok Choy;SOIL_BASED;3,775
14675,8;786,3;1189,9;25,66;57,8;21,98;5,77;Lettuce;SOIL_BASED;4,201
12981,9;917,9;1149,4;24,98;74,69;21,17;6,38;Lettuce;HYDROPONIC;5,585
13355,8;840,6;1236,1;21,79;77,92;18,3;5,72;Chinese Cabbage;HYDROPONIC;4,165
14466,8;901,2;1172,6;25,16;59,64;22,87;5,92;Chinese Cabbage;HYDROPONIC;4,3
16572,2;817,1;1116,1;28,33;85,68;23,63;6,19;Bok Choy;SOIL_BASED;3,814
14533,7;927,3;855,6;19,26;68,79;14,0;6,35;Spinach;SOIL_BASED;2,872
23668,0;929,7;980,1;22,28;68,41;18,14;6,29;Bok Choy;AEROPONIC;5,314
16914,7;807,0;1248,7;22,06;59,52;15,46;5,99;Chinese Cabbage;AQUAPONIC;3,951
15925,9;777,8;940,0;23,72;59,67;19,99;5,82;Chinese Cabbage;HYDROPONIC;4,64
13438,9;730,1;1426,8;18,39;49,35;15,22;5,54;Kale;SOIL_BASED;4,118
12730,9;741,7;1376,2;27,31;61,4;22,8;6,12;Chinese Cabbage;AEROPONIC;4,764
18036,5;826,6;1105,8;23,63;77,91;19,37;5,97;Kale;AEROPONIC;6,214
8948,2;886,9;1266,3;24,33;59,35;19,43;6,84;Spinach;AEROPONIC;4,607
18434,7;949,5;1230,2;24,01;60,08;19,49;5,78;Bok Choy;HYDROPONIC;5,118
18569,1;533,3;810,7;22,05;57,07;16,83;6,15;Bok Choy;HYDROPONIC;4,997
14085,3;448,1;1395,7;25,46;56,43;22,49;5,77;Kale;AQUAPONIC;5,264
18542,5;759,2;1124,7;23,51;75,54;19,33;5,56;Bok Choy;AEROPONIC;5,111
13496,1;799,5;1026,6;17,66;57,67;13,75;6,17;Chinese Cabbage;HYDROPONIC;3,875
14176,3;497,7;1456,3;23,2;66,88;18,28;5,59;Lettuce;AEROPONIC;6,021
16280,7;812,8;1343,2;22,72;64,98;19,18;6,15;Kale;SOIL_BASED;4,465
13203,3;617,9;1516,9;25,45;76,13;22,04;5,91;Bok Choy;AEROPONIC;5,237
16997,5;799,6;1249,3;31,06;60,89;26,9;5,71;Kale;AQUAPONIC;5,403
12874,1;502,0;1336,0;24,56;64,34;20,17;6,17;Kale;HYDROPONIC;5,847
15464,2;699,5;1487,8;29,44;58,71;24,84;6,28;Lettuce;SOIL_BASED;3,822
23733,1;818,2;1715,8;21,58;62,56;18,11;6,65;Chinese Cabbage;HYDROPONIC;4,476
16182,3;863,8;1199,0;21,76;60,34;16,95;5,59;Kale;SOIL_BASED;4,391
18303,5;795,5;1344,5;22,81;66,77;19,58;6,3;Bok Choy;AEROPONIC;5,471
17693,0;622,5;1429,1;24,69;81,61;21,05;5,66;Spinach;AEROPONIC;4,763
7562,0;836,1;1427,1;21,71;66,27;17,59;6,47;Kale;AQUAPONIC;5,409
14173,1;656,0;1146,6;18,99;77,99;13,95;6,18;Kale;AQUAPONIC;5,555
19297,5;846,4;1250,9;23,56;76,03;20,38;6,44;Lettuce;SOIL_BASED;4,436
10353,4;1022,7;1426,6;20,3;67,64;15,43;6,0;Chinese Cabbage;AQUAPONIC;4,155
13893,7;734,7;1325,8;26,62;76,17;22,45;6,57;Spinach;AQUAPONIC;4,682
21958,2;1082,3;1777,8;25,3;69,96;20,7;5,71;Bok Choy;AQUAPONIC;4,676
10550,8;868,9;1199,5;21,37;55,85;17,73;6,15;Spinach;AQUAPONIC;4,194
18528,9;744,7;1072,1;24,78;67,67;20,67;6,41;Bok Choy;AEROPONIC;5,103
11481,0;1055,1;1406,0;21,97;69,75;17,48;6,46;Chinese Cabbage;AQUAPONIC;4,024
16489,5;780,3;1036,0;23,35;82,99;17,7;5,69;Bok Choy;AEROPONIC;5,082
17060,6;653,3;1160,8;23,38;60,08;20,34;5,98;Lettuce;AEROPONIC;5,845
17328,1;690,8;1301,0;22,56;71,89;18,87;5,8;Lettuce;HYDROPONIC;5,717
11215,5;791,5;1271,4;25,83;57,54;22,06;6,21;Lettuce;AEROPONIC;5,838
18611,4;679,5;1264,3;20,37;81,11;16,0;6,28;Lettuce;AEROPONIC;6,154
12029,2;727,7;1133,5;25,0;78,4;22,01;6,14;Spinach;AQUAPONIC;4,58
9022,7;692,8;1376,1;24,35;57,81;21,24;5,86;Chinese Cabbage;AEROPONIC;4,621
11079,3;863,2;1844,9;19,57;82,8;13,84;6,43;Bok Choy;SOIL_BASED;3,562
11582,0;1067,7;1495,7;21,28;77,16;17,23;5,82;Bok Choy;AQUAPONIC;4,429
17148,5;761,5;800,6;20,44;78,75;16,59;5,52;Lettuce;AQUAPONIC;4,957
18063,0;650,5;1174,1;22,47;81,34;16,23;5,86;Lettuce;AQUAPONIC;4,973
15016,8;769,7;1418,3;23,64;77,57;19,83;5,85;Kale;HYDROPONIC;5,744
11145,6;638,8;891,1;20,9;65,14;17,07;5,86;Chinese Cabbage;AQUAPONIC;3,777
12652,7;1234,5;650,4;26,21;80,77;21,93;6,19;Spinach;AEROPONIC;5,204
14198,6;937,9;1091,5;26,46;60,41;21,59;5,78;Bok Choy;SOIL_BASED;3,795
10187,3;1005,2;1069,7;26,96;61,41;24,05;6,41;Kale;AQUAPONIC;5,467
10625,0;901,9;1706,4;15,89;64,13;12,0;6,15;Kale;AQUAPONIC;5,481
14481,8;608,0;1372,4;28,95;70,84;24,02;5,99;Bok Choy;SOIL_BASED;3,659
13765,1;840,4;1242,4;23,96;60,2;19,26;6,29;Spinach;AQUAPONIC;4,104
10645,4;840,7;1197,9;23,63;57,82;19,91;5,75;Kale;HYDROPONIC;5,56
19049,0;938,1;1397,2;23,21;60,21;19,11;6,1;Kale;AEROPONIC;5,908
12056,2;832,7;1331,5;19,8;64,91;15,02;5,85;Chinese Cabbage;SOIL_BASED;3,037
10338,1;659,9;1396,7;24,51;68,6;20,75;6,01;Spinach;SOIL_BASED;3,301
19006,6;1078,5;1364,0;28,01;61,53;23,01;6,0;Kale;HYDROPONIC;5,894
15569,7;904,0;1550,2;23,93;57,7;19,6;5,84;Spinach;AEROPONIC;4,954
13491,3;733,0;1288,5;20,38;71,31;17,4;5,77;Bok Choy;HYDROPONIC;4,765
12048,2;780,8;1482,5;19,23;83,34;15,81;6,08;Lettuce;AEROPONIC;6,041
13207,5;853,0;1372,8;22,68;64,48;18,95;6,08;Kale;HYDROPONIC;5,789
11927,2;733,2;1332,6;21,42;75,58;17,4;6,55;Chinese Cabbage;AQUAPONIC;4,069
12688,7;798,6;1176,1;25,47;68,02;21,38;6,24;Bok Choy;HYDROPONIC;4,892
15105,8;829,4;1263,0;27,34;73,42;23,62;5,25;Spinach;SOIL_BASED;3,529
11321,0;755,1;1267,5;24,82;74,93;21,16;5,74;Bok Choy;SOIL_BASED;3,725
5500,4;886,3;1560,5;23,26;68,04;19,19;6,09;Kale;SOIL_BASED;4,521
20424,5;735,8;1341,3;23,13;59,64;19,09;6,15;Spinach;HYDROPONIC;4,826
10252,8;690,9;1045,0;23,7;57,54;20,56;5,97;Lettuce;SOIL_BASED;3,966
8887,2;925,2;877,9;20,25;77,78;15,98;5,93;Bok Choy;SOIL_BASED;3,619
18748,4;873,3;984,2;25,19;73,36;20,54;6,1;Kale;AQUAPONIC;5,378
12856,1;777,3;1100,9;20,47;76,33;16,06;6,57;Chinese Cabbage;AQUAPONIC;3,742
15700,3;686,0;1399,8;26,63;73,75;22,78;6,48;Spinach;AEROPONIC;4,977
17441,3;904,6;1119,0;22,48;77,11;18,03;6,13;Bok Choy;AEROPONIC;4,993
17750,7;772,9;1598,9;25,83;69,89;21,33;6,22;Bok Choy;AEROPONIC;5,126
16285,9;746,5;961,1;19,37;55,09;14,79;5,75;Lettuce;HYDROPONIC;5,634
12149,1;696,6;1452,4;25,81;70,39;21,22;5,8;Lettuce;AEROPONIC;5,944
9968,8;607,8;795,6;27,32;83,24;22,74;5,76;Chinese Cabbage;HYDROPONIC;4,43
20800,9;927,2;989,5;19,91;70,98;16,82;6,06;Chinese Cabbage;HYDROPONIC;4,409
14959,1;654,0;1021,7;23,18;57,55;19,36;5,32;Kale;AEROPONIC;6,245
16130,1;581,5;1018,5;24,44;74,25;20,99;6,08;Kale;AEROPONIC;6,241
12801,2;767,1;1114,2;24,57;86,43;21,64;6,3;Chinese Cabbage;HYDROPONIC;4,737
15645,9;822,5;1484,5;22,55;63,25;19,88;6,44;Chinese Cabbage;AQUAPONIC;3,722
13021,4;999,5;1466,6;22,06;70,77;16,7;6,04;Spinach;SOIL_BASED;3,22
13493,4;825,6;1018,2;24,21;72,04;20,26;5,46;Lettuce;SOIL_BASED;3,88
9779,8;486,7;1229,0;24,49;69,73;19,07;5,79;Kale;SOIL_BASED;4,274
16071,7;638,1;1398,1;21,74;74,78;16,51;6,31;Lettuce;AQUAPONIC;4,845
6403,6;1001,1;1231,9;21,19;64,56;17,55;5,4;Lettuce;HYDROPONIC;5,769
18448,4;776,5;1690,1;26,89;73,33;22,17;6,05;Chinese Cabbage;AEROPONIC;4,368
21205,4;625,4;1379,3;23,8;77,92;18,68;6,09;Spinach;HYDROPONIC;4,732
12934,5;585,4;1055,6;17,14;66,0;13,03;6,45;Bok Choy;HYDROPONIC;5,012
17606,3;866,4;1081,4;26,91;74,85;22,17;6,0;Spinach;AEROPONIC;4,619
13144,4;646,8;1028,7;21,83;64,78;17,34;5,94;Spinach;AQUAPONIC;4,02
14472,9;765,6;1098,2;23,69;56,3;18,25;5,21;Lettuce;SOIL_BASED;4,132
12561,8;723,7;1285,6;24,55;56,27;20,57;6,35;Spinach;SOIL_BASED;3,495
13016,9;1035,5;1218,8;19,35;71,92;14,65;5,64;Kale;HYDROPONIC;5,998
13016,6;622,6;1157,9;22,69;52,05;18,81;5,7;Lettuce;AQUAPONIC;5,092
7805,6;982,3;1431,3;27,19;68,79;23,79;6,18;Kale;SOIL_BASED;4,082
15649,2;1105,6;1369,2;26,55;61,28;23,37;5,51;Bok Choy;AQUAPONIC;4,634
7918,9;627,9;869,3;22,69;49,35;17,71;6,53;Lettuce;AEROPONIC;5,926
13111,7;572,7;948,8;25,5;73,8;20,62;6,52;Bok Choy;HYDROPONIC;5,085
8271,1;824,5;1024,1;25,87;56,07;21,23;5,86;Lettuce;HYDROPONIC;5,149
13192,7;789,8;1070,0;25,73;87,62;20,86;6,07;Chinese Cabbage;AQUAPONIC;4,02
15408,7;976,3;1113,8;20,29;81,92;16,08;5,38;Spinach;SOIL_BASED;3,348
19270,2;607,1;1175,1;28,1;67,44;23,87;5,81;Chinese Cabbage;AQUAPONIC;3,882
14331,4;812,5;1372,7;22,2;50,92;17,49;6,39;Bok Choy;AEROPONIC;5,021
13460,9;844,5;987,8;23,81;70,51;19,36;6,45;Spinach;SOIL_BASED;3,375
10582,1;796,9;1081,2;22,52;83,59;18,94;5,84;Lettuce;SOIL_BASED;4,045
11438,7;721,3;868,2;24,14;77,02;19,56;5,95;Spinach;AQUAPONIC;4,001
18601,2;773,2;1040,5;21,08;77,56;16,2;6,01;Kale;AEROPONIC;5,819
16109,6;1229,1;1226,0;22,87;81,12;19,12;5,26;Spinach;SOIL_BASED;3,637
11317,4;533,9;1046,8;24,01;57,35;19,92;5,93;Kale;HYDROPONIC;6,163
7360,9;1111,1;1011,7;26,93;77,23;21,51;6,11;Spinach;AEROPONIC;4,712
20241,2;708,4;1146,8;26,59;84,5;22,64;6,73;Kale;SOIL_BASED;4,645
10161,3;614,2;1341,4;26,73;62,73;23,02;6,59;Bok Choy;AQUAPONIC;4,271
14460,9;624,0;1041,3;25,93;64,58;20,48;6,59;Chinese Cabbage;SOIL_BASED;3,017
11436,2;760,0;1545,7;28,67;81,2;24,59;6,66;Lettuce;HYDROPONIC;5,308
10653,4;799,5;1060,0;22,69;79,86;17,88;6,47;Spinach;AEROPONIC;4,479
15142,3;791,4;1171,7;23,06;60,6;19,94;5,88;Chinese Cabbage;SOIL_BASED;3,203
17497,9;723,2;1581,0;22,94;57,0;18,74;5,84;Lettuce;HYDROPONIC;5,578
16801,3;1014,5;1429,3;23,33;67,03;19,44;6,06;Lettuce;SOIL_BASED;4,411
16594,5;615,3;1243,9;19,48;55,48;14,67;5,64;Kale;SOIL_BASED;4,387
10916,4;727,2;1376,6;24,24;60,7;19,38;6,69;Bok Choy;AEROPONIC;5,323
15090,9;775,6;950,5;24,89;62,19;21,61;6,02;Bok Choy;AQUAPONIC;4,416
15662,5;773,6;1749,7;22,78;77,55;17,74;6,31;Chinese Cabbage;AQUAPONIC;3,907
9547,8;619,0;964,1;18,58;79,85;13,89;6,59;Bok Choy;HYDROPONIC;5,002
7194,8;794,2;1334,2;23,56;77,59;18,4;6,46;Spinach;HYDROPONIC;4,63
14679,6;836,7;1572,0;19,87;61,0;15,03;5,96;Bok Choy;HYDROPONIC;5,142
11607,8;839,4;1348,4;24,7;67,27;19,6;5,3;Chinese Cabbage;AEROPONIC;4,507
9978,4;842,9;1266,6;23,83;64,16;20,63;6,28;Bok Choy;AQUAPONIC;4,39
7455,5;672,8;1572,6;24,11;69,81;19,65;6,28;Spinach;HYDROPONIC;4,923
12029,8;618,9;1441,3;20,53;74,39;14,94;6,35;Kale;HYDROPONIC;6,314
20013,1;649,0;1153,4;27,03;63,95;23,03;5,89;Chinese Cabbage;SOIL_BASED;3,002
17515,4;664,1;1681,0;23,98;59,38;19,54;5,57;Kale;SOIL_BASED;4,256
19629,5;440,6;1086,4;20,94;81,38;16,59;5,76;Kale;HYDROPONIC;5,769
11906,6;749,2;1702,6;25,12;77,13;19,83;6,35;Kale;SOIL_BASED;4,391
18253,5;760,2;1434,2;23,77;70,89;19,1;6,46;Lettuce;SOIL_BASED;4,377
18832,1;631,1;1177,7;28,64;58,96;25,9;6,55;Lettuce;SOIL_BASED;3,914
19701,0;851,6;1014,5;21,95;75,37;18,04;6,31;Kale;AEROPONIC;6,041
13602,9;745,0;1321,6;20,01;66,56;16,51;5,81;Chinese Cabbage;HYDROPONIC;4,22
12822,8;848,4;1119,4;24,31;49,12;20,12;6,19;Spinach;HYDROPONIC;4,344
14192,9;699,9;1308,0;26,33;63,53;22,29;5,76;Spinach;SOIL_BASED;3,243
14821,7;700,8;1478,5;30,0;71,9;25,44;5,96;Bok Choy;AEROPONIC;4,744
9917,8;897,3;1509,8;33,07;66,16;27,21;6,32;Chinese Cabbage;SOIL_BASED;2,649
12491,5;559,8;1641,1;19,15;72,33;15,38;5,81;Lettuce;AEROPONIC;5,676
18395,0;778,3;1013,5;23,12;71,97;20,38;6,08;Kale;HYDROPONIC;5,899
12548,5;840,8;1342,8;20,02;58,71;15,79;6,67;Bok Choy;SOIL_BASED;3,743
14756,7;941,7;912,4;22,81;73,81;18,82;7,04;Spinach;HYDROPONIC;4,633
16166,4;827,1;1281,0;30,44;74,59;26,88;6,41;Lettuce;AEROPONIC;5,694
18857,2;632,8;876,0;21,2;67,74;17,08;5,54;Lettuce;AQUAPONIC;4,95
16613,8;703,7;1830,8;23,44;68,13;20,36;6,31;Kale;AEROPONIC;6,269
17760,6;514,4;1616,6;21,87;68,09;18,2;5,99;Spinach;AQUAPONIC;4,566
16014,6;682,8;879,1;20,69;80,86;17,31;5,92;Chinese Cabbage;HYDROPONIC;4,047
15515,5;935,7;1116,8;28,52;71,25;25,25;5,81;Lettuce;HYDROPONIC;5,189
17554,0;970,7;1468,1;19,19;69,06;14,94;5,7;Kale;SOIL_BASED;4,412
6352,0;740,4;1340,9;23,27;72,0;19,36;6,34;Chinese Cabbage;AQUAPONIC;4,009
16972,7;1042,2;1285,0;23,75;71,82;18,79;6,42;Spinach;AEROPONIC;5,122
7233,6;687,7;1345,4;23,41;67,16;18,81;6,39;Lettuce;HYDROPONIC;5,699
12693,6;807,7;1501,8;22,62;56,65;18,12;5,82;Chinese Cabbage;AQUAPONIC;4,003
17636,3;477,2;1802,6;28,02;68,92;22,6;5,93;Chinese Cabbage;AEROPONIC;4,019
13926,9;768,2;985,5;17,59;73,02;13,7;6,91;Chinese Cabbage;AQUAPONIC;3,768
14253,9;789,5;1226,8;24,72;70,47;19,46;5,72;Lettuce;AEROPONIC;5,688
15339,7;685,4;812,3;24,85;63,76;20,6;6,13;Lettuce;AEROPONIC;5,768
20998,8;945,4;1266,6;24,3;66,34;19,75;5,74;Bok Choy;AEROPONIC;5,387
6911,9;524,9;1706,8;21,17;76,44;15,7;6,08;Spinach;AEROPONIC;5,004
11974,3;520,7;1403,1;26,87;53,67;21,68;5,76;Kale;AQUAPONIC;5,293
19379,0;795,3;1480,7;26,73;61,68;22,64;5,99;Chinese Cabbage;AQUAPONIC;3,821
13616,6;458,2;1327,2;21,07;69,12;16,45;6,4;Bok Choy;SOIL_BASED;3,53
13815,6;886,1;1093,3;20,15;76,84;16,26;5,87;Kale;AQUAPONIC;5,651
16891,6;750,4;880,9;19,6;83,43;15,0;6,35;Bok Choy;AQUAPONIC;4,689
10143,2;880,2;1657,3;24,13;75,56;19,36;5,62;Lettuce;SOIL_BASED;4,378
17589,0;791,3;1163,7;23,63;62,96;20,08;6,32;Chinese Cabbage;AQUAPONIC;4,152
13220,4;825,5;1232,8;22,49;53,02;18,48;5,59;Kale;AEROPONIC;5,983
13922,5;766,4;769,9;29,33;83,88;23,64;5,93;Kale;HYDROPONIC;5,49
11652,0;953,7;1111,9;22,21;60,85;17,84;6,21;Kale;HYDROPONIC;5,95
16266,0;934,8;1314,3;24,02;69,24;19,41;6,44;Kale;SOIL_BASED;4,586
13392,9;835,6;1368,8;22,96;67,01;18,66;5,98;Kale;AQUAPONIC;5,135
15464,6;822,8;1698,2;29,0;67,41;25,63;6,03;Bok Choy;AQUAPONIC;4,649
13198,9;881,9;1214,4;17,93;58,09;15,39;5,73;Chinese Cabbage;SOIL_BASED;3,211
14350,0;759,3;1252,3;22,63;83,27;18,06;6,32;Lettuce;HYDROPONIC;5,489
12542,0;830,8;1675,7;25,22;60,56;22,24;6,6;Lettuce;AEROPONIC;5,282
13283,6;681,0;1585,1;22,88;69,35;18,82;5,64;Lettuce;AQUAPONIC;5,305
11499,2;590,5;914,0;19,85;64,22;15,25;5,85;Lettuce;SOIL_BASED;4,269
11033,2;764,6;1656,6;23,99;73,22;20,03;6,14;Bok Choy;AEROPONIC;4,89
20627,3;926,3;862,7;18,96;66,22;15,44;6,79;Spinach;SOIL_BASED;3,644
15144,0;880,0;1402,4;25,38;65,34;20,92;6,35;Chinese Cabbage;SOIL_BASED;3,122
7185,6;623,3;1475,6;22,34;77,24;18,51;5,77;Kale;SOIL_BASED;4,271
14089,0;678,3;1328,7;21,87;65,25;16,92;5,7;Spinach;HYDROPONIC;4,99
17947,4;722,9;1182,4;26,43;79,99;22,28;6,24;Lettuce;HYDROPONIC;5,18
8657,5;575,7;1163,6;20,69;57,52;16,39;5,86;Spinach;SOIL_BASED;3,372
16460,2;671,6;637,1;19,18;65,88;14,05;5,7;Chinese Cabbage;AQUAPONIC;3,843
14284,1;596,8;1319,4;20,95;60,69;16,97;5,6;Kale;AEROPONIC;6,086
8279,8;729,2;1288,4;29,23;68,26;25,99;6,51;Kale;AQUAPONIC;5,367
12265,8;708,7;1671,4;20,69;56,33;17,64;5,81;Chinese Cabbage;HYDROPONIC;4,282
13737,1;900,2;1209,3;24,52;73,27;20,13;5,29;Chinese Cabbage;AEROPONIC;4,392
10001,4;819,6;1143,1;25,86;74,11;21,5;5,62;Lettuce;SOIL_BASED;3,968
11816,6;935,5;1146,7;20,87;80,8;16,5;6,01;Kale;AQUAPONIC;5,37
15300,4;470,5;1061,8;20,87;75,2;16,05;6,25;Spinach;AQUAPONIC;4,267
15326,6;622,5;1161,7;24,0;75,11;19,9;6,3;Bok Choy;SOIL_BASED;3,676
16013,1;830,2;1012,1;24,13;73,79;18,07;6,12;Bok Choy;AQUAPONIC;4,421
12142,1;819,7;1439,5;27,27;66,15;22,54;6,43;Chinese Cabbage;HYDROPONIC;4,339
18277,1;732,2;1383,7;21,35;81,76;17,32;6,54;Lettuce;SOIL_BASED;4,284
13996,1;919,8;902,0;22,44;72,71;19,47;6,4;Bok Choy;AQUAPONIC;4,319
12968,7;772,9;1304,6;31,45;89,03;27,83;6,72;Kale;SOIL_BASED;4,16
13659,7;1111,0;1569,7;18,48;82,91;13,28;6,38;Chinese Cabbage;AEROPONIC;4,235
15718,8;794,7;1555,0;17,91;70,95;12,57;5,2;Spinach;SOIL_BASED;3,075
15494,3;689,0;1009,7;19,63;71,36;14,51;6,4;Chinese Cabbage;AQUAPONIC;3,976
12863,7;1007,3;1626,5;26,58;75,07;23,02;6,09;Spinach;HYDROPONIC;4,566
17764,0;782,9;1142,3;22,27;81,46;18,0;6,24;Chinese Cabbage;SOIL_BASED;3,169
13734,1;869,2;1285,6;22,27;54,95;17,68;6,23;Chinese Cabbage;SOIL_BASED;2,788
16862,8;640,9;1188,5;20,8;79,16;15,5;6,53;Chinese Cabbage;AQUAPONIC;3,85
19250,4;832,0;967,2;26,07;71,17;21,68;5,89;Spinach;HYDROPONIC;5,008
12708,0;772,5;1077,2;19,67;77,18;15,84;5,97;Spinach;HYDROPONIC;4,429
13118,2;877,5;1603,7;21,87;61,89;18,49;6,01;Chinese Cabbage;AEROPONIC;4,762
10567,1;729,4;1610,8;20,91;61,5;16,22;6,34;Bok Choy;AEROPONIC;4,745
11180,9;539,2;1457,0;16,02;70,88;13,4;6,49;Lettuce;AQUAPONIC;4,912
16825,2;882,8;1221,4;22,16;76,3;17,92;5,78;Lettuce;HYDROPONIC;5,481
16791,6;778,2;1748,3;23,33;57,53;18,16;6,61;Lettuce;HYDROPONIC;5,391
8030,2;683,6;1536,9;21,33;64,61;16,72;6,57;Spinach;AEROPONIC;4,881
10894,6;799,8;1249,6;22,75;57,82;18,13;5,96;Spinach;AEROPONIC;5,083
19316,9;803,9;771,8;22,82;71,55;19,5;5,89;Bok Choy;AQUAPONIC;4,249
11510,4;843,1;1503,9;23,13;84,95;19,99;6,52;Lettuce;HYDROPONIC;5,992
13555,9;838,9;1602,8;20,55;65,15;16,58;6,1;Lettuce;SOIL_BASED;3,882
14624,6;982,8;1391,5;20,39;74,67;16,88;5,68;Chinese Cabbage;AEROPONIC;4,533
15037,5;734,3;783,3;23,63;69,03;19,61;6,01;Spinach;AQUAPONIC;4,101
9365,7;926,8;1331,5;19,37;71,14;14,62;5,5;Lettuce;HYDROPONIC;5,687
15039,4;724,0;1845,8;22,9;62,93;18,34;5,81;Bok Choy;HYDROPONIC;4,633
4317,8;557,4;1240,1;28,08;73,57;24,15;6,57;Bok Choy;AEROPONIC;5,147
12186,8;965,4;1790,6;23,39;66,29;19,38;6,82;Lettuce;AQUAPONIC;5,134
13224,4;657,5;1462,6;18,39;83,23;14,55;6,05;Spinach;SOIL_BASED;3,338
8767,6;896,9;1292,3;24,0;63,66;19,42;6,05;Bok Choy;AEROPONIC;5,086
16786,9;791,5;1644,8;25,79;76,32;19,55;6,41;Chinese Cabbage;AQUAPONIC;3,69
11275,0;812,4;1121,9;21,27;84,78;17,6;6,63;Bok Choy;HYDROPONIC;4,807
20344,6;942,5;958,5;22,66;78,1;19,08;5,75;Kale;SOIL_BASED;4,491
15915,3;463,6;963,9;21,04;60,33;16,72;5,83;Kale;AQUAPONIC;5,333
13614,9;898,4;1334,0;22,21;59,52;18,83;6,43;Spinach;SOIL_BASED;3,529
17045,8;874,6;1395,9;21,64;71,85;17,0;5,95;Lettuce;AQUAPONIC;5,21
8608,6;649,7;1102,6;24,72;68,53;18,69;5,98;Spinach;AQUAPONIC;4,405
15111,2;781,4;1597,1;28,14;72,38;22,3;5,25;Spinach;AQUAPONIC;4,106
10062,9;906,6;1303,0;23,66;78,16;19,8;6,35;Spinach;AQUAPONIC;4,478
17331,8;624,9;1495,6;19,18;68,74;15,73;6,02;Spinach;SOIL_BASED;3,481
12882,4;751,8;1102,8;30,58;62,66;25,57;6,65;Chinese Cabbage;AEROPONIC;4,745
7093,2;939,0;1232,7;25,13;69,76;20,3;5,89;Chinese Cabbage;SOIL_BASED;3,363
9674,3;575,5;821,0;25,7;80,91;21,12;6,45;Bok Choy;AQUAPONIC;4,815
14468,6;818,4;1206,9;23,32;68,3;19,24;6,19;Kale;SOIL_BASED;4,457
15672,4;820,0;1338,7;24,15;86,29;19,52;5,78;Spinach;SOIL_BASED;3,671
8994,0;810,0;1134,3;22,54;75,52;18,53;5,95;Bok Choy;SOIL_BASED;3,394
7933,0;599,7;1264,2;26,03;74,71;21,3;6,0;Kale;AQUAPONIC;5,596
12952,9;772,3;1342,2;22,16;63,36;17,69;5,98;Lettuce;SOIL_BASED;4,117
20070,9;781,8;1140,9;24,87;66,94;20,74;6,22;Chinese Cabbage;HYDROPONIC;4,166
12579,7;754,9;1211,2;26,21;72,44;21,37;6,6;Kale;AQUAPONIC;5,434
15235,5;896,2;1089,9;26,99;67,75;23,75;5,7;Lettuce;SOIL_BASED;4,064
5227,4;779,4;1035,3;26,39;78,72;21,52;6,15;Kale;HYDROPONIC;6,141
23933,7;811,3;1599,7;20,63;69,81;15,71;5,91;Chinese Cabbage;SOIL_BASED;3,323
10612,3;579,2;908,2;27,9;62,99;24,37;5,89;Chinese Cabbage;AEROPONIC;4,159
14803,4;648,5;1502,0;25,36;71,0;21,88;6,41;Bok Choy;SOIL_BASED;4,083
7969,9;683,8;925,3;24,36;65,27;21,54;6,5;Spinach;SOIL_BASED;3,646
15907,8;695,8;1673,0;24,68;74,17;19,78;5,76;Kale;AEROPONIC;6,172
12370,3;782,6;1429,6;23,06;63,99;18,81;6,17;Kale;AQUAPONIC;5,615
15286,0;651,5;1182,8;22,19;84,14;18,8;5,92;Lettuce;AEROPONIC;5,785
13426,9;601,1;1525,4;22,47;55,78;17,45;5,84;Chinese Cabbage;AQUAPONIC;3,971
16122,5;795,4;1562,7;27,11;65,67;23,23;6,3;Kale;AEROPONIC;6,199
18122,8;770,8;1430,5;23,73;70,07;20,1;6,4;Chinese Cabbage;SOIL_BASED;3,155
9526,6;823,0;1403,2;24,29;64,42;19,12;6,56;Kale;SOIL_BASED;4,273
20292,2;1091,2;1338,2;23,67;49,38;20,16;6,61;Bok Choy;AQUAPONIC;4,453
11959,6;596,0;1648,3;21,63;85,02;17,5;6,44;Spinach;AQUAPONIC;4,476
16049,7;784,7;1273,5;17,49;75,07;13,53;5,78;Kale;HYDROPONIC;5,769
11359,5;773,1;1311,2;25,65;58,21;21,64;6,81;Chinese Cabbage;HYDROPONIC;4,389
14908,1;794,9;1504,2;25,36;59,43;21,71;5,69;Bok Choy;SOIL_BASED;3,512
13150,0;1086,2;1197,2;23,47;56,37;18,51;6,43;Kale;SOIL_BASED;4,077
21395,7;402,2;1566,0;20,45;67,65;16,38;6,21;Lettuce;HYDROPONIC;5,969
11736,3;722,8;1511,9;28,6;81,37;24,71;6,55;Spinach;HYDROPONIC;4,468
20081,1;778,8;2020,0;22,54;66,39;18,39;6,56;Kale;AQUAPONIC;5,36
10931,5;854,7;1247,9;24,2;64,98;20,53;5,77;Bok Choy;AEROPONIC;5,055
20076,9;881,0;1435,6;21,53;77,09;16,84;6,18;Lettuce;AQUAPONIC;5,048
17901,8;528,7;1401,4;19,72;71,59;15,73;5,96;Bok Choy;HYDROPONIC;5,271
13174,3;752,8;1490,6;25,15;68,38;20,08;5,39;Bok Choy;SOIL_BASED;3,373
13876,6;641,8;1261,6;19,3;75,13;13,43;5,84;Lettuce;HYDROPONIC;5,79
15040,5;831,6;1400,8;24,14;53,88;20,63;5,91;Bok Choy;SOIL_BASED;3,524
14503,4;801,8;1317,8;24,15;72,9;21,63;6,58;Lettuce;SOIL_BASED;4,204
15906,8;694,3;1503,6;20,36;79,81;16,29;6,12;Kale;SOIL_BASED;4,136
14904,4;1037,7;780,4;19,87;58,39;16,32;6,64;Lettuce;SOIL_BASED;4,018
10986,8;736,9;1218,0;21,34;65,75;17,86;6,47;Lettuce;AEROPONIC;6,018
12631,9;731,9;1831,5;21,74;52,34;18,05;6,23;Spinach;HYDROPONIC;4,834
15468,8;648,6;1680,6;19,22;65,23;14,76;5,94;Lettuce;AQUAPONIC;5,002
10717,6;350,0;1358,9;20,35;63,43;17,78;5,97;Lettuce;SOIL_BASED;3,897
12639,0;788,5;1434,0;23,71;83,42;18,68;5,88;Kale;SOIL_BASED;4,231
16345,4;651,1;1415,2;29,07;64,99;23,8;6,62;Spinach;AQUAPONIC;4,139
15340,2;806,9;1444,0;26,32;71,43;22,85;5,76;Chinese Cabbage;AQUAPONIC;4,223
13464,2;1210,0;1052,1;23,95;80,34;20,4;6,03;Kale;SOIL_BASED;4,413
18048,0;809,2;1107,0;26,66;50,34;22,45;6,03;Kale;AQUAPONIC;5,354
17887,0;806,8;1110,8;26,74;70,0;22,74;6,96;Chinese Cabbage;AQUAPONIC;4,084
12429,0;923,9;1164,4;22,65;59,51;18,48;6,53;Lettuce;AEROPONIC;5,74
16817,0;974,5;1689,2;24,22;59,71;20,03;6,03;Bok Choy;AQUAPONIC;4,251
11356,6;809,5;976,8;26,24;61,59;22,61;5,8;Spinach;HYDROPONIC;4,673
15407,2;807,1;1790,6;26,62;64,69;22,51;5,77;Bok Choy;HYDROPONIC;4,973
15371,0;700,2;1385,4;26,65;60,12;23,1;6,58;Chinese Cabbage;HYDROPONIC;4,067
14499,8;860,0;976,6;20,62;65,35;16,0;5,93;Kale;SOIL_BASED;4,349
13561,0;866,8;1131,8;26,79;77,08;23,02;5,98;Kale;HYDROPONIC;6,061
14692,9;785,7;1394,0;28,7;72,98;25,6;6,37;Spinach;AEROPONIC;4,42
14442,6;606,2;944,0;27,68;91,96;24,67;6,08;Kale;HYDROPONIC;5,959
6533,4;807,8;1189,4;20,46;70,44;16,24;5,86;Kale;SOIL_BASED;4,34
19339,4;892,2;984,4;19,76;73,95;15,61;6,16;Spinach;AEROPONIC;4,628
16687,4;640,9;1445,2;24,8;79,54;21,2;6,43;Spinach;HYDROPONIC;4,864
12882,1;817,5;988,5;27,63;58,8;22,74;5,77;Chinese Cabbage;AEROPONIC;4,528
17810,9;889,4;887,9;24,13;79,34;18,69;5,85;Kale;AEROPONIC;6,19
12669,8;826,9;1660,7;22,84;60,52;17,66;6,61;Kale;SOIL_BASED;4,428
5105,6;1042,3;1200,7;23,25;72,47;17,89;6,12;Chinese Cabbage;SOIL_BASED;2,892
15678,2;678,1;1177,8;26,36;76,62;21,4;5,82;Lettuce;AEROPONIC;5,961
8866,6;629,5;1402,5;22,6;52,28;17,85;5,77;Lettuce;HYDROPONIC;5,386
9815,1;646,5;1272,8;24,85;65,32;20,04;6,56;Lettuce;SOIL_BASED;4,004
10693,5;696,7;1066,1;23,13;67,85;18,4;5,86;Chinese Cabbage;AEROPONIC;4,769
14829,3;678,6;1121,2;21,01;58,91;16,72;6,51;Kale;AQUAPONIC;5,25
15077,2;897,4;1466,8;20,79;71,26;16,34;6,27;Chinese Cabbage;AQUAPONIC;4,232
18196,0;503,3;1029,3;24,97;82,84;20,59;5,91;Chinese Cabbage;SOIL_BASED;3,198
10186,6;676,4;1270,6;15,92;60,18;12,0;5,95;Lettuce;HYDROPONIC;5,594
11933,7;918,1;1713,6;24,84;78,51;20,58;5,89;Bok Choy;AQUAPONIC;4,329
18990,8;752,6;1202,7;23,02;72,6;18,72;6,13;Kale;AQUAPONIC;5,683
16325,6;599,0;1600,4;26,15;56,9;21,06;6,55;Lettuce;AQUAPONIC;5,116
15577,5;708,4;1017,5;25,18;64,88;20,68;6,24;Bok Choy;HYDROPONIC;4,938
14368,5;967,3;1328,0;23,62;70,63;18,92;5,69;Bok Choy;HYDROPONIC;4,84
15902,1;752,8;1604,0;20,51;81,91;16,21;6,59;Spinach;SOIL_BASED;3,371
14604,1;824,5;1131,6;20,66;75,24;16,4;6,93;Kale;SOIL_BASED;4,049
14846,1;751,0;1778,5;21,69;62,59;16,74;5,72;Bok Choy;AQUAPONIC;4,315
16105,1;1012,5;1266,0;25,93;71,78;23,09;5,45;Lettuce;HYDROPONIC;5,583
11309,4;734,1;977,7;28,45;44,6;24,07;6,11;Spinach;AEROPONIC;4,442
15158,1;697,6;1541,0;24,42;76,1;21,63;6,11;Kale;AQUAPONIC;5,623
7681,4;883,8;1692,1;21,85;61,91;19,0;6,37;Chinese Cabbage;SOIL_BASED;3,157
14516,3;865,4;955,8;22,14;59,45;19,73;6,15;Lettuce;HYDROPONIC;5,641
12742,8;755,7;1394,8;22,27;65,75;17,64;5,89;Bok Choy;SOIL_BASED;3,914
17353,5;808,1;1105,1;26,41;57,84;23,2;5,78;Bok Choy;SOIL_BASED;3,83
9610,4;880,2;1014,4;22,22;66,75;18,54;6,09;Lettuce;HYDROPONIC;5,744
15179,6;698,7;1050,7;23,38;77,38;18,5;6,48;Bok Choy;AQUAPONIC;4,491
16661,8;896,1;1334,6;27,27;51,64;23,35;5,9;Spinach;HYDROPONIC;4,823
17103,9;792,7;1616,3;21,91;67,81;18,15;6,31;Kale;AQUAPONIC;4,814
12217,5;821,8;1264,2;25,06;67,09;19,93;5,89;Spinach;SOIL_BASED;3,412
13257,9;697,3;1389,2;26,02;72,84;21,48;5,84;Bok Choy;HYDROPONIC;5,215
15955,3;778,7;1136,0;23,68;66,84;19,81;6,45;Chinese Cabbage;AEROPONIC;4,337
10461,0;653,8;1247,1;28,97;76,55;24,51;6,56;Kale;AQUAPONIC;5,61
12933,7;702,1;1054,3;28,16;80,06;24,9;6,18;Kale;AEROPONIC;6,063
11452,7;943,5;809,3;24,24;77,23;20,54;5,73;Lettuce;AQUAPONIC;4,947
8168,9;626,4;1146,9;21,25;62,25;15,86;5,86;Lettuce;HYDROPONIC;5,713
19630,8;694,7;1573,6;21,38;84,96;18,25;5,54;Chinese Cabbage;AEROPONIC;4,654
14591,2;657,7;631,4;24,1;58,69;20,45;6,29;Kale;HYDROPONIC;5,966
10830,6;835,4;1566,3;20,45;74,57;16,56;6,02;Chinese Cabbage;AQUAPONIC;3,979
6287,6;984,3;1365,5;24,25;78,3;20,56;6,1;Lettuce;AQUAPONIC;4,736
15621,3;745,3;1244,0;28,23;86,2;23,74;6,36;Lettuce;AQUAPONIC;4,906
9022,0;490,9;1143,4;23,67;77,09;19,36;5,77;Kale;AQUAPONIC;5,765
12157,1;881,3;1404,5;23,45;62,08;18,82;6,36;Spinach;SOIL_BASED;3,339
14333,0;764,2;1643,6;25,89;76,33;21,17;6,57;Bok Choy;AQUAPONIC;4,721
10151,4;846,2;1347,1;24,97;67,39;20,34;5,62;Lettuce;AEROPONIC;5,58
20284,4;879,9;1225,3;20,28;77,91;14,99;6,34;Lettuce;AQUAPONIC;5,345
10908,9;691,8;1981,7;22,23;70,18;17,25;6,2;Spinach;HYDROPONIC;4,267
10154,5;616,7;1302,4;28,8;80,68;24,79;6,34;Spinach;SOIL_BASED;3,192
15295,2;609,3;854,0;24,41;68,78;19,06;6,28;Chinese Cabbage;AEROPONIC;4,371
13253,6;1046,5;1365,2;20,68;76,52;16,96;5,89;Chinese Cabbage;SOIL_BASED;2,872
21256,1;704,0;1127,0;22,96;63,29;19,12;6,4;Bok Choy;SOIL_BASED;3,707
19429,9;714,0;1188,2;18,51;78,6;14,24;5,9;Bok Choy;SOIL_BASED;3,518
19753,0;862,4;1612,4;18,3;50,29;13,44;6,32;Kale;HYDROPONIC;5,645
16424,1;770,8;1508,2;26,25;74,54;21,82;6,64;Chinese Cabbage;SOIL_BASED;2,866
16849,7;450,7;821,9;23,49;71,67;19,41;5,67;Lettuce;SOIL_BASED;3,901
13198,3;625,0;830,4;24,95;69,83;20,87;5,83;Chinese Cabbage;AQUAPONIC;3,653
16867,2;807,9;1316,7;26,74;50,13;21,62;5,79;Lettuce;HYDROPONIC;5,631
12192,3;641,1;1532,9;24,45;64,35;20,3;6,21;Spinach;AEROPONIC;4,641
14042,6;1007,5;696,0;25,55;78,79;20,78;6,37;Chinese Cabbage;AEROPONIC;4,459
9635,3;596,2;1534,7;24,22;61,4;21,81;6,0;Spinach;AEROPONIC;5,026
12961,1;617,5;1921,2;27,1;56,08;24,38;5,84;Bok Choy;HYDROPONIC;4,405
16458,0;628,1;1588,4;28,47;59,42;23,24;6,6;Bok Choy;AEROPONIC;4,957
18325,6;853,2;1073,8;24,06;78,67;21,77;6,45;Kale;HYDROPONIC;5,778
16078,5;602,9;1446,9;23,94;72,46;21,21;5,46;Chinese Cabbage;AQUAPONIC;3,924
19308,0;1004,8;1340,6;24,4;80,65;20,2;6,09;Spinach;AQUAPONIC;4,112
9536,3;962,6;1743,3;23,2;74,48;18,3;5,87;Lettuce;HYDROPONIC;5,855
16336,0;911,3;1575,2;22,38;61,18;19,93;6,19;Bok Choy;AEROPONIC;4,762
11423,6;538,9;1046,3;26,44;84,08;22,26;6,35;Bok Choy;HYDROPONIC;4,807
15967,4;817,5;1432,7;22,38;63,38;17,57;6,39;Lettuce;HYDROPONIC;5,698
11653,0;465,7;1066,7;22,22;61,53;18,45;5,99;Spinach;SOIL_BASED;3,768
12506,0;985,8;1549,9;26,02;70,7;22,04;6,05;Spinach;HYDROPONIC;4,57
17490,5;824,8;1214,0;26,23;72,08;21,39;6,04;Chinese Cabbage;SOIL_BASED;3,36
15353,1;852,9;1269,7;30,03;75,65;25,68;5,78;Chinese Cabbage;AQUAPONIC;3,874
11577,9;716,9;1324,1;26,92;65,67;22,8;6,0;Kale;SOIL_BASED;4,689
9222,4;796,3;1136,7;25,82;80,51;22,27;5,61;Bok Choy;HYDROPONIC;4,895
11428,5;784,0;1307,7;26,22;62,99;22,59;6,07;Chinese Cabbage;AQUAPONIC;4,091
14252,9;809,9;1399,3;23,09;59,21;18,65;5,85;Spinach;SOIL_BASED;3,577
10254,7;863,8;1206,9;25,07;51,88;21,13;6,21;Lettuce;HYDROPONIC;5,538
15361,9;559,4;1337,0;25,21;66,55;21,77;6,35;Spinach;AQUAPONIC;4,155
10659,9;803,3;1086,6;21,98;75,62;18,72;5,44;Bok Choy;SOIL_BASED;3,458
13827,0;972,2;960,0;23,36;74,6;20,95;6,12;Spinach;HYDROPONIC;4,602
15641,8;715,9;1271,1;26,17;71,14;22,53;6,68;Kale;HYDROPONIC;6,033
12801,3;984,1;1544,5;23,45;64,43;19,26;5,97;Bok Choy;AEROPONIC;5,096
18214,0;552,7;1536,1;25,21;79,02;20,03;5,5;Lettuce;AEROPONIC;5,548
15790,4;1043,0;1519,7;26,01;69,11;21,12;5,78;Kale;SOIL_BASED;4,41
11251,6;596,2;1542,6;25,88;71,76;21,98;6,22;Bok Choy;SOIL_BASED;3,597
10540,5;795,4;1327,9;28,35;58,45;24,54;6,32;Lettuce;SOIL_BASED;3,699
19935,0;822,4;1137,5;21,87;52,59;18,17;5,86;Kale;HYDROPONIC;5,817
18346,1;788,7;1212,2;28,1;75,74;25,2;6,17;Kale;SOIL_BASED;4,215
13253,8;671,2;1248,5;24,83;89,82;21,68;6,47;Bok Choy;HYDROPONIC;4,94
15512,8;940,1;1108,9;25,84;72,19;21,99;6,1;Chinese Cabbage;SOIL_BASED;2,865
13492,7;654,5;1434,2;25,45;75,79;21,41;6,3;Kale;HYDROPONIC;5,972
16781,2;1157,2;1120,9;25,31;75,61;21,43;6,24;Kale;HYDROPONIC;5,993
15075,6;635,3;799,1;21,72;69,05;18,44;6,15;Lettuce;AEROPONIC;5,548
7444,1;930,1;1555,2;25,73;55,22;21,94;5,48;Spinach;AQUAPONIC;4,421
18499,2;573,8;1412,7;19,47;74,66;16,05;6,18;Bok Choy;HYDROPONIC;5,002
19227,3;675,4;831,4;29,37;81,42;24,19;5,1;Bok Choy;SOIL_BASED;3,287
12838,4;350,0;1111,5;24,57;73,06;19,76;6,13;Chinese Cabbage;AEROPONIC;4,464
15587,5;962,1;1255,0;26,75;66,68;22,7;5,73;Chinese Cabbage;SOIL_BASED;3,071
18297,9;865,6;1279,2;25,41;72,22;20,28;6,02;Bok Choy;SOIL_BASED;3,637
25000,0;473,2;1827,2;23,6;68,13;19,08;6,19;Chinese Cabbage;HYDROPONIC;4,527
16343,0;600,7;1030,6;21,99;79,86;17,65;6,9;Lettuce;HYDROPONIC;5,266
15724,0;492,3;1014,5;21,46;70,58;17,2;5,87;Bok Choy;AQUAPONIC;4,51
17513,5;732,5;1610,6;25,68;74,93;22,73;6,0;Chinese Cabbage;HYDROPONIC;4,126
17857,1;727,4;1232,4;25,54;78,43;20,98;6,3;Bok Choy;HYDROPONIC;5,004
16360,8;932,2;1585,1;25,06;74,97;20,13;5,59;Spinach;AQUAPONIC;4,347
9988,4;760,6;1210,9;23,17;69,38;18,52;6,49;Kale;SOIL_BASED;4,67
15119,4;1030,3;1596,8;24,66;56,01;20,38;6,18;Bok Choy;AQUAPONIC;4,481
15530,3;595,1;1207,8;22,32;72,59;17,82;6,13;Kale;AQUAPONIC;5,732
9359,3;730,8;1247,5;21,59;76,76;16,95;6,45;Chinese Cabbage;AQUAPONIC;4,107
16726,2;691,8;1010,3;22,72;55,22;17,84;5,78;Kale;AEROPONIC;6,106
10546,1;695,8;1729,3;22,85;72,42;18,25;5,85;Bok Choy;SOIL_BASED;3,696
19118,3;893,4;1084,0;27,6;68,94;22,29;6,05;Spinach;AEROPONIC;4,658
11699,8;871,0;948,0;19,68;49,6;15,88;5,71;Chinese Cabbage;AEROPONIC;4,441
17804,3;566,1;1701,2;23,41;71,69;19,41;6,41;Bok Choy;HYDROPONIC;4,896
12102,6;762,5;1451,3;25,27;80,61;20,43;5,83;Chinese Cabbage;AQUAPONIC;3,866
18918,7;804,7;1692,0;29,06;69,1;24,43;6,16;Lettuce;AQUAPONIC;4,907
19347,2;979,3;1094,6;21,8;51,2;17,28;5,94;Kale;AEROPONIC;6,175
16476,2;1020,3;1437,3;20,38;71,9;15,24;5,98;Lettuce;HYDROPONIC;5,482
12295,0;842,6;1644,0;25,52;78,18;22,41;5,74;Bok Choy;HYDROPONIC;4,739
15975,2;802,4;982,9;23,96;61,61;19,42;5,85;Spinach;HYDROPONIC;4,564
11948,5;847,3;1364,9;22,88;66,81;19,11;5,87;Chinese Cabbage;SOIL_BASED;2,923
10512,7;634,3;1162,2;24,73;65,71;19,96;5,95;Kale;AEROPONIC;6,107
12702,3;698,9;1177,8;25,91;69,61;22,14;5,89;Chinese Cabbage;SOIL_BASED;3,009
14320,4;641,3;1066,5;25,56;65,44;20,62;5,78;Bok Choy;HYDROPONIC;5,034
12271,9;942,6;1390,8;24,34;80,06;19,19;5,48;Chinese Cabbage;HYDROPONIC;4,247
13578,0;726,7;1218,2;27,19;79,84;23,53;5,93;Kale;HYDROPONIC;5,896
12548,2;744,2;1039,4;24,05;63,45;20,81;6,29;Bok Choy;AQUAPONIC;4,119
14549,6;806,5;1649,2;23,62;80,05;19,12;5,67;Chinese Cabbage;AEROPONIC;4,441
13704,2;848,8;1293,4;25,5;54,57;20,3;6,57;Spinach;AQUAPONIC;4,212
9190,6;1047,9;872,5;19,97;61,69;14,57;5,47;Bok Choy;SOIL_BASED;3,684
14371,6;794,5;1101,9;25,22;73,89;19,65;5,53;Bok Choy;AQUAPONIC;4,73
11707,2;763,0;895,1;22,65;69,34;19,21;5,44;Spinach;AEROPONIC;4,547
11332,2;956,1;1117,2;19,78;69,82;15,84;6,49;Lettuce;AQUAPONIC;5,582
11307,7;771,0;1371,5;24,69;71,81;21,07;5,96;Kale;HYDROPONIC;5,955
15111,1;640,2;1441,0;22,22;64,49;18,14;6,64;Lettuce;SOIL_BASED;4,05
15903,9;462,4;1499,7;18,98;79,25;14,62;5,48;Chinese Cabbage;SOIL_BASED;2,895
14949,3;833,5;1117,8;21,06;74,52;16,15;7,01;Spinach;HYDROPONIC;4,894
17049,2;760,1;1187,4;28,23;67,75;23,56;5,77;Lettuce;HYDROPONIC;5,379
14502,9;1014,0;1394,3;21,94;76,5;16,75;6,01;Bok Choy;HYDROPONIC;5,272
14959,2;747,8;1504,3;24,4;72,51;20,49;6,03;Chinese Cabbage;AEROPONIC;4,484
11509,3;629,4;1243,5;20,46;66,57;15,11;6,2;Chinese Cabbage;AQUAPONIC;3,962
16228,6;891,4;1446,9;29,38;66,21;25,21;6,12;Lettuce;SOIL_BASED;4,336
13995,3;793,3;1134,3;23,69;58,87;19,2;6,12;Lettuce;AQUAPONIC;5,102
16690,6;903,3;721,2;21,58;63,43;16,14;6,52;Spinach;HYDROPONIC;4,456
14161,8;812,4;1515,6;25,98;67,06;23,28;5,92;Kale;HYDROPONIC;5,933
14510,3;814,7;1426,5;29,24;69,35;24,99;5,91;Lettuce;AQUAPONIC;5,117
11737,5;802,7;1254,7;22,36;60,89;19,55;6,65;Lettuce;SOIL_BASED;4,09
13943,4;696,4;1325,5;21,53;68,98;18,47;6,15;Bok Choy;AEROPONIC;5,123
21616,2;791,8;1580,7;29,93;64,03;25,68;5,88;Chinese Cabbage;AQUAPONIC;4,1
8018,3;788,4;1277,8;23,16;62,58;19,72;6,36;Kale;HYDROPONIC;5,937
12908,8;1020,8;527,9;22,84;73,04;18,29;6,03;Bok Choy;HYDROPONIC;4,895
17240,2;786,0;752,1;17,5;70,1;13,24;6,8;Spinach;AEROPONIC;4,469
11997,1;739,1;1628,1;23,41;67,49;19,78;5,74;Spinach;AQUAPONIC;4,408
14885,7;936,5;1434,3;19,7;72,97;16,75;6,22;Lettuce;AEROPONIC;5,592
14152,6;651,2;1575,3;21,93;57,73;16,81;5,71;Lettuce;AEROPONIC;5,968
17475,7;856,7;1666,5;17,86;58,42;13,52;6,03;Spinach;SOIL_BASED;3,309
13643,6;613,1;1651,4;26,96;65,19;23,44;5,82;Lettuce;SOIL_BASED;3,708
8737,5;519,9;913,6;19,39;67,12;15,81;6,1;Kale;HYDROPONIC;5,843
20412,1;944,5;1227,5;18,07;74,5;14,73;5,95;Lettuce;AQUAPONIC;5,52
14050,6;728,7;1049,9;20,96;62,66;16,68;5,79;Chinese Cabbage;SOIL_BASED;3,399
15055,1;467,7;1322,5;26,99;62,84;22,17;5,71;Lettuce;HYDROPONIC;5,567
12911,7;663,0;927,8;22,25;77,26;17,71;6,11;Bok Choy;AQUAPONIC;4,381
15081,7;753,3;1291,2;22,63;58,79;17,45;5,96;Kale;HYDROPONIC;6,073
17939,7;1123,2;832,1;24,84;76,63;20,4;6,34;Bok Choy;SOIL_BASED;3,646
13992,3;432,5;1189,7;23,08;68,07;17,67;5,69;Bok Choy;HYDROPONIC;4,955
11773,2;904,9;1659,2;26,97;61,39;22,81;6,2;Chinese Cabbage;AQUAPONIC;3,631
9931,6;703,0;1102,6;22,83;58,68;20,13;6,21;Kale;AQUAPONIC;5,465
18610,9;773,4;1099,9;22,87;66,41;19,71;6,74;Kale;HYDROPONIC;5,879
12956,9;672,6;1312,7;29,84;73,55;25,92;6,17;Kale;AQUAPONIC;5,404
16433,2;925,2;1327,3;23,65;67,88;19,71;6,26;Kale;HYDROPONIC;5,862
16923,6;816,7;1361,6;24,15;75,8;20,51;5,52;Kale;AQUAPONIC;5,557
13711,4;650,4;1073,3;22,91;75,55;18,29;6,16;Chinese Cabbage;HYDROPONIC;4,768
14225,2;910,6;1123,6;16,7;74,85;12,0;5,66;Lettuce;HYDROPONIC;5,874
14540,9;987,6;1297,8;25,94;75,21;23,55;5,53;Bok Choy;HYDROPONIC;5,027
17320,5;946,2;1535,7;28,15;63,47;23,36;6,02;Kale;AEROPONIC;6,399
11649,8;1129,5;1090,1;27,02;74,64;23,23;6,24;Lettuce;AQUAPONIC;5,012
13788,4;939,8;1228,8;21,94;86,11;19,1;6,34;Lettuce;SOIL_BASED;3,857
15525,3;797,9;776,8;23,02;76,31;19,87;6,71;Bok Choy;HYDROPONIC;5,128
15597,1;695,0;1166,6;24,48;64,7;20,7;5,89;Chinese Cabbage;AEROPONIC;4,361
16675,2;914,9;1332,4;24,38;63,07;20,66;5,81;Spinach;SOIL_BASED;3,699
9846,2;684,1;1506,3;25,41;68,97;21,97;5,78;Spinach;HYDROPONIC;4,469
13356,8;956,9;1075,6;24,07;74,55;20,93;5,88;Lettuce;SOIL_BASED;4,187
15928,5;752,1;1324,6;22,49;69,52;16,78;5,84;Bok Choy;AEROPONIC;5,009
9947,7;834,3;1350,6;23,88;58,59;19,64;6,49;Spinach;SOIL_BASED;3,316
20648,0;609,9;814,1;26,3;74,44;21,63;6,75;Lettuce;HYDROPONIC;5,704
9079,5;743,6;953,2;31,67;75,97;26,68;6,19;Chinese Cabbage;SOIL_BASED;3,124
10525,6;637,5;1410,6;22,1;60,54;18,34;6,2;Spinach;SOIL_BASED;3,335
12000,7;1024,5;1295,7;24,13;76,17;20,13;6,03;Lettuce;HYDROPONIC;5,812
11606,5;738,8;1304,7;22,48;69,03;18,16;6,13;Lettuce;AEROPONIC;5,777
16255,0;770,3;1038,3;24,36;72,14;21,04;6,48;Kale;AEROPONIC;6,223
14798,4;624,5;903,5;26,23;72,29;22,89;5,73;Chinese Cabbage;SOIL_BASED;3,02
11387,5;558,0;1404,5;22,92;70,45;17,04;5,88;Kale;AQUAPONIC;5,415
21761,9;653,9;1323,5;17,77;64,61;12,0;6,14;Bok Choy;SOIL_BASED;3,436
17126,0;655,2;775,5;26,38;72,25;23,43;5,61;Kale;AQUAPONIC;5,136
15410,5;651,9;1254,3;23,87;68,39;19,23;6,13;Kale;SOIL_BASED;4,288
17019,3;648,5;1743,1;22,54;70,8;17,92;5,6;Spinach;AEROPONIC;4,752
15897,1;887,6;1435,9;21,92;65,68;17,52;6,18;Lettuce;SOIL_BASED;4,473
15183,9;713,3;1047,2;24,37;71,36;20,88;6,08;Chinese Cabbage;SOIL_BASED;3,357
16265,4;864,5;1323,4;21,55;68,0;18,15;6,11;Kale;AQUAPONIC;5,43
14359,5;711,0;1226,5;21,88;59,48;16,66;6,16;Chinese Cabbage;AEROPONIC;4,464
16848,3;815,2;1708,1;20,0;72,56;14,37;6,41;Kale;AQUAPONIC;5,483
14778,4;876,9;987,4;21,59;77,18;17,43;5,93;Bok Choy;SOIL_BASED;3,619
13529,3;675,8;1617,9;25,27;71,49;22,18;6,07;Kale;HYDROPONIC;5,831
20211,0;958,8;969,7;19,63;66,55;15,61;5,86;Spinach;SOIL_BASED;3,553
14792,0;788,7;1366,8;26,73;71,47;22,92;6,12;Lettuce;SOIL_BASED;4,001
13636,1;607,7;1447,7;20,2;62,39;16,64;6,11;Bok Choy;AQUAPONIC;4,656
11494,5;685,8;1580,0;23,92;74,82;19,93;5,71;Kale;HYDROPONIC;6,178
11005,7;728,0;1479,8;24,86;75,6;20,0;6,39;Chinese Cabbage;HYDROPONIC;4,391
14652,1;712,7;883,7;25,81;67,79;20,93;6,26;Bok Choy;AQUAPONIC;4,449
13233,3;427,3;1280,3;25,81;69,15;21,43;6,45;Bok Choy;AEROPONIC;5,328
11908,6;613,9;1412,9;23,26;59,5;18,77;6,26;Kale;HYDROPONIC;6,147
19027,9;876,5;1562,4;23,02;73,06;18,64;6,39;Bok Choy;HYDROPONIC;5,271
18146,4;746,6;986,1;25,17;66,2;21,49;5,79;Chinese Cabbage;AQUAPONIC;4,246
11013,5;819,1;1035,8;24,28;46,55;19,05;5,98;Bok Choy;AEROPONIC;4,876
13298,2;813,2;899,5;22,53;69,11;19,42;5,72;Chinese Cabbage;AEROPONIC;4,19
8818,5;745,0;1279,9;24,54;67,22;20,02;6,34;Kale;SOIL_BASED;4,365
12777,5;670,9;1350,3;23,03;59,57;18,55;6,04;Lettuce;SOIL_BASED;3,979
12121,0;693,8;1372,2;21,82;76,43;16,04;5,97;Bok Choy;AQUAPONIC;4,64
13937,2;802,1;1210,9;22,44;64,49;19,21;6,18;Lettuce;AEROPONIC;5,811
11397,3;621,5;1250,6;24,86;61,96;20,84;6,11;Chinese Cabbage;AQUAPONIC;3,713
8294,2;837,4;1252,6;20,9;77,55;17,43;6,09;Bok Choy;SOIL_BASED;3,842
12571,6;981,3;1219,5;26,6;71,6;21,34;6,69;Spinach;AQUAPONIC;4,197
18906,4;452,2;802,9;21,94;59,86;18,37;5,74;Lettuce;AQUAPONIC;5,054
12275,8;857,6;1031,3;17,17;68,06;13,34;5,82;Bok Choy;HYDROPONIC;5,077
21288,2;751,5;1419,8;25,05;61,5;19,67;6,3;Lettuce;HYDROPONIC;5,511
11568,1;853,9;1164,4;15,94;57,48;12,56;5,95;Bok Choy;HYDROPONIC;4,664
14778,9;696,7;1149,8;20,67;56,86;16,8;5,71;Kale;SOIL_BASED;4,461
15630,8;980,4;1609,2;30,28;73,98;25,26;5,27;Lettuce;AQUAPONIC;5,064
10853,6;752,5;1559,6;26,47;61,42;21,02;5,89;Spinach;HYDROPONIC;4,365
8706,3;805,4;1090,1;26,24;59,81;22,55;6,16;Spinach;HYDROPONIC;4,712
18300,7;838,5;1667,7;20,37;66,25;15,24;5,97;Chinese Cabbage;HYDROPONIC;4,382
18331,5;799,5;1229,1;22,98;89,99;18,67;6,09;Bok Choy;SOIL_BASED;3,291
19375,4;805,9;1488,0;26,98;72,14;23,02;5,74;Lettuce;SOIL_BASED;4,297
11635,2;820,8;1271,0;25,29;75,15;20,33;6,34;Chinese Cabbage;AQUAPONIC;4,116
15791,8;708,7;1113,6;26,68;60,12;22,87;5,88;Lettuce;AQUAPONIC;5,311
14636,0;738,1;1488,5;28,49;71,81;25,4;6,47;Bok Choy;AQUAPONIC;4,626
14155,2;929,9;1045,4;25,35;68,13;22,76;6,2;Spinach;HYDROPONIC;4,681
13157,3;556,1;1239,1;20,05;62,19;15,62;6,26;Kale;AEROPONIC;6,192
17214,0;662,2;1279,3;25,18;66,32;20,74;6,22;Spinach;SOIL_BASED;3,328
23702,1;531,2;1179,8;22,84;62,71;18,48;6,01;Chinese Cabbage;HYDROPONIC;4,439
15468,5;534,3;926,5;19,89;69,29;16,41;6,12;Kale;HYDROPONIC;5,618
15124,0;635,7;1411,7;26,0;66,33;21,15;6,02;Chinese Cabbage;AQUAPONIC;3,981
12204,3;747,3;1519,4;26,87;62,73;22,09;6,48;Bok Choy;AQUAPONIC;4,295
16856,0;856,9;1322,7;23,24;66,07;18,16;5,63;Kale;HYDROPONIC;6,185
5895,9;835,3;1082,2;24,4;75,53;20,32;6,64;Chinese Cabbage;SOIL_BASED;2,727
13336,4;868,7;1843,6;17,7;58,33;13,21;5,81;Bok Choy;SOIL_BASED;3,249
15775,7;689,1;1219,9;26,65;63,49;22,46;6,15;Spinach;HYDROPONIC;4,595
15359,5;1060,8;1215,5;25,72;70,91;22,48;6,01;Bok Choy;AEROPONIC;5,107
14164,5;775,2;519,4;24,2;63,0;19,76;6,19;Lettuce;AEROPONIC;5,701
8050,7;975,9;957,3;19,99;78,76;16,01;6,22;Bok Choy;SOIL_BASED;3,526
19737,5;719,9;1581,7;18,9;77,83;15,27;6,34;Bok Choy;AQUAPONIC;4,359
15303,8;680,2;2136,2;29,17;78,28;23,56;5,92;Lettuce;AEROPONIC;5,539
14419,3;820,7;1614,3;20,7;73,58;17,85;6,51;Chinese Cabbage;AEROPONIC;4,626
18905,7;594,1;1009,1;23,88;76,3;19,71;6,42;Chinese Cabbage;AQUAPONIC;4,289
18731,6;592,4;1403,8;20,79;68,2;16,67;5,98;Bok Choy;AEROPONIC;5,088
13749,1;957,7;1178,9;17,09;63,19;12,66;6,72;Lettuce;HYDROPONIC;5,438
13593,7;795,3;1186,8;24,75;63,69;21,03;5,85;Lettuce;AEROPONIC;5,867
16156,0;735,6;941,5;25,19;54,82;22,82;6,32;Spinach;AQUAPONIC;4,041
18821,0;975,1;1415,1;18,83;65,03;15,12;6,1;Chinese Cabbage;HYDROPONIC;4,098
17951,0;674,5;950,2;26,6;65,54;22,87;5,82;Kale;AEROPONIC;6,256
11118,8;1162,8;681,8;22,03;66,55;16,73;6,89;Chinese Cabbage;SOIL_BASED;3,285
10696,6;755,9;1173,6;20,47;89,44;15,87;6,16;Chinese Cabbage;HYDROPONIC;4,167
11477,1;669,1;614,6;20,29;61,83;15,76;5,94;Spinach;HYDROPONIC;4,642
16419,3;926,3;1069,9;25,94;66,14;20,49;6,13;Kale;SOIL_BASED;4,298
13155,4;676,4;1435,9;18,11;86,31;13,19;6,35;Spinach;SOIL_BASED;3,421
16239,1;790,1;1574,3;20,02;62,15;14,24;5,76;Kale;AEROPONIC;6,079
9961,2;1074,0;1445,8;24,71;59,25;20,74;6,05;Bok Choy;AEROPONIC;5,41
11605,1;730,0;1220,0;24,34;66,38;19,38;6,26;Kale;AQUAPONIC;5,59
16219,1;779,9;1138,5;20,64;62,13;16,58;6,25;Spinach;AQUAPONIC;4,155
9086,0;807,6;1039,1;27,1;77,28;23,72;6,12;Chinese Cabbage;HYDROPONIC;4,195
20729,9;956,0;1666,5;20,38;69,28;16,71;5,39;Kale;SOIL_BASED;4,306
18387,5;744,7;952,7;22,92;58,7;18,61;5,9;Kale;SOIL_BASED;4,284
19347,9;1012,8;1312,3;22,55;70,71;17,63;6,36;Lettuce;AQUAPONIC;5,223
17190,7;745,8;1434,3;22,56;69,65;17,32;6,46;Chinese Cabbage;HYDROPONIC;4,331
7945,6;897,4;763,8;22,95;56,33;19,73;6,1;Bok Choy;HYDROPONIC;4,565
18434,1;698,5;652,0;22,87;71,79;18,81;5,94;Spinach;AQUAPONIC;4,232
17045,5;808,4;1433,7;22,83;72,24;18,96;6,13;Bok Choy;AQUAPONIC;4,465
13325,0;861,8;901,7;22,99;56,56;16,84;6,4;Chinese Cabbage;AQUAPONIC;3,944
12919,1;779,9;1360,5;26,54;57,7;22,45;6,0;Kale;AEROPONIC;6,168
17234,2;652,4;1052,3;22,85;65,02;19,15;7,02;Kale;HYDROPONIC;5,735
8952,1;726,8;1349,6;25,44;62,71;21,34;5,47;Chinese Cabbage;HYDROPONIC;4,054
17716,9;918,7;1384,8;23,92;73,07;19,19;6,37;Kale;HYDROPONIC;5,975
12245,3;716,4;1541,3;24,53;64,32;19,01;5,92;Kale;AQUAPONIC;5,502
15075,1;1082,5;1395,2;25,68;66,5;23,1;5,62;Kale;AQUAPONIC;5,388
15199,8;801,3;1338,4;20,31;59,0;16,45;6,19;Spinach;AQUAPONIC;4,343
9764,3;801,3;1732,3;25,26;76,06;21,22;6,04;Spinach;AQUAPONIC;4,352
8845,6;824,8;1026,0;22,91;61,54;18,8;5,93;Lettuce;SOIL_BASED;4,204
15374,2;800,3;1293,6;20,81;59,23;14,59;5,88;Bok Choy;AQUAPONIC;4,361
14322,0;1028,1;1516,7;25,67;68,44;21,68;6,02;Chinese Cabbage;AEROPONIC;4,641
15480,1;730,1;588,5;22,31;77,13;16,53;6,16;Chinese Cabbage;SOIL_BASED;2,91
10949,3;843,8;1676,5;24,56;71,85;20,87;6,24;Chinese Cabbage;SOIL_BASED;3,026
17565,5;935,5;1236,8;15,91;63,2;12,82;6,61;Lettuce;AQUAPONIC;5,082
18742,8;1023,6;1391,5;25,53;64,56;20,83;6,51;Spinach;HYDROPONIC;4,713
13532,6;835,8;1151,8;30,75;56,53;26,71;6,06;Lettuce;AQUAPONIC;4,784
10455,0;591,0;1394,5;23,48;84,36;20,39;5,52;Chinese Cabbage;HYDROPONIC;4,038
12519,7;574,1;1349,0;22,76;81,19;17,88;5,84;Bok Choy;AQUAPONIC;4,694
15519,5;842,3;987,7;22,21;70,45;17,01;6,95;Kale;AQUAPONIC;5,277
16067,3;853,7;1165,6;25,06;67,9;20,53;6,73;Spinach;HYDROPONIC;4,307
21330,3;797,0;1410,7;22,65;58,43;18,19;6,21;Spinach;HYDROPONIC;4,542
17381,3;742,7;1662,4;25,31;66,76;20,92;5,96;Lettuce;HYDROPONIC;5,672
13615,9;771,5;1182,2;28,32;75,57;23,58;5,75;Spinach;HYDROPONIC;4,575
16361,2;768,1;944,3;25,85;74,2;20,86;5,98;Chinese Cabbage;AEROPONIC;4,392
15655,2;762,5;1371,8;23,01;64,17;19,74;6,16;Chinese Cabbage;HYDROPONIC;4,155
14670,2;838,2;1201,8;20,38;74,81;16,51;5,76;Lettuce;AQUAPONIC;5,134
20320,3;784,8;1488,7;22,36;77,84;18,09;5,54;Chinese Cabbage;AQUAPONIC;3,984
12305,7;679,9;1086,1;23,05;68,29;18,93;5,71;Bok Choy;AEROPONIC;4,904
16601,9;730,0;926,2;19,81;76,35;15,31;6,65;Lettuce;HYDROPONIC;5,175
16537,6;580,7;1688,0;26,54;82,03;22,15;6,03;Bok Choy;AQUAPONIC;4,661
20860,2;474,1;1156,9;25,09;84,28;20,74;6,19;Kale;AEROPONIC;6,492
7279,2;787,7;1044,5;20,56;62,9;16,86;6,2;Bok Choy;AQUAPONIC;4,695
18754,9;818,7;1102,2;18,52;71,77;14,83;6,18;Kale;AEROPONIC;6,155
10621,4;614,0;1646,7;25,51;73,98;20,03;5,64;Kale;AEROPONIC;6,075
9143,6;850,3;1876,3;18,9;67,84;14,99;6,68;Bok Choy;SOIL_BASED;3,492
11179,2;821,7;1074,7;23,74;78,57;16,89;6,19;Lettuce;SOIL_BASED;4,206
9322,1;682,8;1229,4;22,35;68,47;19,54;5,92;Chinese Cabbage;HYDROPONIC;4,432
18652,3;766,8;1363,7;25,74;66,7;21,97;6,03;Chinese Cabbage;SOIL_BASED;3,609
20152,7;588,2;795,6;25,77;56,83;21,16;5,89;Kale;AEROPONIC;6,189
12033,8;863,8;1147,2;21,2;53,63;16,65;5,88;Kale;AQUAPONIC;5,511
13769,8;490,8;1771,4;25,99;65,02;22,58;6,22;Lettuce;AQUAPONIC;5,211
18457,1;752,8;1195,4;22,69;43,34;16,47;4,87;Spinach;HYDROPONIC;4,522
20348,3;962,2;1608,6;23,55;78,58;19,86;5,86;Bok Choy;SOIL_BASED;3,588
15027,0;774,4;1262,4;23,61;75,55;20,05;5,71;Kale;HYDROPONIC;5,914
12964,5;708,0;726,8;29,79;73,86;25,66;6,15;Chinese Cabbage;AEROPONIC;4,324
9530,8;582,2;1537,9;23,17;77,46;19,88;5,45;Lettuce;SOIL_BASED;4,28
10305,9;1090,5;1189,4;18,82;65,66;15,27;5,49;Bok Choy;HYDROPONIC;4,961
20200,9;587,7;1652,3;21,5;69,88;17,85;5,87;Lettuce;AQUAPONIC;4,962
10342,9;960,2;1332,5;25,57;64,84;22,53;6,29;Bok Choy;AQUAPONIC;4,407
15871,1;720,5;1281,7;22,7;77,43;18,31;6,74;Bok Choy;HYDROPONIC;5,025
13654,7;805,5;1402,5;23,54;46,31;20,24;6,4;Kale;HYDROPONIC;5,827
13292,8;759,1;1378,8;22,29;77,43;17,86;6,15;Lettuce;HYDROPONIC;5,381
9067,3;603,1;829,1;15,61;52,52;12,24;6,56;Lettuce;AEROPONIC;5,184
13723,2;664,4;1555,8;21,32;66,25;16,25;6,18;Chinese Cabbage;AEROPONIC;4,43
20212,8;964,5;1271,4;23,28;59,08;18,51;6,63;Chinese Cabbage;AQUAPONIC;3,824
14459,5;468,7;1287,1;18,55;66,84;13,83;6,1;Kale;AEROPONIC;6,206
16481,7;755,3;1388,7;20,2;63,3;16,06;6,9;Kale;AEROPONIC;6,289
9354,8;1030,7;1515,1;22,55;64,73;17,25;5,51;Spinach;SOIL_BASED;3,506
14106,1;846,5;1554,3;22,57;72,65;18,1;6,28;Chinese Cabbage;AEROPONIC;4,516
13851,4;846,3;1453,1;24,6;69,91;20,8;5,64;Bok Choy;SOIL_BASED;3,611
14073,6;850,9;826,0;22,72;76,49;19,45;6,28;Lettuce;AEROPONIC;5,852
16007,8;771,3;1261,6;24,5;71,56;19,91;6,26;Kale;AQUAPONIC;5,318
15355,0;718,8;1036,6;21,54;54,49;18,08;6,43;Lettuce;HYDROPONIC;5,889
11054,4;948,9;1326,6;24,09;87,99;19,49;6,31;Lettuce;AQUAPONIC;4,813
11942,7;611,5;1228,3;27,62;51,12;23,48;6,38;Spinach;AEROPONIC;4,754
14502,5;854,2;1809,4;24,31;70,67;20,1;6,38;Chinese Cabbage;HYDROPONIC;4,503
21924,8;646,5;925,6;22,84;74,26;17,97;6,05;Kale;HYDROPONIC;5,744
11870,6;686,1;1282,6;20,86;70,49;15,84;6,07;Lettuce;HYDROPONIC;5,627
12874,3;947,0;1309,4;23,74;66,3;19,81;6,95;Kale;SOIL_BASED;4,805
13342,9;734,1;1158,7;22,89;80,64;18,6;5,93;Bok Choy;AQUAPONIC;4,431
15659,3;688,7;1274,0;25,07;77,55;19,95;5,92;Spinach;SOIL_BASED;3,37
17871,3;1023,9;1836,8;18,4;67,82;12,93;6,5;Bok Choy;HYDROPONIC;4,869
15858,5;634,6;1374,2;22,97;64,18;18,27;6,1;Kale;AQUAPONIC;5,325
10872,7;1063,6;1673,0;24,67;61,05;18,73;6,6;Kale;AQUAPONIC;5,544
16701,8;815,5;1157,8;23,86;61,73;20,58;5,85;Chinese Cabbage;AEROPONIC;4,287
19811,2;948,4;1480,8;22,57;67,49;18,95;6,37;Lettuce;SOIL_BASED;4,292
14652,7;670,1;1069,2;22,53;53,93;20,1;5,82;Lettuce;SOIL_BASED;3,817
13586,3;918,7;1053,3;20,42;67,94;16,9;6,36;Bok Choy;AEROPONIC;5,207
20630,1;909,0;816,8;24,56;74,83;21,26;5,98;Spinach;SOIL_BASED;3,534
9909,9;696,7;1002,8;24,69;63,21;19,76;6,19;Lettuce;HYDROPONIC;5,475
14967,0;724,5;1294,6;19,54;67,81;15,25;5,93;Chinese Cabbage;HYDROPONIC;4,335
15727,6;559,5;1682,0;25,64;70,61;19,91;6,07;Bok Choy;SOIL_BASED;3,713
15531,8;624,0;1249,7;21,67;72,12;17,07;6,45;Bok Choy;AEROPONIC;4,994
16745,6;895,7;1340,4;22,45;66,3;19,57;6,38;Chinese Cabbage;AQUAPONIC;3,922
10384,5;756,6;1577,9;28,69;82,97;25,59;6,22;Spinach;SOIL_BASED;3,026
13561,5;584,2;1195,9;27,99;68,03;24,0;6,87;Chinese Cabbage;AQUAPONIC;4,039
13166,1;846,7;1026,2;19,45;56,7;15,55;6,36;Spinach;AEROPONIC;4,736
10584,6;977,0;1055,8;19,92;64,72;15,5;5,91;Chinese Cabbage;AQUAPONIC;4,06
9437,2;933,1;1571,5;20,56;79,03;17,48;6,03;Chinese Cabbage;AEROPONIC;4,758
18930,3;942,7;1317,6;27,94;78,37;24,01;6,13;Kale;AEROPONIC;5,909
15067,3;502,5;1317,6;21,8;53,38;16,71;6,56;Bok Choy;HYDROPONIC;4,722
11204,6;847,0;1048,2;19,37;65,47;15,05;6,48;Chinese Cabbage;HYDROPONIC;4,144
11215,8;508,5;1629,3;26,95;63,52;22,69;5,95;Chinese Cabbage;AEROPONIC;4,645
14376,3;602,0;1760,3;25,16;74,62;20,18;6,41;Lettuce;SOIL_BASED;4,008
17686,7;918,3;1325,0;29,8;58,33;26,1;6,03;Bok Choy;HYDROPONIC;4,943
11413,6;834,9;1518,7;25,16;81,26;22,06;5,8;Lettuce;AEROPONIC;6,241
16452,3;976,2;1112,3;23,41;55,51;20,11;6,34;Bok Choy;AQUAPONIC;4,253
19561,7;756,1;1611,3;24,21;66,81;19,21;5,74;Lettuce;AQUAPONIC;5,022
16402,6;960,6;1429,6;22,23;57,76;18,41;6,19;Chinese Cabbage;SOIL_BASED;3,317
11681,4;822,1;960,1;27,16;73,58;23,55;6,32;Chinese Cabbage;AQUAPONIC;3,829
14113,3;648,2;1397,5;27,3;50,51;23,4;5,96;Kale;AQUAPONIC;5,061
13448,3;920,3;1396,2;19,07;66,54;15,36;5,94;Lettuce;AEROPONIC;5,579
12837,8;779,3;1327,2;26,14;66,38;22,15;6,08;Spinach;AQUAPONIC;4,175
14423,8;818,4;1412,2;20,5;60,38;16,07;6,77;Kale;AQUAPONIC;5,161
12687,7;941,0;1267,8;30,26;78,36;26,88;5,88;Lettuce;AQUAPONIC;4,838
11213,0;1118,4;1232,3;27,75;82,48;25,27;6,28;Lettuce;AQUAPONIC;5,154
16120,7;730,2;1344,9;20,31;64,58;16,63;5,93;Kale;AEROPONIC;6,001
17796,3;867,1;1189,1;24,17;69,1;20,26;6,4;Chinese Cabbage;AQUAPONIC;4,086
18112,4;763,8;1111,6;26,28;62,75;21,28;5,72;Lettuce;SOIL_BASED;3,975
10919,4;681,5;1568,7;21,75;57,26;17,24;6,12;Chinese Cabbage;HYDROPONIC;4,396
18028,7;762,9;1130,9;19,67;58,5;16,06;5,61;Kale;SOIL_BASED;4,014
20075,9;897,6;1238,2;23,79;58,72;19,33;5,58;Chinese Cabbage;HYDROPONIC;4,256
10828,4;892,9;1155,3;23,05;78,62;17,55;6,06;Bok Choy;SOIL_BASED;3,794
11372,7;568,2;1053,7;20,94;71,66;15,74;6,01;Spinach;HYDROPONIC;4,934
10095,9;741,6;1680,9;26,96;59,9;23,12;5,86;Lettuce;HYDROPONIC;5,514
10657,1;1025,1;905,3;19,89;60,66;15,53;5,71;Spinach;HYDROPONIC;4,584
19502,9;561,1;1383,3;23,2;59,53;18,33;5,98;Chinese Cabbage;HYDROPONIC;4,338
11334,6;586,2;1246,0;24,01;52,03;18,54;5,95;Lettuce;AEROPONIC;5,711
17003,8;947,7;1404,5;24,37;72,41;20,24;6,56;Chinese Cabbage;SOIL_BASED;3,39
9098,7;741,5;1235,7;26,67;66,92;22,38;6,65;Bok Choy;HYDROPONIC;4,81
9730,5;493,2;1408,0;22,83;82,53;18,83;6,01;Kale;SOIL_BASED;4,1
11706,1;753,1;1353,6;16,21;50,29;12,67;6,18;Lettuce;AQUAPONIC;4,918
16536,1;696,3;1433,0;22,42;75,21;18,54;6,25;Bok Choy;HYDROPONIC;4,977
13807,0;657,6;1733,3;25,53;75,96;20,8;5,99;Bok Choy;SOIL_BASED;3,543
14259,0;1112,2;794,6;23,1;77,08;17,23;5,88;Lettuce;AEROPONIC;6,08
11744,6;521,0;1301,1;23,12;70,09;19,77;6,19;Chinese Cabbage;SOIL_BASED;3,054
12586,2;685,2;1021,6;24,97;75,84;19,84;6,13;Bok Choy;HYDROPONIC;4,594
10494,2;806,9;1091,6;25,34;70,6;19,76;5,76;Spinach;AQUAPONIC;4,427
16901,2;551,1;1032,4;18,5;61,64;14,44;6,38;Bok Choy;SOIL_BASED;3,415
15715,0;955,0;1204,0;23,45;64,59;19,14;6,59;Chinese Cabbage;AQUAPONIC;4,002
13444,5;660,1;1571,8;22,95;64,36;18,73;6,38;Chinese Cabbage;AEROPONIC;4,837
13331,5;607,6;1181,7;23,71;77,89;18,14;6,79;Spinach;SOIL_BASED;3,082
15448,6;870,8;1369,9;17,98;78,88;14,64;6,67;Bok Choy;SOIL_BASED;3,409
17823,8;865,2;1513,2;27,2;74,92;23,09;6,36;Chinese Cabbage;AEROPONIC;4,64
12258,3;778,1;1058,6;23,52;68,52;18,89;5,45;Lettuce;AEROPONIC;6,064
16862,9;640,2;1072,6;24,69;50,51;21,03;5,99;Kale;AEROPONIC;5,929
12263,1;708,9;1280,1;28,44;75,0;25,57;6,53;Kale;HYDROPONIC;5,877
13691,6;784,5;811,5;24,72;74,64;21,24;6,28;Kale;HYDROPONIC;5,97
13814,2;655,4;1802,4;19,19;70,42;16,03;6,38;Bok Choy;SOIL_BASED;3,596
18402,3;983,0;1281,5;23,26;72,07;18,76;5,57;Spinach;SOIL_BASED;3,347
12802,7;1044,4;1425,5;25,39;61,1;20,22;6,37;Chinese Cabbage;SOIL_BASED;3,147
7290,4;582,8;1229,2;23,66;65,08;19,23;6,18;Lettuce;AQUAPONIC;5,049
11112,7;1019,6;1445,4;28,28;61,02;24,99;6,37;Lettuce;AEROPONIC;5,783
21305,9;750,0;1234,7;21,1;66,68;16,48;6,32;Bok Choy;SOIL_BASED;3,419
8712,9;578,1;1425,2;26,99;75,45;23,0;6,72;Kale;AEROPONIC;6,033
7922,5;850,6;1617,1;25,85;71,73;20,34;6,29;Bok Choy;HYDROPONIC;4,759
17331,3;733,8;707,4;23,75;59,12;19,81;6,28;Spinach;AEROPONIC;4,818
16914,6;840,2;1453,2;24,43;83,57;20,82;5,53;Spinach;AQUAPONIC;4,376
13218,0;913,1;1142,4;20,76;69,47;16,07;6,47;Chinese Cabbage;AQUAPONIC;4,032
16348,3;877,3;992,8;22,64;62,27;18,81;6,28;Chinese Cabbage;AEROPONIC;4,769
12959,4;674,6;904,7;25,12;65,44;20,86;5,91;Spinach;AQUAPONIC;4,272
11093,0;1033,7;1305,4;23,08;63,28;20,12;5,74;Spinach;AQUAPONIC;4,18
20450,4;728,2;1353,3;23,67;69,92;19,85;5,98;Spinach;HYDROPONIC;4,624
12155,1;893,6;1117,3;26,28;56,76;21,95;6,63;Bok Choy;SOIL_BASED;3,406
9778,8;887,4;952,8;18,16;70,5;13,67;7,0;Spinach;AQUAPONIC;4,185
8602,0;833,2;1309,8;24,53;75,14;20,7;5,98;Lettuce;SOIL_BASED;3,853
19086,3;842,5;1298,0;28,47;73,61;23,24;5,74;Kale;AEROPONIC;6,131
15102,5;639,0;1436,3;22,44;70,25;19,05;6,48;Spinach;AEROPONIC;5,0
17438,7;729,3;1458,7;20,02;72,89;15,26;5,97;Kale;AQUAPONIC;5,505
21008,9;632,6;1582,8;22,41;71,33;17,2;6,46;Bok Choy;AEROPONIC;5,42
12719,0;915,8;1455,2;19,25;76,9;15,18;6,44;Kale;HYDROPONIC;6,239
21920,8;709,0;855,6;24,13;65,96;17,78;5,7;Bok Choy;AQUAPONIC;4,512
14074,9;720,5;1277,6;23,29;60,23;19,95;6,14;Lettuce;AQUAPONIC;5,333
14759,3;700,9;1540,0;24,39;71,11;20,45;5,24;Bok Choy;AQUAPONIC;4,326
19391,4;707,4;1500,5;23,13;77,21;18,88;6,44;Bok Choy;AEROPONIC;5,486
14644,0;759,1;1911,7;24,05;64,68;19,68;5,94;Chinese Cabbage;AEROPONIC;4,448
17428,0;727,0;1511,2;24,76;81,58;20,2;5,82;Spinach;AQUAPONIC;4,363
12816,3;807,0;929,8;20,15;71,24;16,28;6,1;Spinach;SOIL_BASED;3,271
15898,6;751,8;869,2;24,47;75,89;19,83;6,04;Lettuce;AEROPONIC;5,908
19403,6;585,3;1294,5;27,55;58,13;22,79;5,9;Lettuce;AEROPONIC;5,757
16600,7;893,7;1319,2;20,81;74,72;17,35;5,92;Spinach;AQUAPONIC;4,524
13058,0;820,7;1137,4;24,36;71,98;19,64;6,06;Chinese Cabbage;SOIL_BASED;3,139
14779,7;886,1;1479,7;27,13;85,95;22,55;6,11;Spinach;AQUAPONIC;4,15
13079,0;786,5;626,3;20,27;72,39;15,33;6,55;Chinese Cabbage;AEROPONIC;4,315
14227,5;848,1;1159,4;25,73;73,56;21,72;6,88;Lettuce;AQUAPONIC;5,337
19774,9;608,2;686,4;22,88;61,03;20,55;6,34;Kale;AQUAPONIC;5,098
14965,2;714,2;1084,5;26,33;70,7;24,04;6,15;Lettuce;AQUAPONIC;5,284
17506,1;865,0;1189,7;21,19;77,74;16,95;5,53;Lettuce;SOIL_BASED;4,301
16254,3;713,5;1553,3;23,47;65,05;19,8;5,94;Bok Choy;AQUAPONIC;4,877
19049,9;972,5;962,3;19,25;61,95;14,67;5,56;Bok Choy;AEROPONIC;5,199
10841,8;991,7;1244,5;24,72;85,07;20,59;5,6;Bok Choy;AQUAPONIC;4,336
15226,1;819,8;1143,8;24,76;65,64;20,76;6,34;Bok Choy;SOIL_BASED;3,775
20998,3;789,4;1248,3;25,01;75,69;20,25;5,97;Chinese Cabbage;HYDROPONIC;4,669
12202,7;1076,0;1179,1;24,88;63,94;20,61;6,35;Spinach;SOIL_BASED;3,51
22159,9;410,4;1214,1;23,24;64,28;19,18;6,29;Kale;AQUAPONIC;5,437
11539,4;831,2;1110,6;19,36;66,96;16,02;6,01;Lettuce;HYDROPONIC;5,924
13542,0;928,3;1376,1;26,28;72,87;22,77;5,72;Chinese Cabbage;AQUAPONIC;3,694
17327,3;530,3;1566,6;23,39;77,93;19,01;5,98;Kale;SOIL_BASED;4,287
15032,6;656,9;1290,9;24,6;63,23;20,07;5,39;Chinese Cabbage;HYDROPONIC;4,629
7426,6;918,6;1802,2;22,98;77,53;17,4;5,78;Chinese Cabbage;HYDROPONIC;4,077
15932,2;757,9;1300,4;28,98;69,18;24,22;7,03;Lettuce;AQUAPONIC;5,275
14974,2;852,9;1489,6;21,91;66,5;18,22;6,06;Spinach;AQUAPONIC;4,005
12605,1;494,2;1082,5;21,8;72,76;16,86;6,56;Bok Choy;SOIL_BASED;3,805
13618,2;567,6;1250,1;19,13;80,15;13,76;5,73;Spinach;AQUAPONIC;4,434
7281,3;707,3;1199,3;23,82;72,38;19,06;6,42;Lettuce;HYDROPONIC;5,405
12579,6;960,9;962,1;28,7;61,82;25,27;5,91;Lettuce;AEROPONIC;5,662
17052,9;881,5;1080,2;23,85;69,24;18,1;6,11;Lettuce;AEROPONIC;5,585
15104,6;641,2;1372,9;24,14;72,78;18,11;5,71;Kale;SOIL_BASED;4,22
18040,4;657,4;1613,8;26,22;62,96;23,82;6,39;Spinach;AQUAPONIC;4,283
21005,7;868,8;1426,0;23,95;70,39;19,84;6,19;Spinach;SOIL_BASED;3,821
11615,0;795,5;1367,4;26,86;61,89;23,22;6,46;Chinese Cabbage;AEROPONIC;4,697
11385,9;838,5;1057,0;27,27;73,39;21,79;6,23;Chinese Cabbage;AEROPONIC;4,209
17827,4;717,1;1406,2;21,84;80,45;17,43;6,84;Chinese Cabbage;AQUAPONIC;4,11
13956,4;701,4;1115,5;19,49;67,31;15,67;6,19;Lettuce;HYDROPONIC;5,327
13862,6;773,4;975,2;25,43;74,34;21,68;6,19;Spinach;AQUAPONIC;4,557
23965,5;670,2;1046,2;24,4;76,71;20,97;6,3;Lettuce;AEROPONIC;5,592
18870,0;669,8;1248,8;20,57;64,35;13,99;7,06;Kale;HYDROPONIC;6,148
15057,0;517,7;1139,6;21,6;71,6;17,37;5,92;Chinese Cabbage;SOIL_BASED;3,118
16292,7;703,9;1354,8;21,59;77,68;17,67;5,67;Lettuce;AEROPONIC;5,462
15246,1;607,1;1181,8;23,91;81,91;21,18;6,01;Lettuce;SOIL_BASED;4,056
9901,5;683,1;1352,2;26,29;65,63;21,72;5,93;Kale;HYDROPONIC;5,845
15736,6;758,2;1199,1;26,45;58,42;23,17;6,65;Bok Choy;SOIL_BASED;3,712
14013,0;893,3;1267,4;25,71;72,96;20,99;6,21;Spinach;AEROPONIC;4,743
12208,7;741,9;1025,0;22,68;69,95;18,93;5,89;Bok Choy;AQUAPONIC;4,792
13167,1;791,6;1653,2;29,72;68,26;24,29;5,96;Chinese Cabbage;SOIL_BASED;3,379
10125,0;721,8;856,0;23,59;63,59;20,01;6,2;Lettuce;AEROPONIC;5,615
9115,6;801,1;1927,3;22,41;75,52;18,32;5,65;Kale;AEROPONIC;6,029
12074,2;764,4;1403,2;19,68;63,0;14,68;5,03;Kale;HYDROPONIC;6,312
11570,2;484,3;873,7;22,53;62,26;17,6;6,37;Spinach;AEROPONIC;4,938
21226,2;750,9;1305,7;24,73;66,88;20,16;5,86;Bok Choy;AQUAPONIC;4,476
19414,0;763,5;1337,8;19,06;75,9;14,48;7,05;Spinach;AQUAPONIC;4,345
12908,4;821,1;1668,1;20,83;56,47;16,88;6,5;Lettuce;SOIL_BASED;3,912
16354,3;662,7;929,3;22,19;59,37;18,79;5,61;Spinach;SOIL_BASED;3,373
14478,3;722,7;929,6;21,33;61,03;17,19;5,83;Kale;SOIL_BASED;4,306
12639,3;883,5;1369,7;21,1;84,86;17,14;6,16;Kale;SOIL_BASED;4,344
11211,3;669,6;1330,3;26,65;70,4;22,1;6,63;Chinese Cabbage;AQUAPONIC;4,102
13384,9;692,6;1661,5;18,88;59,14;14,22;5,94;Chinese Cabbage;HYDROPONIC;4,442
12810,1;980,2;1020,5;23,99;66,89;19,93;5,53;Lettuce;SOIL_BASED;4,182
13956,0;637,0;999,2;24,95;74,57;20,15;6,83;Bok Choy;HYDROPONIC;4,839
21690,4;516,1;1766,2;22,14;85,0;17,86;6,84;Spinach;AEROPONIC;5,035
14174,0;902,8;1268,2;22,86;54,92;18,38;5,63;Lettuce;AEROPONIC;5,97
10146,5;553,0;1086,2;23,39;58,87;19,21;6,18;Chinese Cabbage;SOIL_BASED;3,008
13793,9;747,8;1463,5;25,28;65,12;20,62;5,34;Spinach;AEROPONIC;4,949
18576,7;828,3;746,8;27,79;65,42;23,68;6,37;Chinese Cabbage;HYDROPONIC;4,176
21636,0;901,6;1378,4;19,9;65,29;16,14;6,81;Spinach;HYDROPONIC;4,632
9764,4;861,6;1115,7;20,93;67,05;16,26;6,39;Bok Choy;AEROPONIC;5,245
14651,8;633,6;1149,5;21,08;85,24;17,03;5,93;Lettuce;SOIL_BASED;4,365
15759,2;1002,4;1616,8;23,46;57,24;19,06;5,98;Spinach;HYDROPONIC;4,676
18020,8;728,8;1391,6;22,38;69,36;17,89;6,71;Kale;HYDROPONIC;5,821
13891,0;655,3;986,8;25,37;72,77;22,35;6,43;Kale;AQUAPONIC;5,377
14528,6;913,8;1293,4;21,66;55,66;17,81;5,95;Spinach;SOIL_BASED;3,221
13033,9;641,2;1310,4;21,01;80,19;17,78;6,31;Spinach;AQUAPONIC;4,283
9937,0;831,8;1211,8;21,36;66,67;16,99;6,06;Spinach;AEROPONIC;5,063
17806,7;724,8;1030,3;23,82;58,79;20,62;5,91;Kale;AEROPONIC;5,996
11174,1;725,6;1339,0;26,2;81,15;23,06;6,81;Kale;AQUAPONIC;5,191
9005,6;1129,1;1462,2;23,38;73,79;18,75;6,08;Spinach;SOIL_BASED;3,113
12862,6;797,5;1398,0;21,94;63,39;16,92;6,19;Chinese Cabbage;HYDROPONIC;4,101
8624,2;453,2;1094,7;20,61;74,16;17,13;6,61;Chinese Cabbage;AEROPONIC;4,779
13085,4;552,3;1239,0;27,59;71,3;23,47;6,5;Bok Choy;SOIL_BASED;3,879
12891,4;814,8;705,9;18,57;54,94;15,05;6,27;Lettuce;SOIL_BASED;3,804
14179,6;571,4;1695,6;22,98;55,77;19,33;5,87;Chinese Cabbage;AEROPONIC;4,648
12828,0;687,4;1123,6;25,57;70,86;22,68;6,06;Kale;AEROPONIC;6,22
14694,7;896,3;1144,8;22,94;52,94;18,49;6,13;Chinese Cabbage;SOIL_BASED;3,011
21063,0;753,8;938,2;21,91;76,55;17,92;6,06;Bok Choy;HYDROPONIC;5,309
5763,1;882,6;1503,8;25,0;56,26;21,09;6,28;Bok Choy;AQUAPONIC;4,466
19851,3;958,1;1547,3;20,44;75,83;15,72;5,96;Lettuce;AEROPONIC;5,939
9466,5;879,8;1131,9;18,63;80,1;13,46;5,78;Chinese Cabbage;AQUAPONIC;3,842
16079,9;643,3;984,2;24,49;72,16;21,29;5,77;Kale;SOIL_BASED;4,055
18946,4;898,6;1285,3;20,71;40,0;15,95;6,43;Kale;AQUAPONIC;5,124
13826,0;894,8;1194,4;23,87;77,52;19,89;6,67;Spinach;HYDROPONIC;4,741
15209,0;770,9;1473,5;23,15;64,29;19,39;6,19;Kale;SOIL_BASED;4,183
17072,5;647,2;1245,9;24,23;67,51;19,11;6,02;Lettuce;HYDROPONIC;5,601
18163,2;783,4;1227,3;22,86;61,68;19,1;6,21;Lettuce;SOIL_BASED;3,981
10400,8;800,3;1454,3;25,04;82,3;20,91;5,42;Kale;HYDROPONIC;6,138
15966,4;608,7;870,2;21,53;69,51;17,35;5,92;Kale;SOIL_BASED;4,228
14285,9;905,3;1199,1;25,69;64,55;21,07;6,54;Spinach;HYDROPONIC;4,653
16234,9;722,9;1330,0;20,09;79,39;16,23;6,33;Kale;SOIL_BASED;4,284
16214,8;775,0;1168,8;26,78;75,48;22,96;5,94;Spinach;HYDROPONIC;4,646
14286,7;833,1;1353,0;29,24;58,37;23,43;6,18;Spinach;SOIL_BASED;3,049
14538,5;807,4;1337,6;23,8;70,84;19,85;5,87;Kale;HYDROPONIC;5,986
16395,1;763,2;1508,6;27,89;69,87;25,56;6,29;Bok Choy;AEROPONIC;5,369
12937,8;636,8;1208,7;28,62;55,49;25,04;6,41;Bok Choy;AQUAPONIC;4,38
17153,7;994,1;751,5;22,6;75,03;18,32;6,29;Spinach;SOIL_BASED;3,602
11915,5;979,5;877,6;23,63;67,75;19,18;6,05;Kale;HYDROPONIC;5,604
21442,4;936,2;1400,5;21,22;86,28;15,69;6,26;Bok Choy;AEROPONIC;4,682
16212,4;780,2;1327,2;21,4;79,98;17,85;5,83;Kale;SOIL_BASED;4,564
15389,3;859,2;1221,3;24,15;69,89;20,39;6,39;Kale;SOIL_BASED;4,396
12512,6;623,3;1240,1;18,92;67,26;13,75;6,67;Kale;SOIL_BASED;4,382
14086,1;775,4;1111,5;25,84;50,62;19,88;6,34;Chinese Cabbage;AQUAPONIC;3,827
16004,3;530,2;1112,4;23,97;75,16;20,08;6,09;Kale;HYDROPONIC;6,114
18842,6;693,7;1137,8;25,41;67,42;22,08;5,33;Chinese Cabbage;HYDROPONIC;4,162
10488,4;858,7;1207,4;22,99;64,03;18,42;5,94;Spinach;SOIL_BASED;3,511
9797,6;924,8;1311,7;25,38;68,18;22,55;6,64;Bok Choy;SOIL_BASED;3,762
12885,3;643,7;1260,1;24,19;81,2;20,01;6,13;Bok Choy;SOIL_BASED;3,509
13093,3;663,5;1194,8;24,92;79,6;20,73;5,94;Bok Choy;AEROPONIC;5,047
12950,7;835,4;1460,9;26,02;79,58;21,13;5,7;Bok Choy;SOIL_BASED;3,362
16172,4;516,9;1506,0;19,96;59,18;16,62;6,55;Bok Choy;AQUAPONIC;4,332
15316,1;988,1;1628,1;21,53;81,43;17,63;6,19;Bok Choy;HYDROPONIC;4,54
13693,3;648,6;1231,0;29,98;63,83;24,76;6,52;Bok Choy;AQUAPONIC;4,516
19266,0;754,7;1144,7;24,08;74,34;20,25;5,27;Spinach;SOIL_BASED;3,011
22552,1;874,0;1263,5;18,69;73,33;14,78;6,36;Kale;AEROPONIC;5,886
16416,4;746,9;1137,4;18,71;66,8;15,06;5,71;Lettuce;SOIL_BASED;4,085
16054,9;723,9;1275,9;23,29;69,82;19,97;6,24;Chinese Cabbage;SOIL_BASED;3,16
14765,3;845,7;1385,8;22,04;54,03;17,36;5,99;Lettuce;SOIL_BASED;3,966
10593,8;703,0;1307,7;21,24;68,5;17,71;5,99;Lettuce;SOIL_BASED;4,224
17966,3;818,7;1238,0;28,52;66,0;25,75;6,28;Kale;SOIL_BASED;4,197
13678,4;773,6;1446,1;22,47;86,67;18,99;6,02;Kale;HYDROPONIC;5,903
14297,8;600,4;1715,9;25,8;68,25;22,54;5,76;Kale;AQUAPONIC;5,475
14979,0;958,0;1096,0;24,2;61,93;18,19;6,01;Bok Choy;AEROPONIC;5,175
10295,5;723,8;1366,9;22,67;68,98;18,54;6,16;Spinach;SOIL_BASED;3,405
19108,8;844,2;1230,4;20,3;62,29;15,51;6,01;Bok Choy;AEROPONIC;5,167
17441,5;658,2;1060,6;25,65;55,94;22,21;5,96;Spinach;HYDROPONIC;4,898
11629,5;499,0;1092,9;16,94;71,5;12,52;5,73;Spinach;AQUAPONIC;4,213
10849,2;933,3;1174,3;25,94;68,07;21,65;6,66;Lettuce;SOIL_BASED;3,949
11744,5;777,9;1689,0;23,92;76,44;21,52;5,87;Lettuce;HYDROPONIC;5,736
11699,6;803,2;1527,8;25,23;80,38;21,65;6,68;Spinach;HYDROPONIC;5,02
10566,4;785,2;1047,8;23,52;84,06;20,41;6,5;Spinach;AQUAPONIC;4,097
15600,1;1085,0;1421,6;20,04;69,95;16,96;6,65;Bok Choy;SOIL_BASED;3,806
15562,0;890,2;1027,6;24,62;73,88;20,55;5,78;Bok Choy;AQUAPONIC;4,373
10142,2;871,4;1117,2;25,88;70,39;22,1;6,09;Lettuce;AQUAPONIC;5,355
21649,4;694,0;1621,4;22,16;48,29;17,46;6,09;Kale;AEROPONIC;6,0
10989,8;753,0;1795,7;25,34;78,51;22,1;6,23;Spinach;AEROPONIC;5,147
7419,8;779,4;787,7;24,33;72,64;19,91;6,06;Bok Choy;AQUAPONIC;4,514
16744,6;866,9;1288,0;24,76;72,75;19,92;5,97;Lettuce;AEROPONIC;6,106
14455,8;737,5;1386,0;21,09;63,64;18,08;6,1;Bok Choy;HYDROPONIC;4,869
13144,5;728,4;1208,6;27,09;62,53;23,13;5,9;Spinach;AQUAPONIC;4,018
14978,9;895,2;1316,6;24,33;67,42;19,18;5,92;Spinach;SOIL_BASED;3,504
14332,7;1009,4;1174,5;25,83;72,74;21,5;6,38;Chinese Cabbage;SOIL_BASED;3,457
16945,0;464,0;1443,1;22,41;51,41;19,24;6,21;Kale;HYDROPONIC;5,831
13795,9;903,5;1191,1;26,25;69,72;23,1;5,28;Chinese Cabbage;SOIL_BASED;3,534
12769,1;740,1;1425,4;22,32;82,35;18,17;6,53;Lettuce;SOIL_BASED;4,121
15255,9;866,3;1536,2;21,0;66,88;16,31;6,43;Bok Choy;AQUAPONIC;5,002
17276,8;757,4;1499,7;28,46;51,17;23,77;5,94;Lettuce;HYDROPONIC;5,336
14158,8;724,2;1232,2;16,86;66,4;12,34;6,3;Spinach;AQUAPONIC;4,388
14328,8;792,2;693,2;31,87;70,51;27,93;5,72;Chinese Cabbage;HYDROPONIC;4,128
19029,6;572,6;1407,4;25,46;71,2;21,68;5,87;Chinese Cabbage;AQUAPONIC;3,94
14661,5;629,3;904,1;22,62;69,32;19,94;6,13;Chinese Cabbage;AQUAPONIC;4,123
9388,9;711,2;1400,2;24,41;84,46;20,2;5,72;Lettuce;AEROPONIC;5,758
14776,3;784,1;1379,5;25,47;69,2;21,4;6,65;Spinach;SOIL_BASED;3,696
14526,5;957,1;1226,1;22,57;69,63;18,45;5,81;Bok Choy;HYDROPONIC;5,068
15399,3;892,9;1297,4;29,2;63,16;23,94;6,52;Bok Choy;SOIL_BASED;3,349
15306,5;747,7;1658,2;27,63;76,03;23,7;5,3;Lettuce;AEROPONIC;5,692
14555,0;614,5;1616,8;31,14;82,43;27,12;6,14;Chinese Cabbage;HYDROPONIC;3,93
15646,0;783,7;1188,6;20,08;62,66;16,87;6,6;Kale;AEROPONIC;6,115
10269,4;845,4;788,7;24,1;67,08;19,52;5,69;Lettuce;SOIL_BASED;3,922
22414,6;709,2;1688,4;19,62;48,24;15,79;6,03;Lettuce;AQUAPONIC;4,696
14752,1;739,7;869,7;20,44;60,89;14,18;5,76;Spinach;AEROPONIC;4,745
10760,9;949,3;1303,7;22,59;84,74;17,78;6,15;Bok Choy;AEROPONIC;5,402
9343,0;802,8;1260,9;22,64;65,47;16,68;6,06;Lettuce;AQUAPONIC;5,061
16121,1;781,2;1393,2;24,54;69,93;20,66;5,74;Lettuce;SOIL_BASED;4,306
13111,7;772,6;1617,8;23,19;61,81;19,34;6,74;Chinese Cabbage;AEROPONIC;4,72
15545,6;968,6;1295,8;25,74;71,81;20,84;6,15;Chinese Cabbage;SOIL_BASED;3,207
21916,0;506,1;1148,8;24,39;66,52;19,93;6,93;Kale;AQUAPONIC;5,733
14591,1;840,2;1354,0;28,11;71,49;23,17;5,8;Spinach;HYDROPONIC;4,397
18306,4;507,7;925,6;25,82;68,89;21,3;5,98;Kale;AEROPONIC;5,926
11076,4;709,7;1102,1;20,2;80,27;16,17;5,46;Chinese Cabbage;SOIL_BASED;3,372
15416,2;532,6;1225,0;23,09;69,43;18,79;5,15;Bok Choy;AQUAPONIC;4,634
11516,1;835,6;1421,2;23,28;60,91;19,58;6,66;Chinese Cabbage;AQUAPONIC;4,289
10451,1;475,0;1640,5;24,73;62,59;21,84;5,69;Spinach;AEROPONIC;4,567
15161,8;556,6;1561,1;26,51;52,12;21,99;6,12;Chinese Cabbage;HYDROPONIC;4,439
19690,3;771,1;1519,4;24,29;69,07;19,2;5,54;Spinach;AEROPONIC;4,966
17884,1;782,1;1563,9;25,12;67,46;21,21;6,52;Spinach;SOIL_BASED;3,356
24020,2;1007,2;1433,2;20,32;80,86;16,49;5,98;Spinach;AQUAPONIC;4,49
14318,5;1020,9;1300,2;22,21;58,03;17,96;6,2;Spinach;HYDROPONIC;4,4
15687,9;573,7;1020,0;18,15;62,07;13,86;6,03;Spinach;SOIL_BASED;3,122
16827,8;692,2;1288,3;24,74;62,16;19,68;6,48;Bok Choy;AEROPONIC;5,273
14900,5;714,7;853,0;25,86;65,84;21,15;6,65;Kale;AQUAPONIC;5,002
17605,7;922,7;1144,3;19,81;57,28;16,32;5,91;Lettuce;AEROPONIC;5,792
12610,3;725,5;1296,9;23,94;65,63;20,83;6,4;Kale;HYDROPONIC;6,269
12078,2;501,4;1295,5;23,21;68,16;18,89;5,93;Spinach;HYDROPONIC;4,859
12703,7;894,8;1116,4;28,23;68,41;23,0;6,46;Bok Choy;HYDROPONIC;4,857
10971,9;703,0;831,8;21,0;78,82;15,7;5,75;Chinese Cabbage;HYDROPONIC;4,274
8614,4;1005,5;1134,2;26,07;67,75;23,41;6,15;Bok Choy;HYDROPONIC;4,706
13958,3;837,6;1213,7;26,7;67,54;22,08;5,99;Spinach;AEROPONIC;4,596
6678,7;896,5;1329,2;22,95;77,73;18,71;6,44;Bok Choy;HYDROPONIC;4,965
13095,1;879,2;1460,0;24,32;67,98;21,64;5,74;Bok Choy;HYDROPONIC;4,738
7261,5;633,2;1200,0;26,52;57,67;21,71;5,95;Spinach;AQUAPONIC;4,095
20104,3;476,4;1180,0;20,42;58,84;14,99;6,25;Bok Choy;HYDROPONIC;4,686
13099,6;1016,7;1113,6;22,3;58,92;17,59;6,3;Lettuce;AQUAPONIC;5,32
4659,3;877,2;1261,7;24,02;57,64;18,48;5,83;Lettuce;AQUAPONIC;5,152
14607,8;625,7;1522,9;29,28;84,99;24,73;6,34;Bok Choy;AQUAPONIC;4,574
15429,7;402,4;1007,7;22,38;58,89;18,35;7,19;Chinese Cabbage;AEROPONIC;4,051
12395,5;986,1;769,9;22,75;67,65;18,22;6,1;Spinach;AEROPONIC;4,794
20145,6;810,1;1334,4;27,83;68,47;24,38;5,48;Lettuce;SOIL_BASED;4,293
16562,6;955,0;1585,7;25,36;66,5;21,73;6,14;Chinese Cabbage;SOIL_BASED;3,452
13637,7;843,5;1359,6;29,61;61,37;25,21;6,38;Bok Choy;AQUAPONIC;4,2
16344,2;686,0;1022,2;26,56;71,87;22,53;5,98;Chinese Cabbage;AEROPONIC;4,401
19922,4;689,5;1252,6;23,09;55,05;17,41;6,26;Kale;HYDROPONIC;5,79
10248,8;767,2;1294,4;22,69;58,94;18,66;5,88;Lettuce;SOIL_BASED;3,991
11628,3;769,3;1466,1;21,19;77,54;16,99;6,42;Bok Choy;AEROPONIC;5,263
14588,2;626,1;1054,4;19,85;58,67;15,46;6,27;Spinach;HYDROPONIC;4,369
8638,4;760,9;1689,1;24,45;79,03;19,58;6,28;Bok Choy;HYDROPONIC;5,085
15499,8;897,2;1172,6;25,26;79,75;22,32;6,37;Spinach;AEROPONIC;4,544
20264,7;780,9;1108,6;25,59;79,92;20,2;6,09;Bok Choy;SOIL_BASED;3,618
14057,7;869,8;1354,9;23,15;75,17;18,27;6,14;Chinese Cabbage;AEROPONIC;4,865
8955,5;826,0;917,6;28,9;56,28;24,29;6,45;Chinese Cabbage;SOIL_BASED;3,042
17307,2;950,4;1814,9;19,7;54,93;13,03;6,32;Chinese Cabbage;AQUAPONIC;3,957
20252,9;849,0;1401,1;19,38;58,48;15,45;6,08;Kale;AEROPONIC;5,918
4975,4;642,8;1207,6;21,21;59,9;17,47;5,91;Spinach;AEROPONIC;4,901
16362,0;568,8;1023,8;23,52;56,95;20,25;5,44;Chinese Cabbage;SOIL_BASED;3,031
16765,7;1046,9;1230,9;20,43;62,19;14,57;6,19;Kale;SOIL_BASED;4,422
16171,7;641,1;1532,7;27,27;74,54;23,4;6,02;Spinach;AEROPONIC;4,674
15321,9;741,8;1180,5;21,43;73,53;15,35;6,25;Bok Choy;HYDROPONIC;5,225
14918,4;771,4;1083,7;20,93;70,51;16,24;5,72;Kale;HYDROPONIC;6,022
13585,6;690,1;1463,1;26,45;66,17;21,98;6,55;Lettuce;HYDROPONIC;5,654
19681,3;939,8;1007,1;24,08;67,42;19,62;6,53;Kale;AQUAPONIC;5,568
14815,5;784,6;1340,8;25,7;70,56;22,36;6,38;Kale;AQUAPONIC;5,516
22934,4;554,0;1387,1;23,37;63,98;18,71;6,21;Spinach;SOIL_BASED;3,601
17813,6;823,4;1379,8;24,26;76,31;19,74;5,81;Bok Choy;AQUAPONIC;4,279
14887,9;755,5;1392,2;19,49;56,83;14,15;6,95;Lettuce;HYDROPONIC;5,744
11287,7;856,5;1032,9;23,09;61,4;18,35;6,46;Chinese Cabbage;AEROPONIC;4,684
16470,2;1059,4;1231,2;20,57;60,13;16,3;6,09;Chinese Cabbage;AQUAPONIC;3,826
11577,8;671,6;1214,6;28,97;71,89;25,26;5,63;Kale;AQUAPONIC;5,228
12199,3;593,8;1315,8;27,12;57,8;22,49;6,07;Spinach;HYDROPONIC;4,54
13229,4;1203,7;812,2;21,67;60,2;17,52;6,05;Spinach;AQUAPONIC;4,295
10020,1;612,8;916,2;22,92;71,61;18,4;6,35;Chinese Cabbage;SOIL_BASED;2,887
20659,9;1053,9;1841,7;23,05;60,61;19,12;6,03;Lettuce;AEROPONIC;5,587
10288,8;1076,3;1468,6;29,53;75,12;25,35;5,29;Bok Choy;HYDROPONIC;4,582
15452,5;730,1;1224,7;24,61;74,92;21,41;5,73;Lettuce;SOIL_BASED;4,434
11712,7;951,7;1299,8;22,3;63,43;18,74;6,47;Bok Choy;HYDROPONIC;5,104
9494,2;626,7;1804,7;23,91;69,08;21,06;5,77;Chinese Cabbage;SOIL_BASED;3,114
13706,1;860,1;792,7;19,2;85,5;15,29;5,71;Bok Choy;AEROPONIC;4,842
14004,4;919,6;1309,6;23,29;75,41;20,01;6,34;Spinach;AEROPONIC;4,754
19816,6;629,3;1191,2;20,47;72,2;16,41;6,15;Kale;SOIL_BASED;4,602
15957,7;965,3;1603,1;18,33;81,19;14,02;5,67;Kale;SOIL_BASED;4,117
15252,4;916,9;1429,2;29,06;59,81;24,57;6,48;Chinese Cabbage;SOIL_BASED;3,245
17166,1;1032,2;1842,7;23,42;78,67;20,77;5,74;Spinach;SOIL_BASED;2,737
13517,7;813,0;1491,7;21,34;71,02;17,77;6,24;Lettuce;SOIL_BASED;4,271
12362,3;438,3;1165,0;18,75;80,39;14,2;6,46;Spinach;SOIL_BASED;3,489
12194,7;814,6;1218,8;22,88;63,56;18,39;6,03;Kale;AEROPONIC;6,217
11981,9;761,1;1458,1;23,08;79,84;18,56;6,24;Kale;SOIL_BASED;4,458
15537,4;944,6;1657,7;25,64;53,19;20,58;5,5;Spinach;AQUAPONIC;4,065
9392,4;598,3;1095,8;20,83;64,8;17,47;6,42;Spinach;AEROPONIC;5,079
13692,9;1133,3;1346,6;22,01;70,32;18,57;6,07;Kale;HYDROPONIC;6,254
19137,7;811,7;770,6;20,91;73,58;17,14;6,58;Lettuce;AEROPONIC;5,588
15571,0;999,7;1203,8;22,89;50,21;19,02;5,55;Chinese Cabbage;HYDROPONIC;4,421
14152,7;536,1;1728,7;17,92;57,41;12,89;5,67;Chinese Cabbage;HYDROPONIC;4,168
12667,0;750,6;1674,9;21,25;58,79;17,3;6,17;Spinach;AQUAPONIC;3,983
11486,1;1054,0;1474,8;25,26;60,05;20,69;5,67;Chinese Cabbage;SOIL_BASED;3,335
18907,2;662,5;1742,6;20,07;61,62;16,6;6,07;Kale;SOIL_BASED;4,177
14855,9;589,0;1212,0;26,3;69,4;21,34;5,86;Kale;AEROPONIC;6,209
12715,1;784,8;1263,0;25,95;80,55;22,53;5,99;Spinach;SOIL_BASED;3,584
13437,6;927,2;1207,3;26,18;64,81;22,48;5,88;Spinach;AQUAPONIC;4,515
11397,9;728,3;1450,2;23,49;81,14;19,68;5,62;Spinach;AEROPONIC;4,637
14893,0;760,5;2039,1;23,24;68,72;17,89;5,73;Lettuce;AEROPONIC;5,69
14874,5;794,6;1375,3;24,39;66,18;19,36;6,23;Chinese Cabbage;AEROPONIC;4,326
16641,4;736,5;983,3;27,2;76,88;22,96;5,55;Spinach;SOIL_BASED;3,232
9182,2;864,4;993,2;26,94;66,67;23,83;6,3;Bok Choy;SOIL_BASED;3,743
14967,8;588,0;1053,5;18,85;61,35;14,36;5,73;Bok Choy;SOIL_BASED;3,854
16468,6;603,7;1069,0;21,05;79,27;16,26;6,49;Kale;AEROPONIC;5,97
13936,3;833,7;1045,8;20,55;67,67;15,4;5,73;Chinese Cabbage;AEROPONIC;4,257
19216,7;698,3;1336,9;25,53;83,22;20,59;6,44;Spinach;HYDROPONIC;4,499
16773,6;934,7;909,1;21,6;64,98;18,32;6,04;Bok Choy;HYDROPONIC;4,822
18303,3;720,2;1407,4;22,93;56,68;19,2;6,14;Chinese Cabbage;SOIL_BASED;3,004
10750,8;856,0;1536,9;28,28;61,46;23,44;6,42;Kale;AEROPONIC;6,33
8125,1;863,6;1118,5;26,64;62,3;21,96;6,23;Lettuce;SOIL_BASED;4,241
15494,7;715,7;1369,6;27,35;67,19;23,05;6,07;Chinese Cabbage;SOIL_BASED;3,538
7398,6;773,1;1453,1;21,49;61,25;17,15;5,96;Chinese Cabbage;HYDROPONIC;4,309
12414,2;791,5;1508,4;15,74;57,35;12,0;5,39;Lettuce;AQUAPONIC;5,021
14399,8;635,3;1308,7;22,39;65,25;19,87;6,66;Chinese Cabbage;SOIL_BASED;2,999
17119,1;934,5;1033,6;19,47;68,78;15,11;5,74;Kale;AQUAPONIC;5,347
14822,2;714,3;1308,0;18,06;71,5;12,66;6,38;Kale;AQUAPONIC;5,307
19586,9;649,3;1239,3;26,66;67,86;21,92;6,12;Lettuce;AEROPONIC;5,856
12064,4;800,6;1316,4;21,0;79,61;16,73;5,44;Spinach;AEROPONIC;4,91
11314,7;971,5;1022,2;21,24;68,52;17,53;5,78;Bok Choy;SOIL_BASED;3,285
22426,9;767,2;885,3;22,48;49,44;17,64;6,24;Spinach;HYDROPONIC;4,654
13966,8;757,2;755,8;28,11;70,13;24,38;5,69;Chinese Cabbage;HYDROPONIC;4,275
14956,1;804,8;824,0;23,05;68,06;16,85;5,73;Bok Choy;SOIL_BASED;3,787
12527,8;746,0;806,2;26,16;74,25;21,66;6,31;Lettuce;SOIL_BASED;3,97
11411,0;659,8;1546,4;22,62;58,49;18,56;6,09;Lettuce;HYDROPONIC;5,619
13950,5;799,1;1345,3;19,07;77,02;13,97;6,49;Bok Choy;AQUAPONIC;4,606
18174,5;743,3;1290,4;20,17;70,27;15,57;5,98;Kale;SOIL_BASED;4,776
13724,0;580,0;1190,9;23,49;69,15;20,37;5,47;Bok Choy;AQUAPONIC;4,276
5779,7;745,2;782,5;23,8;75,98;19,74;5,75;Chinese Cabbage;SOIL_BASED;3,334
10641,8;737,2;1380,1;25,02;77,86;20,58;6,2;Kale;SOIL_BASED;4,496
21101,6;752,0;1338,9;25,02;77,03;20,5;5,9;Lettuce;AQUAPONIC;5,21
5633,3;605,5;1291,9;26,02;48,06;22,44;6,48;Bok Choy;AQUAPONIC;4,36
11948,7;869,4;1080,3;21,35;55,91;16,6;5,7;Spinach;HYDROPONIC;4,704
16039,1;945,4;1100,0;28,62;64,26;26,03;6,27;Spinach;SOIL_BASED;3,377
16124,5;770,8;1416,0;28,87;57,89;24,48;5,89;Chinese Cabbage;AEROPONIC;4,397
16203,7;737,1;1080,5;22,04;62,09;17,31;5,84;Spinach;AEROPONIC;4,754
17628,3;819,4;1556,4;21,28;67,56;15,23;5,83;Bok Choy;SOIL_BASED;3,558
13732,0;817,5;1695,9;18,5;64,0;13,95;5,71;Bok Choy;SOIL_BASED;3,559
10925,7;686,2;1570,9;23,98;67,8;20,69;5,89;Spinach;SOIL_BASED;3,217
13732,7;873,4;1304,8;24,77;79,56;20,32;6,51;Bok Choy;AQUAPONIC;4,638
18678,9;683,9;1255,8;21,88;83,14;18,69;7,23;Chinese Cabbage;AEROPONIC;4,456
8695,0;611,0;1305,6;24,29;71,17;19,49;6,23;Kale;AEROPONIC;6,077
12895,3;747,9;1456,7;19,61;79,35;14,86;6,14;Chinese Cabbage;AEROPONIC;4,429
14566,5;808,4;1658,3;26,21;64,61;22,62;5,99;Chinese Cabbage;SOIL_BASED;3,25
12205,0;745,8;1423,8;22,01;62,69;18,99;5,75;Bok Choy;AQUAPONIC;4,575
12664,7;882,5;838,3;24,31;67,36;17,64;6,45;Kale;SOIL_BASED;4,432
15923,2;768,9;1038,8;24,09;65,34;20,16;6,1;Bok Choy;HYDROPONIC;4,99
14965,8;964,4;1240,7;18,01;73,74;13,68;5,68;Lettuce;HYDROPONIC;5,633
17817,7;909,8;1536,4;25,84;68,12;21,38;6,81;Bok Choy;AEROPONIC;5,335
16438,8;549,7;1875,8;21,3;80,83;17,22;6,82;Bok Choy;SOIL_BASED;3,258
18124,7;713,5;1298,8;24,07;69,02;19,64;6,34;Bok Choy;HYDROPONIC;4,853
12235,6;660,9;1453,7;19,55;61,99;14,81;5,67;Kale;HYDROPONIC;5,94
23620,1;858,7;877,6;22,16;63,98;16,72;5,78;Bok Choy;SOIL_BASED;3,578
8625,2;884,8;1097,1;24,52;62,95;21,09;5,69;Kale;AQUAPONIC;5,356
17313,0;877,7;1372,4;20,48;74,21;16,82;6,82;Spinach;SOIL_BASED;3,048
10946,3;584,4;746,4;20,63;67,11;16,24;5,66;Lettuce;SOIL_BASED;4,261
8761,9;742,4;1344,0;23,85;69,01;18,43;5,87;Kale;AQUAPONIC;5,349
20346,3;924,9;1181,5;23,03;71,56;20,25;6,36;Spinach;AEROPONIC;5,099
13199,5;833,3;1291,8;24,48;72,58;19,98;6,04;Kale;AEROPONIC;6,035
10036,3;427,5;1094,1;22,47;76,99;17,47;5,56;Kale;AEROPONIC;6,363
13087,2;1047,1;1416,0;25,3;70,86;19,7;6,32;Lettuce;AQUAPONIC;4,854
12115,2;784,5;1555,2;21,91;59,85;16,72;6,77;Chinese Cabbage;HYDROPONIC;4,209
13935,7;837,4;1473,9;25,17;63,87;21,33;5,8;Chinese Cabbage;AQUAPONIC;3,756
13351,5;780,3;1466,0;20,96;63,86;15,89;5,84;Kale;SOIL_BASED;4,726
9742,6;702,8;1428,0;21,79;61,81;18,91;6,53;Bok Choy;AQUAPONIC;4,465
14722,2;522,3;1275,5;25,55;76,82;20,25;6,39;Spinach;HYDROPONIC;4,593
14454,5;712,2;1166,1;22,06;66,74;16,95;5,68;Bok Choy;HYDROPONIC;4,772
20181,6;848,7;1520,2;20,22;69,52;16,29;6,88;Bok Choy;SOIL_BASED;3,744
19560,0;750,9;1050,0;28,34;70,84;23,86;5,76;Kale;AEROPONIC;6,176
14520,7;834,1;1410,2;23,4;69,78;19,39;6,3;Kale;HYDROPONIC;6,191
16112,1;705,0;1403,3;24,82;70,63;20,89;5,59;Kale;HYDROPONIC;6,099
10830,9;742,2;1007,0;17,17;88,47;12,3;6,41;Kale;HYDROPONIC;5,641
16807,1;843,2;1034,5;27,23;73,75;22,42;5,72;Chinese Cabbage;SOIL_BASED;2,825
24064,8;752,8;1412,7;30,91;60,17;26,71;5,92;Kale;HYDROPONIC;5,562
10493,4;719,0;1334,8;26,98;70,69;22,47;5,8;Chinese Cabbage;AEROPONIC;4,537
12361,7;866,7;1373,4;27,38;68,9;21,34;5,41;Chinese Cabbage;SOIL_BASED;3,422
15359,7;767,1;1224,1;22,36;56,19;17,57;5,7;Kale;AEROPONIC;6,482
15146,9;655,7;1678,4;24,21;47,73;20,53;6,01;Lettuce;HYDROPONIC;5,181
14900,4;758,7;1433,1;24,87;69,2;20,5;5,6;Spinach;HYDROPONIC;4,719
12098,4;722,3;1629,6;21,55;65,62;19,61;5,44;Bok Choy;AEROPONIC;5,171
9593,5;641,5;1211,5;23,15;58,23;18,44;6,11;Chinese Cabbage;SOIL_BASED;3,205
11502,0;1066,6;1539,7;20,7;63,4;16,84;6,93;Spinach;SOIL_BASED;3,471
17405,7;681,4;1198,0;22,39;65,8;19,52;6,25;Lettuce;AEROPONIC;5,677
21617,8;818,0;1194,4;25,85;63,05;20,98;6,46;Bok Choy;HYDROPONIC;4,927
16379,9;743,6;962,0;18,56;70,31;13,96;6,12;Bok Choy;AQUAPONIC;4,399
13319,7;954,5;1398,3;26,17;69,49;21,64;6,14;Chinese Cabbage;AEROPONIC;4,532
17394,9;965,8;1013,8;19,08;74,79;13,78;6,05;Kale;AEROPONIC;6,393
9751,1;851,7;1119,7;23,65;77,84;19,2;6,02;Lettuce;AEROPONIC;5,81
14389,3;893,6;928,0;23,9;73,48;19,2;5,67;Chinese Cabbage;HYDROPONIC;4,181
12413,8;543,6;786,9;25,1;62,2;21,18;6,22;Lettuce;SOIL_BASED;4,298
13509,2;957,1;1258,4;22,99;69,43;17,89;5,69;Kale;HYDROPONIC;6,013
12523,4;880,2;1094,4;20,57;54,36;16,74;5,86;Kale;AEROPONIC;6,099
10613,8;681,6;1365,9;24,02;63,96;19,65;5,33;Chinese Cabbage;HYDROPONIC;4,386
20451,1;692,2;1266,6;29,58;46,41;25,28;6,06;Kale;HYDROPONIC;5,661
12321,6;757,2;1551,7;23,46;65,0;18,91;5,62;Spinach;AEROPONIC;5,31
12306,5;1088,0;1780,8;21,03;63,45;16,87;6,17;Bok Choy;HYDROPONIC;5,332
14297,9;740,2;1578,6;22,19;73,87;17,06;6,14;Chinese Cabbage;AQUAPONIC;4,086
15224,6;677,9;1287,8;23,92;59,78;19,73;5,9;Lettuce;HYDROPONIC;5,694
20150,3;678,7;1455,0;22,75;69,45;18,95;5,45;Spinach;HYDROPONIC;4,698
15096,5;502,4;1621,4;22,36;64,78;18,36;6,21;Chinese Cabbage;SOIL_BASED;2,987
16438,2;887,3;1149,2;27,22;64,39;22,91;6,65;Kale;SOIL_BASED;4,574
8038,1;891,8;1512,7;24,95;61,46;20,53;6,42;Kale;AEROPONIC;5,832
15566,6;356,5;1619,7;23,17;70,55;19,7;6,37;Kale;AEROPONIC;6,203
11841,7;993,6;1301,4;23,19;66,63;19,06;5,88;Kale;SOIL_BASED;4,616
11905,0;753,3;1401,9;23,98;59,86;18,93;6,23;Lettuce;AQUAPONIC;5,219
10340,7;688,0;1811,9;25,07;69,12;21,2;5,47;Spinach;HYDROPONIC;4,843
13324,5;551,5;1117,5;27,09;70,6;21,89;5,66;Bok Choy;AQUAPONIC;4,43
15840,5;591,4;1210,0;22,35;80,99;18,27;6,48;Lettuce;AQUAPONIC;5,092
16011,9;839,0;1424,6;20,72;63,06;16,38;5,67;Lettuce;SOIL_BASED;4,221
15194,9;913,6;1049,6;21,94;64,7;17,17;6,1;Bok Choy;AEROPONIC;5,161
12319,3;625,5;1260,9;21,05;57,02;14,73;6,08;Bok Choy;HYDROPONIC;4,795
11962,7;509,7;963,1;19,23;64,2;15,22;5,46;Kale;AEROPONIC;6,321
13038,5;743,7;787,8;27,45;58,99;23,55;6,27;Lettuce;AQUAPONIC;5,045
14875,6;629,9;1342,5;25,89;77,38;20,45;6,6;Chinese Cabbage;AQUAPONIC;3,78
9007,2;791,0;933,4;17,11;72,37;12,98;6,88;Bok Choy;AEROPONIC;4,817
13599,5;915,2;1040,4;24,11;58,85;19,7;6,39;Bok Choy;AEROPONIC;5,135
13197,5;631,8;1546,2;22,45;59,69;17,89;6,24;Spinach;SOIL_BASED;3,344
15737,6;843,7;1324,1;22,11;63,31;18,38;6,2;Chinese Cabbage;AEROPONIC;4,496
24406,0;947,2;1270,4;16,54;79,04;12,58;6,3;Chinese Cabbage;AEROPONIC;4,163
14459,6;803,5;1183,2;23,43;62,81;20,93;6,21;Bok Choy;SOIL_BASED;3,802
14541,4;848,2;1680,1;23,72;66,51;19,24;6,94;Kale;AEROPONIC;6,398
16809,6;671,1;1862,0;20,2;81,03;17,63;6,37;Spinach;AQUAPONIC;3,994
13791,8;968,3;1437,7;28,04;71,53;22,84;6,43;Chinese Cabbage;AEROPONIC;4,231
16005,9;849,9;595,5;25,72;55,69;20,92;6,08;Bok Choy;HYDROPONIC;4,971
19075,4;633,8;1271,0;20,51;52,44;16,49;5,28;Chinese Cabbage;AQUAPONIC;4,053
13476,6;1038,9;1005,3;26,36;68,8;21,18;5,06;Spinach;SOIL_BASED;3,288
19833,2;454,3;1163,3;22,2;87,56;17,03;5,82;Spinach;AQUAPONIC;4,327
15176,9;940,2;1405,1;26,45;79,52;22,49;6,48;Lettuce;SOIL_BASED;4,054
17289,6;604,7;1307,5;19,46;71,2;16,05;6,32;Bok Choy;HYDROPONIC;4,815
18098,8;787,0;923,7;23,98;74,67;19,47;6,06;Spinach;HYDROPONIC;4,819
19132,3;955,2;1100,0;20,09;75,31;14,68;6,31;Lettuce;AQUAPONIC;5,089
18477,8;582,8;1578,5;21,16;54,1;16,59;6,32;Lettuce;AEROPONIC;5,755
19371,7;833,5;1693,2;18,09;69,77;13,92;6,78;Chinese Cabbage;AQUAPONIC;4,07
15099,2;493,3;1634,9;20,04;79,16;15,92;5,89;Chinese Cabbage;AQUAPONIC;3,723
12040,5;738,5;928,7;20,03;85,78;15,91;5,75;Lettuce;HYDROPONIC;5,747
14854,9;988,2;1188,5;19,68;72,3;17,1;6,23;Chinese Cabbage;SOIL_BASED;3,176
10735,4;749,6;1090,8;24,03;56,45;18,75;6,25;Spinach;AQUAPONIC;4,402
13345,6;914,3;1453,3;18,55;72,86;12,12;6,11;Kale;AEROPONIC;5,923
12428,4;898,6;1203,5;24,34;72,72;21,04;6,19;Spinach;HYDROPONIC;4,829
9271,8;592,9;1016,3;26,32;75,39;22,42;6,76;Lettuce;AQUAPONIC;4,831
17721,9;564,8;1664,6;21,01;71,45;17,31;6,12;Lettuce;AQUAPONIC;5,173
19171,2;874,1;1129,7;23,26;83,81;20,17;5,97;Spinach;AEROPONIC;4,862
11948,4;841,3;1542,9;22,56;69,62;18,23;5,92;Chinese Cabbage;AQUAPONIC;3,823
16739,2;642,7;1121,4;22,35;68,5;17,79;5,65;Chinese Cabbage;AQUAPONIC;4,061
23804,7;733,8;1484,7;16,34;65,77;12,0;5,81;Lettuce;AQUAPONIC;4,823
18670,6;812,7;1195,9;20,34;68,83;16,31;6,63;Bok Choy;AQUAPONIC;4,411
10908,0;681,5;1009,7;27,59;70,38;21,14;6,07;Chinese Cabbage;AEROPONIC;4,484
17638,0;915,4;1579,4;24,41;69,04;20,16;5,92;Spinach;AQUAPONIC;4,211
13901,7;779,3;1096,1;22,82;74,65;18,54;6,45;Chinese Cabbage;AQUAPONIC;4,304
17552,2;750,9;1308,5;17,84;50,39;14,49;5,99;Spinach;AQUAPONIC;4,063
22593,9;722,7;942,2;25,16;66,84;21,14;6,59;Lettuce;HYDROPONIC;5,526
14262,7;848,3;921,7;20,95;72,4;17,05;6,32;Chinese Cabbage;AEROPONIC;4,602
19440,5;763,7;1680,0;20,04;70,4;16,6;5,66;Spinach;HYDROPONIC;4,543
11865,0;507,4;1316,3;20,32;57,17;15,41;6,44;Lettuce;HYDROPONIC;5,5
12813,8;1041,8;1252,5;24,93;72,51;21,27;6,17;Bok Choy;AEROPONIC;5,201
7584,0;462,2;1170,1;23,3;68,42;19,37;6,02;Spinach;HYDROPONIC;5,096
20189,6;982,4;1077,7;25,92;74,5;20,98;6,15;Bok Choy;HYDROPONIC;4,967
8688,6;653,3;1431,6;26,65;72,9;22,58;6,11;Bok Choy;HYDROPONIC;5,142
10539,7;697,3;1649,3;21,43;70,76;16,52;5,56;Kale;AEROPONIC;6,412
15294,1;1051,0;1492,6;23,38;68,03;19,76;6,0;Chinese Cabbage;AQUAPONIC;3,68
21674,3;433,3;1438,8;22,65;70,43;19,75;5,96;Spinach;SOIL_BASED;3,213
7840,1;764,2;1198,4;19,69;70,45;15,3;5,49;Bok Choy;SOIL_BASED;3,696
15792,5;971,2;1445,1;20,09;79,28;14,88;5,97;Kale;AEROPONIC;6,086
9516,5;690,5;1786,7;23,04;93,42;17,88;6,07;Lettuce;SOIL_BASED;3,896
20370,2;832,1;1210,9;23,34;58,87;18,82;7,15;Spinach;AEROPONIC;4,739
15096,6;946,1;1373,4;23,35;45,47;18,93;5,51;Bok Choy;AEROPONIC;5,365
19944,2;762,0;1633,7;23,35;63,51;18,91;6,0;Chinese Cabbage;SOIL_BASED;3,225
11829,8;979,9;1787,1;21,22;60,0;18,9;5,87;Kale;HYDROPONIC;6,051
12904,1;774,6;1316,4;29,44;75,15;25,03;5,74;Bok Choy;AQUAPONIC;4,594
11231,0;698,0;1500,5;24,15;80,68;20,29;6,69;Chinese Cabbage;SOIL_BASED;3,376
19570,7;846,5;1213,9;21,89;74,93;16,45;6,78;Bok Choy;SOIL_BASED;3,769
19478,2;946,0;1364,3;24,63;65,33;20,49;5,82;Spinach;SOIL_BASED;3,335
12205,6;672,7;1216,8;21,12;74,22;16,7;6,49;Spinach;SOIL_BASED;3,721
17914,7;741,7;1585,5;23,57;78,33;20,29;6,35;Spinach;AEROPONIC;5,147
14141,1;610,7;1715,9;24,62;73,66;19,6;6,24;Kale;AEROPONIC;6,217
7698,8;723,8;966,4;25,04;72,69;20,7;6,06;Spinach;AQUAPONIC;4,421
16261,2;702,9;1252,7;19,98;67,02;15,64;6,53;Chinese Cabbage;AQUAPONIC;3,764
17495,6;817,1;1139,3;31,98;57,64;25,5;6,48;Bok Choy;SOIL_BASED;3,44
18358,4;517,3;1197,1;26,81;77,32;22,27;6,28;Lettuce;SOIL_BASED;4,317
14753,1;749,3;1217,1;29,19;82,4;23,2;5,51;Chinese Cabbage;SOIL_BASED;3,083
13305,1;890,6;1054,3;22,78;56,29;20,38;6,38;Chinese Cabbage;AQUAPONIC;3,844
12762,3;846,5;1352,6;24,19;74,51;19,55;6,75;Spinach;SOIL_BASED;3,237
17665,7;899,2;977,0;23,6;61,18;18,9;6,17;Kale;HYDROPONIC;5,851
15972,4;881,8;1509,5;21,97;71,97;18,65;5,89;Bok Choy;AQUAPONIC;4,353
12271,6;888,9;1356,4;25,62;56,1;21,16;6,45;Kale;HYDROPONIC;6,293
15491,3;630,3;1004,1;21,03;74,64;17,48;6,5;Bok Choy;SOIL_BASED;3,678
17029,7;667,7;990,3;25,46;71,63;21,41;5,9;Bok Choy;AEROPONIC;5,282
17106,0;901,2;1483,3;22,11;75,03;18,25;6,29;Kale;HYDROPONIC;5,613
14496,3;480,8;1097,0;24,62;73,5;20,85;6,44;Chinese Cabbage;AQUAPONIC;3,946
18853,1;518,2;1682,3;27,59;69,59;23,94;5,68;Bok Choy;HYDROPONIC;4,671
11742,0;734,5;727,9;23,13;74,7;20,46;6,41;Kale;AQUAPONIC;5,613
14669,8;770,4;1006,4;25,68;64,21;21,55;6,0;Bok Choy;SOIL_BASED;3,727
17764,9;693,8;1180,1;22,08;72,89;17,48;6,22;Lettuce;HYDROPONIC;5,123
15588,9;509,1;1271,9;20,19;63,3;15,56;6,09;Chinese Cabbage;AEROPONIC;4,611
14792,7;944,0;1452,5;28,15;73,31;25,92;6,22;Spinach;HYDROPONIC;4,783
11891,4;683,5;1227,5;25,59;66,37;22,38;6,35;Bok Choy;AEROPONIC;5,022
9993,2;568,9;1196,5;23,12;72,16;18,19;6,21;Lettuce;AQUAPONIC;5,125
12102,9;387,4;1105,0;25,45;65,56;22,3;5,99;Spinach;SOIL_BASED;3,451
18604,2;902,1;1074,3;20,65;65,73;15,6;5,85;Spinach;SOIL_BASED;3,436
12216,9;766,3;1094,6;24,74;66,1;19,54;6,58;Bok Choy;AEROPONIC;5,16
14503,9;650,8;1259,8;24,11;56,69;18,86;5,87;Kale;AQUAPONIC;5,559
21464,3;900,0;800,0;25,32;75,36;22,85;5,79;Bok Choy;SOIL_BASED;3,609
18097,0;862,6;1419,5;28,1;68,39;23,13;5,51;Lettuce;AQUAPONIC;5,222
13971,8;800,5;1298,0;27,56;57,04;23,14;6,38;Spinach;AEROPONIC;5,009
13639,1;777,5;1249,5;19,61;63,38;15,9;6,02;Bok Choy;AEROPONIC;5,224
19541,3;717,1;1575,8;17,91;62,91;13,43;6,17;Kale;HYDROPONIC;5,9
13302,4;855,7;1434,7;24,19;71,4;20,07;6,36;Bok Choy;SOIL_BASED;3,34
14528,4;515,0;1313,2;23,97;66,22;21,56;6,08;Chinese Cabbage;SOIL_BASED;3,212
13839,8;724,0;1449,9;20,32;75,71;17,47;5,76;Kale;HYDROPONIC;5,963
20237,7;563,0;1118,1;20,81;57,84;17,43;5,94;Lettuce;AEROPONIC;6,179
14472,5;819,5;1434,3;21,34;71,68;16,39;5,49;Spinach;AEROPONIC;5,011
13365,8;904,7;1493,5;27,24;71,01;22,42;6,71;Bok Choy;AEROPONIC;4,956
16930,4;785,9;643,8;22,18;64,43;17,9;6,08;Kale;AEROPONIC;6,314
21316,2;745,5;1740,2;19,29;70,16;16,04;5,83;Chinese Cabbage;AQUAPONIC;4,075
10224,6;559,7;1366,9;23,32;67,69;20,03;6,47;Kale;SOIL_BASED;4,318
15708,4;827,9;1438,8;23,49;78,27;19,63;5,45;Chinese Cabbage;SOIL_BASED;3,081
11599,0;901,1;1561,6;20,61;68,72;15,04;6,61;Lettuce;AEROPONIC;5,682
19524,8;761,7;1244,4;25,15;77,67;21,71;5,86;Spinach;AEROPONIC;4,593
10600,4;692,4;1171,8;26,68;75,09;23,37;6,51;Lettuce;AEROPONIC;6,054
17337,9;644,8;1357,9;22,5;57,41;17,94;6,1;Bok Choy;SOIL_BASED;3,624
11928,1;950,0;1997,4;19,29;67,29;14,26;5,3;Kale;SOIL_BASED;4,212
20249,8;1048,8;1253,9;22,73;75,07;18,86;5,68;Chinese Cabbage;AEROPONIC;4,801
22961,9;770,5;1113,4;24,34;70,08;19,06;6,05;Chinese Cabbage;AQUAPONIC;3,963
18808,4;769,2;1628,9;17,46;68,7;13,34;6,12;Kale;HYDROPONIC;5,66
14350,8;810,0;737,4;24,85;69,22;20,93;6,01;Kale;HYDROPONIC;6,108
10284,1;904,3;1251,6;22,45;73,16;19,25;6,21;Bok Choy;HYDROPONIC;5,012
15171,9;902,8;1114,7;23,62;64,71;18,87;5,31;Lettuce;SOIL_BASED;4,063
15412,9;974,5;1443,5;22,69;65,57;19,53;6,22;Chinese Cabbage;SOIL_BASED;3,175
22653,2;806,5;1315,4;21,39;75,13;18,65;5,57;Bok Choy;HYDROPONIC;4,913
14968,3;1103,3;993,9;23,19;69,77;19,04;6,5;Lettuce;HYDROPONIC;5,634
12010,5;873,4;1448,3;22,08;66,5;18,66;5,49;Bok Choy;AQUAPONIC;4,414
15217,1;767,3;1066,6;22,5;68,31;18,88;6,73;Chinese Cabbage;SOIL_BASED;3,114
13158,4;961,0;1267,7;21,03;72,35;16,03;5,91;Kale;SOIL_BASED;4,723
14170,2;1144,8;1168,9;25,0;67,85;20,42;5,83;Kale;HYDROPONIC;5,979
22069,8;691,7;1491,8;26,96;69,36;21,93;6,64;Lettuce;AQUAPONIC;5,113
11534,1;736,0;1160,7;21,05;53,43;16,74;6,29;Spinach;AQUAPONIC;3,946
17865,3;815,9;476,3;23,17;70,07;21,1;6,5;Lettuce;HYDROPONIC;5,288
13400,3;671,4;990,0;20,43;66,9;16,44;6,1;Spinach;HYDROPONIC;4,772
14378,5;923,5;1296,4;24,59;75,82;19,71;6,21;Bok Choy;SOIL_BASED;3,769
14456,2;724,8;1108,5;24,13;67,57;18,98;6,37;Bok Choy;HYDROPONIC;4,933
11112,2;711,7;1590,0;21,88;80,6;17,11;6,02;Chinese Cabbage;AEROPONIC;4,626
16559,7;859,3;1014,6;23,27;73,2;18,63;6,75;Spinach;AQUAPONIC;4,434
6598,7;1033,5;1429,9;25,92;61,67;21,09;5,65;Chinese Cabbage;HYDROPONIC;4,385
13447,6;617,0;1490,1;19,0;57,51;13,26;6,04;Kale;AEROPONIC;6,025
15532,7;607,5;1325,8;19,88;67,3;15,67;6,59;Spinach;AQUAPONIC;4,47
16522,3;792,9;1386,3;25,13;68,24;20,96;5,43;Lettuce;AEROPONIC;6,044
16358,4;566,9;1244,9;23,65;53,57;18,93;5,92;Kale;AEROPONIC;6,356
10550,4;689,1;1351,6;23,3;67,56;19,88;5,34;Kale;HYDROPONIC;6,083
13041,6;758,2;1153,6;26,14;65,2;21,1;5,95;Lettuce;AQUAPONIC;5,136
14993,8;921,8;1338,8;25,47;69,71;21,85;6,08;Kale;AEROPONIC;6,402
11872,3;587,9;1205,2;28,3;85,15;23,98;5,69;Spinach;SOIL_BASED;3,247
15120,7;745,5;1205,1;26,01;53,81;23,77;6,09;Chinese Cabbage;AQUAPONIC;3,859
16392,2;676,0;1107,1;24,97;76,03;21,18;5,71;Kale;SOIL_BASED;4,264
12603,3;647,8;1223,6;23,35;72,13;19,67;6,26;Spinach;HYDROPONIC;4,774
16748,8;805,4;1672,3;23,1;63,78;19,27;6,25;Bok Choy;SOIL_BASED;3,494
13610,5;847,8;1217,2;23,49;68,21;18,87;6,31;Spinach;AQUAPONIC;4,053
11642,9;761,7;1524,4;24,12;75,77;20,07;6,06;Chinese Cabbage;AEROPONIC;4,705
19123,7;837,5;1416,2;20,12;68,95;17,07;5,76;Spinach;AEROPONIC;5,331
12805,5;620,3;1344,2;24,24;51,54;19,99;5,63;Lettuce;AQUAPONIC;4,862
9471,5;851,2;1354,3;22,82;71,1;19,03;6,18;Chinese Cabbage;AEROPONIC;4,643
12711,1;867,6;1285,5;24,5;74,14;19,7;5,52;Bok Choy;SOIL_BASED;3,575
15362,4;872,5;1128,7;21,88;64,49;17,63;6,61;Lettuce;AEROPONIC;6,077
15678,8;475,0;1726,7;21,65;75,34;16,81;6,15;Spinach;AEROPONIC;4,383
10686,5;882,7;1555,1;24,15;76,01;20,56;5,53;Chinese Cabbage;SOIL_BASED;3,484
16678,3;847,5;1291,2;24,84;79,1;19,77;5,9;Bok Choy;SOIL_BASED;3,366
14351,3;954,9;1298,0;21,81;76,53;17,23;6,28;Lettuce;SOIL_BASED;4,019
9422,6;613,1;1427,1;27,19;89,63;22,32;6,49;Bok Choy;HYDROPONIC;4,957
8649,1;827,5;1004,9;27,17;77,91;23,36;6,19;Spinach;SOIL_BASED;3,474
15241,7;726,0;1076,5;19,07;69,44;14,99;5,66;Bok Choy;SOIL_BASED;3,556
13375,6;528,8;792,0;21,32;74,81;17,22;6,55;Kale;HYDROPONIC;5,813
11404,3;793,2;1225,0;23,83;69,12;19,99;6,05;Lettuce;AEROPONIC;5,773
12328,8;511,5;1589,8;24,54;65,89;20,88;6,6;Bok Choy;SOIL_BASED;3,633
14155,9;741,0;1206,7;29,47;59,15;26,25;6,27;Spinach;AQUAPONIC;3,815
14071,1;757,0;1849,6;23,89;66,99;20,32;6,25;Spinach;SOIL_BASED;3,437
14076,2;685,8;1166,7;23,17;75,61;19,12;6,09;Bok Choy;SOIL_BASED;3,879
13980,8;814,2;1326,3;20,31;61,18;17,42;6,26;Spinach;HYDROPONIC;4,633
21402,1;575,2;1207,6;19,06;71,56;13,95;6,59;Chinese Cabbage;AQUAPONIC;3,655
12713,7;652,4;697,9;23,13;65,15;17,8;5,88;Chinese Cabbage;AEROPONIC;4,494
17052,7;1023,2;1208,4;29,26;68,44;25,61;6,48;Chinese Cabbage;AEROPONIC;4,177
16628,5;697,3;1061,3;22,91;67,97;17,98;6,08;Kale;AQUAPONIC;5,536
12466,2;700,5;1341,0;21,34;70,1;17,61;6,23;Bok Choy;SOIL_BASED;3,536
8554,6;656,8;1611,7;24,77;87,73;21,46;6,57;Kale;HYDROPONIC;5,821
13030,7;928,8;1188,3;17,88;64,06;13,03;5,89;Spinach;AQUAPONIC;4,247
8701,2;836,2;1376,6;23,72;68,19;18,42;6,59;Kale;AQUAPONIC;5,434
8157,0;625,8;1224,5;25,81;66,68;21,75;6,34;Spinach;AEROPONIC;5,018
12719,1;815,2;1513,3;20,85;55,75;16,06;6,33;Spinach;HYDROPONIC;4,499
14777,8;932,1;1873,0;27,33;75,81;25,51;6,57;Lettuce;AQUAPONIC;4,839
13750,3;868,3;1666,1;25,35;61,42;21,84;6,28;Chinese Cabbage;HYDROPONIC;4,14
8791,9;904,7;1119,8;27,36;80,17;22,7;6,38;Spinach;SOIL_BASED;3,119
10249,4;1020,1;1639,1;19,65;61,84;14,52;6,67;Lettuce;AEROPONIC;5,443
15026,8;596,4;1358,1;22,99;71,77;18,72;6,27;Chinese Cabbage;SOIL_BASED;3,15
16669,3;851,7;1600,3;26,08;83,23;22,23;4,69;Spinach;HYDROPONIC;4,68
11579,9;668,8;1013,2;19,31;72,36;14,7;5,89;Spinach;SOIL_BASED;3,296
14401,6;662,3;1256,9;26,15;63,5;21,81;6,46;Kale;AEROPONIC;6,466
15221,3;803,1;1326,4;23,0;60,9;19,27;5,93;Kale;HYDROPONIC;5,959
20544,1;625,8;1266,0;26,13;49,83;23,3;5,7;Chinese Cabbage;AQUAPONIC;3,795
20034,2;754,2;1355,4;24,11;65,31;20,28;5,78;Spinach;SOIL_BASED;3,523
16585,0;968,6;1251,4;27,45;56,41;22,95;6,35;Bok Choy;AEROPONIC;5,187
7332,4;895,9;1187,3;19,88;68,22;15,81;5,66;Kale;AQUAPONIC;5,396
19674,3;588,0;1161,1;24,42;64,83;19,01;6,23;Chinese Cabbage;AEROPONIC;4,661
16155,0;553,4;1067,1;19,27;69,3;14,4;5,99;Spinach;HYDROPONIC;4,586
12226,4;745,1;1360,2;24,67;58,66;21,46;6,47;Spinach;HYDROPONIC;4,942
21398,6;689,9;1242,9;24,42;63,97;20,8;6,36;Bok Choy;SOIL_BASED;4,057
13395,0;861,0;1139,7;22,7;72,87;20,08;6,19;Chinese Cabbage;AEROPONIC;4,555
22026,6;627,4;890,3;21,31;70,92;17,65;5,88;Spinach;AEROPONIC;4,709
10550,2;814,4;1420,0;22,59;52,81;19,89;6,07;Kale;AEROPONIC;6,145
13002,3;836,6;1455,7;23,77;74,99;18,89;5,74;Bok Choy;HYDROPONIC;5,132
7296,7;766,0;1036,2;24,3;59,23;20,22;5,9;Chinese Cabbage;SOIL_BASED;3,386
12875,3;787,7;1306,8;28,91;55,09;23,28;6,54;Bok Choy;AEROPONIC;5,12
18716,2;1062,3;1138,3;25,95;66,21;22,94;5,69;Kale;AEROPONIC;6,228
12548,8;756,8;1466,8;21,86;88,65;18,55;5,54;Chinese Cabbage;AQUAPONIC;3,953
11571,9;901,4;1151,1;25,12;65,25;21,02;5,99;Bok Choy;AEROPONIC;5,367
18878,6;616,9;1152,2;25,97;68,92;22,41;6,07;Lettuce;SOIL_BASED;4,064
15051,8;690,9;1314,1;21,66;73,91;18,07;5,91;Kale;AQUAPONIC;5,531
14978,0;658,4;1170,8;25,47;60,68;21,87;5,97;Kale;AQUAPONIC;5,547
10664,7;916,9;1153,0;19,34;70,69;14,9;5,87;Kale;AQUAPONIC;5,514
10962,3;846,6;1120,2;21,56;61,05;17,47;6,54;Lettuce;HYDROPONIC;5,852
13635,6;896,6;1165,0;19,51;72,77;15,58;6,6;Lettuce;AQUAPONIC;5,163
7737,2;767,6;1182,5;22,91;71,44;19,94;5,48;Spinach;AEROPONIC;4,776
17303,0;549,3;1283,3;22,17;70,68;18,55;6,34;Bok Choy;HYDROPONIC;4,999
16641,6;852,3;1237,9;22,39;69,49;19,41;5,01;Spinach;HYDROPONIC;5,252
15961,7;826,6;1408,6;25,78;85,13;21,38;6,54;Bok Choy;HYDROPONIC;4,53
9893,2;941,9;980,1;23,75;70,02;18,57;6,16;Lettuce;HYDROPONIC;5,73
16964,6;861,1;1823,2;25,74;72,52;21,91;5,99;Lettuce;HYDROPONIC;5,398
11511,6;805,3;1285,8;28,05;71,14;25,97;5,57;Spinach;HYDROPONIC;4,78
18843,0;841,7;1532,5;29,37;59,49;25,87;6,34;Chinese Cabbage;HYDROPONIC;4,46
13430,5;910,3;1405,6;23,11;61,47;19,45;5,5;Spinach;AQUAPONIC;4,24
14773,0;902,9;1311,4;25,0;58,79;20,3;6,64;Bok Choy;SOIL_BASED;3,423
16708,1;716,2;1397,3;23,07;61,35;19,35;6,21;Spinach;AEROPONIC;4,939
15551,1;575,0;1368,3;26,34;63,69;20,86;6,27;Kale;AEROPONIC;6,48
3281,5;883,1;1234,3;25,8;66,28;23,53;5,93;Bok Choy;AQUAPONIC;4,556
8456,6;781,3;1902,4;21,65;66,18;18,7;6,43;Bok Choy;AQUAPONIC;5,038
11752,2;749,5;1569,8;22,06;72,9;17,15;5,37;Chinese Cabbage;HYDROPONIC;4,568
15922,0;935,0;865,5;27,38;79,48;22,99;6,05;Lettuce;SOIL_BASED;3,692
20518,3;746,8;1553,2;21,96;77,72;17,08;5,51;Bok Choy;HYDROPONIC;5,022
13426,4;841,3;1298,4;23,19;70,37;18,97;6,29;Lettuce;AQUAPONIC;5,451
17339,2;976,9;1705,5;25,39;60,94;20,43;5,75;Spinach;HYDROPONIC;4,45
16874,2;847,6;1195,2;23,04;76,92;18,16;6,14;Kale;AEROPONIC;6,331
9809,7;675,6;672,7;27,8;63,32;23,97;5,9;Chinese Cabbage;AEROPONIC;4,295
14481,5;733,0;1188,7;26,39;71,69;22,29;6,29;Lettuce;HYDROPONIC;5,505
12393,6;789,2;863,5;21,02;70,39;18,22;6,23;Bok Choy;SOIL_BASED;3,372
11280,7;873,4;1103,0;21,86;58,98;17,15;5,89;Lettuce;HYDROPONIC;5,734
20455,4;853,7;1131,6;25,15;63,53;21,56;6,15;Bok Choy;HYDROPONIC;4,994
15837,1;690,4;1378,2;23,35;72,36;18,61;5,72;Lettuce;SOIL_BASED;4,184
11579,6;855,9;1346,3;18,07;66,7;13,64;6,98;Bok Choy;SOIL_BASED;3,516
12412,7;1272,1;1446,4;20,78;92,75;16,69;6,26;Spinach;SOIL_BASED;3,29
14953,3;825,1;1424,2;24,16;64,22;19,13;6,08;Bok Choy;AEROPONIC;4,992
15800,7;700,8;1784,8;25,99;59,43;21,97;5,19;Bok Choy;HYDROPONIC;4,936
7649,5;962,3;1280,4;26,03;68,62;20,97;6,32;Kale;AQUAPONIC;5,497
19158,8;677,9;1413,7;29,0;65,26;25,26;5,4;Bok Choy;SOIL_BASED;3,674
15214,3;981,3;1510,0;21,56;53,42;16,4;5,95;Kale;SOIL_BASED;4,454
11267,5;755,5;1112,1;21,7;75,1;16,81;5,92;Chinese Cabbage;HYDROPONIC;4,558
22958,1;867,8;951,3;23,43;76,43;19,94;6,8;Kale;AQUAPONIC;5,676
16025,3;694,7;1375,8;18,81;75,26;14,46;6,21;Spinach;HYDROPONIC;4,643
19921,1;845,9;1176,1;23,49;70,72;21,5;5,67;Kale;HYDROPONIC;5,896
18854,1;830,9;1482,9;22,95;66,85;18,96;5,64;Chinese Cabbage;SOIL_BASED;3,367
21564,8;929,0;1470,9;25,72;69,47;22,58;6,24;Spinach;SOIL_BASED;3,401
18204,8;729,8;1537,2;26,19;66,96;21,89;6,46;Lettuce;AEROPONIC;5,994
17806,7;968,3;1075,7;24,5;62,61;19,04;6,07;Lettuce;AQUAPONIC;4,911
17177,6;844,8;1130,6;23,51;81,09;16,74;6,01;Kale;AQUAPONIC;5,322
19539,3;474,8;1307,8;24,52;78,75;19,7;6,11;Kale;SOIL_BASED;4,452
12530,2;824,4;1233,7;21,28;73,61;16,78;6,57;Chinese Cabbage;SOIL_BASED;3,541
15954,7;428,8;1398,7;23,27;64,37;19,42;6,29;Chinese Cabbage;SOIL_BASED;3,107
12577,1;585,3;1633,6;23,55;72,97;20,54;6,1;Bok Choy;AQUAPONIC;4,705
17761,0;735,5;1254,1;23,29;65,97;19,73;5,83;Chinese Cabbage;AEROPONIC;4,553
13455,1;522,6;927,6;23,02;65,64;19,34;6,42;Bok Choy;AQUAPONIC;4,558
13715,9;665,6;772,1;21,76;67,86;16,76;6,35;Spinach;SOIL_BASED;3,404
7825,4;763,6;944,1;20,63;71,75;18,62;6,57;Kale;SOIL_BASED;4,543
21475,7;765,0;935,5;22,93;64,59;18,7;6,45;Spinach;AEROPONIC;4,851
10158,9;642,5;1453,5;25,16;66,82;20,61;6,27;Chinese Cabbage;HYDROPONIC;4,371
15998,0;797,7;1267,5;18,64;79,2;13,23;6,19;Spinach;HYDROPONIC;4,863
16647,7;976,2;1299,4;22,11;53,77;18,7;5,81;Spinach;AQUAPONIC;4,403
19435,1;765,3;1467,6;29,29;76,64;25,32;6,25;Spinach;HYDROPONIC;4,718
12775,7;701,6;1634,4;22,96;66,88;18,35;5,91;Chinese Cabbage;HYDROPONIC;4,409
9743,7;834,8;1229,4;23,92;64,09;20,34;5,5;Spinach;AQUAPONIC;4,239
17863,6;629,4;1473,1;28,65;65,43;24,5;6,82;Bok Choy;SOIL_BASED;3,444
18569,1;935,3;1371,6;24,39;68,1;20,59;5,75;Chinese Cabbage;HYDROPONIC;4,661
15788,8;952,8;875,1;24,46;75,89;20,9;5,79;Spinach;SOIL_BASED;3,389
14667,7;1060,0;894,1;20,95;69,49;15,66;6,16;Chinese Cabbage;AQUAPONIC;3,746
14376,9;852,4;1191,6;24,38;63,82;19,21;6,17;Lettuce;SOIL_BASED;4,209
10632,7;627,3;1331,2;23,46;73,87;18,71;6,17;Bok Choy;SOIL_BASED;3,735
6653,6;926,8;1405,0;26,09;67,18;22,13;5,94;Spinach;AQUAPONIC;4,063
20298,8;550,2;1228,6;27,08;72,48;22,55;6,29;Lettuce;SOIL_BASED;3,858
14543,5;955,3;839,0;23,58;70,31;18,98;6,53;Lettuce;HYDROPONIC;5,467
17375,6;801,2;1184,4;24,57;58,97;18,95;5,77;Chinese Cabbage;HYDROPONIC;4,101
13267,4;708,2;802,2;18,21;72,86;15,87;5,64;Lettuce;HYDROPONIC;5,323
13269,0;721,0;1226,8;17,24;54,02;13,98;5,28;Bok Choy;HYDROPONIC;4,551
12870,3;754,3;1425,7;26,56;67,15;22,49;5,94;Bok Choy;SOIL_BASED;4,041
13813,8;944,8;1391,5;16,51;59,42;12,16;6,13;Kale;HYDROPONIC;6,035
18446,4;512,1;1149,4;24,42;51,23;21,19;6,23;Bok Choy;SOIL_BASED;3,494
14966,7;839,6;1385,2;23,01;70,09;18,68;5,89;Lettuce;AEROPONIC;5,801
20385,1;896,4;988,9;26,95;75,08;23,74;6,62;Bok Choy;SOIL_BASED;3,656
10533,1;622,5;1113,1;23,4;67,73;21,49;6,41;Chinese Cabbage;HYDROPONIC;4,347
13881,2;1033,1;849,2;28,55;78,92;25,03;6,17;Kale;AEROPONIC;6,139
14315,1;955,3;1141,8;22,93;68,0;18,19;5,98;Lettuce;AQUAPONIC;5,099
17053,4;679,5;1078,4;26,71;69,51;22,5;5,66;Kale;SOIL_BASED;4,436
12050,0;813,0;1173,7;19,3;60,84;16,62;5,79;Lettuce;HYDROPONIC;5,514
18535,0;640,8;1209,3;17,05;72,95;12,63;5,79;Chinese Cabbage;HYDROPONIC;4,01
16726,3;724,3;1344,8;23,42;72,57;17,95;6,2;Kale;HYDROPONIC;6,12
20100,7;554,3;769,5;19,58;64,45;14,9;6,22;Spinach;AQUAPONIC;4,262
12724,8;787,9;1056,4;23,33;57,1;18,23;5,5;Lettuce;AEROPONIC;5,787
8678,6;597,2;1534,4;22,34;55,3;17,95;6,27;Spinach;AEROPONIC;4,884
17877,8;636,7;1538,9;25,19;76,56;20,52;6,23;Kale;HYDROPONIC;5,729
18326,8;843,4;1294,5;20,52;58,09;16,91;6,25;Spinach;SOIL_BASED;3,692
6389,4;825,7;1300,1;24,69;80,94;20,72;6,08;Spinach;HYDROPONIC;4,969
16480,8;648,9;986,9;25,92;61,34;22,62;5,91;Kale;HYDROPONIC;5,799
15590,1;565,9;1182,9;22,92;65,46;18,75;6,63;Chinese Cabbage;SOIL_BASED;3,308
12597,0;863,0;1493,7;24,84;92,07;21,32;5,66;Spinach;HYDROPONIC;4,604
19946,8;881,0;956,4;20,76;64,0;17,93;5,32;Spinach;AQUAPONIC;4,159
13019,0;928,8;1317,6;22,43;59,8;18,55;5,79;Chinese Cabbage;HYDROPONIC;4,565
20459,1;929,5;1424,8;19,74;65,12;16,23;6,53;Spinach;AQUAPONIC;4,652
17784,5;831,3;1292,3;30,05;55,1;26,35;6,16;Spinach;HYDROPONIC;4,359
17009,4;756,2;1241,3;26,94;65,6;21,93;5,75;Spinach;AEROPONIC;4,877
16204,0;698,9;1238,6;28,15;68,61;23,84;6,32;Bok Choy;SOIL_BASED;3,542
17064,6;867,0;1410,2;26,9;76,45;22,85;6,16;Chinese Cabbage;AEROPONIC;4,689
12419,3;643,4;1330,6;21,64;72,33;16,77;6,14;Spinach;HYDROPONIC;4,995
10313,0;844,2;1408,6;19,2;69,24;15,18;5,68;Chinese Cabbage;HYDROPONIC;4,06
20451,1;536,6;1184,6;22,31;86,27;17,47;6,36;Lettuce;AQUAPONIC;4,73
12513,9;869,6;1196,6;24,83;73,1;20,52;5,81;Lettuce;HYDROPONIC;5,604
13757,5;813,1;1422,7;22,69;80,2;18,59;6,6;Spinach;HYDROPONIC;4,794
9806,1;653,5;1048,1;17,24;75,57;13,27;5,57;Chinese Cabbage;HYDROPONIC;4,146
16664,0;768,5;986,5;25,59;79,87;21,38;6,21;Chinese Cabbage;AEROPONIC;4,487
10784,6;763,7;1870,9;19,03;77,75;14,0;5,64;Chinese Cabbage;AQUAPONIC;3,876
15951,7;1025,3;1389,9;22,32;75,09;18,46;5,57;Bok Choy;AEROPONIC;5,123
13367,6;742,4;1216,1;28,38;73,18;24,22;6,27;Lettuce;AQUAPONIC;5,133
15310,5;822,2;1099,4;23,64;80,63;19,31;5,75;Chinese Cabbage;AEROPONIC;4,493
20414,6;853,4;1041,1;26,51;63,02;21,99;5,94;Chinese Cabbage;HYDROPONIC;4,313
10534,2;741,1;1267,5;24,47;61,76;21,07;5,69;Bok Choy;AEROPONIC;5,152
12692,6;1000,5;1255,2;20,68;54,43;16,32;6,67;Bok Choy;AEROPONIC;5,329
11805,9;797,4;1394,1;25,54;72,46;21,58;5,88;Chinese Cabbage;AQUAPONIC;4,067
16230,6;457,3;942,2;23,32;77,88;19,52;6,4;Kale;AQUAPONIC;5,391
15947,9;785,0;952,8;19,34;59,16;14,13;5,83;Chinese Cabbage;AEROPONIC;4,499
13743,1;1098,6;1347,6;18,87;61,84;15,91;5,48;Chinese Cabbage;AQUAPONIC;3,928
18609,2;707,6;1380,5;24,57;80,25;19,96;6,08;Bok Choy;AQUAPONIC;4,653
14597,1;841,3;1515,0;29,5;73,9;26,01;6,42;Bok Choy;AQUAPONIC;4,544
12363,8;684,4;1712,0;20,49;73,53;17,12;6,03;Chinese Cabbage;SOIL_BASED;3,274
19118,1;757,1;1210,0;20,82;71,53;16,79;5,99;Chinese Cabbage;AQUAPONIC;4,275
13665,3;947,4;1454,4;24,61;66,2;19,12;6,17;Chinese Cabbage;SOIL_BASED;3,242
13911,7;891,6;1009,4;19,82;54,79;15,57;6,36;Bok Choy;SOIL_BASED;3,67
14201,3;827,6;607,8;30,09;73,03;25,19;6,17;Chinese Cabbage;AQUAPONIC;3,678
15284,8;797,5;1025,4;21,08;86,12;17,85;5,76;Chinese Cabbage;AEROPONIC;4,439
18654,5;760,0;1155,4;22,1;70,54;17,87;5,82;Spinach;AQUAPONIC;4,386
17622,9;817,6;1839,2;21,25;58,28;17,07;6,31;Kale;HYDROPONIC;5,805
16673,5;945,4;847,6;26,12;66,3;23,67;5,77;Lettuce;AEROPONIC;5,723
11109,6;781,2;1472,7;29,55;76,08;24,76;5,99;Kale;SOIL_BASED;4,134
14417,9;824,6;1126,2;21,53;77,09;18,03;6,44;Spinach;SOIL_BASED;3,635
14007,2;616,3;1409,4;25,93;81,24;20,83;6,16;Lettuce;AEROPONIC;5,739
16461,3;658,2;1291,0;19,84;77,01;16,43;6,05;Chinese Cabbage;AEROPONIC;4,608
13822,1;982,8;1042,2;26,19;51,02;21,08;5,61;Spinach;AQUAPONIC;4,182
19532,1;901,5;1546,4;28,42;69,95;23,83;5,5;Chinese Cabbage;SOIL_BASED;2,94
16757,4;853,1;1396,7;27,57;55,74;21,72;6,25;Bok Choy;HYDROPONIC;4,662
16566,8;940,3;1276,2;23,87;73,39;19,06;6,12;Spinach;AQUAPONIC;4,609
11078,9;826,4;1356,4;20,61;74,22;16,47;5,6;Bok Choy;AEROPONIC;5,025
11988,4;823,2;1169,6;23,5;61,03;18,24;6,48;Spinach;SOIL_BASED;3,271
12662,2;729,2;777,5;22,63;65,45;18,64;5,64;Spinach;AEROPONIC;4,964
14529,5;816,8;1309,1;22,25;62,53;19,24;5,82;Bok Choy;AEROPONIC;4,868
18669,0;624,3;1858,9;24,08;74,98;20,49;5,9;Lettuce;AEROPONIC;5,542
11836,9;648,3;1499,8;23,31;67,33;19,39;6,66;Kale;AQUAPONIC;5,385
8826,4;663,9;1356,2;25,48;62,54;20,66;6,28;Chinese Cabbage;HYDROPONIC;4,563
19517,3;1016,3;1380,2;25,5;74,68;21,35;6,17;Spinach;HYDROPONIC;4,768
12886,7;778,8;1279,7;23,32;73,18;18,8;5,84;Chinese Cabbage;SOIL_BASED;3,501
14278,1;831,8;697,5;24,71;74,96;20,39;5,82;Bok Choy;AEROPONIC;5,193
18026,7;691,0;1006,6;27,2;54,9;22,66;5,72;Chinese Cabbage;HYDROPONIC;4,226
18599,2;756,8;1263,5;22,01;63,06;18,19;6,8;Bok Choy;AEROPONIC;5,346
11305,4;707,6;1520,1;23,54;73,78;20,02;5,72;Chinese Cabbage;SOIL_BASED;3,41
15439,3;599,7;1756,0;20,62;53,87;16,51;5,65;Kale;AEROPONIC;6,49
19376,4;664,3;1000,2;24,84;54,1;20,11;5,97;Kale;HYDROPONIC;5,607
14648,7;546,2;1450,7;24,06;61,76;19,99;6,78;Kale;AEROPONIC;5,993
18374,8;809,5;700,2;24,79;74,57;20,95;6,15;Kale;HYDROPONIC;5,8
15079,4;920,4;1193,8;20,73;68,1;16,56;5,94;Kale;SOIL_BASED;4,694
18355,5;728,3;1272,7;25,64;72,31;21,83;5,72;Kale;AEROPONIC;6,263
19159,8;852,2;1718,2;23,79;59,64;19,08;6,42;Bok Choy;HYDROPONIC;4,816
20571,4;739,9;1067,8;26,38;59,55;22,32;6,58;Spinach;SOIL_BASED;3,583
16159,4;904,8;1189,5;22,27;79,83;17,38;5,68;Chinese Cabbage;AEROPONIC;4,378
13128,6;759,0;1538,0;25,41;71,61;21,01;5,88;Kale;SOIL_BASED;4,729
15462,7;993,1;1089,3;24,75;58,86;21,07;5,82;Bok Choy;HYDROPONIC;5,016
15663,9;722,3;1142,4;27,77;51,19;24,23;5,87;Bok Choy;AEROPONIC;5,147
14539,3;1020,6;905,2;23,17;56,04;20,25;6,12;Bok Choy;AEROPONIC;5,098
17076,5;581,0;1442,1;21,95;59,02;17,57;5,77;Spinach;AEROPONIC;4,789
16483,7;798,2;907,4;22,12;57,21;18,16;6,03;Chinese Cabbage;SOIL_BASED;3,203
15492,2;697,5;1553,6;20,4;67,71;16,42;5,82;Spinach;SOIL_BASED;3,496
22203,3;848,8;955,5;22,09;73,71;18,35;5,93;Lettuce;HYDROPONIC;5,603
11654,1;601,3;1083,1;16,95;67,23;12,81;6,15;Bok Choy;AQUAPONIC;4,334
15784,9;637,6;975,2;27,33;64,13;24,03;6,32;Lettuce;AEROPONIC;6,134
14534,0;681,0;1206,4;28,92;70,92;24,07;6,18;Kale;AEROPONIC;6,099
8041,0;665,8;1559,9;23,09;65,12;19,02;6,17;Kale;HYDROPONIC;5,877
12298,2;738,2;1098,4;24,73;53,43;21,12;7,26;Spinach;AEROPONIC;4,873
9551,7;527,8;1025,1;23,96;69,72;19,32;6,2;Chinese Cabbage;SOIL_BASED;3,438
17425,0;843,3;1275,4;19,82;71,34;15,92;6,64;Lettuce;SOIL_BASED;4,596
10099,9;878,5;1262,8;26,37;78,23;24,18;6,21;Chinese Cabbage;AEROPONIC;4,009
9686,7;483,9;1456,4;26,79;75,83;20,83;5,88;Spinach;AEROPONIC;4,943
13782,1;915,6;938,1;20,59;63,24;15,87;6,57;Kale;SOIL_BASED;4,583
13284,4;629,7;1341,9;24,42;66,16;19,28;6,53;Chinese Cabbage;AEROPONIC;4,224
13107,8;705,2;1602,4;22,76;68,3;19,24;6,23;Chinese Cabbage;SOIL_BASED;3,234
10690,1;775,9;1016,1;26,83;69,82;22,19;6,29;Kale;AQUAPONIC;5,571
17634,9;722,9;1329,5;23,27;80,7;19,37;6,02;Lettuce;AQUAPONIC;5,199
13890,4;631,0;1015,6;23,34;67,44;18,78;6,39;Kale;AEROPONIC;6,069
17903,7;681,8;1564,8;28,6;63,58;24,77;6,21;Chinese Cabbage;AEROPONIC;4,559
11054,7;762,0;1720,0;19,9;78,56;14,59;6,11;Lettuce;AEROPONIC;5,412
12262,5;728,6;970,4;24,19;78,35;19,8;5,51;Lettuce;SOIL_BASED;3,851
11442,3;698,1;1355,8;23,75;75,65;19,59;6,79;Kale;AQUAPONIC;5,552
14411,2;715,2;1372,9;21,81;54,37;17,56;6,74;Chinese Cabbage;AQUAPONIC;3,95
12132,1;855,0;1314,7;29,21;68,69;25,35;6,01;Spinach;HYDROPONIC;4,832
18273,2;775,5;1221,1;24,44;66,01;20,63;5,92;Chinese Cabbage;HYDROPONIC;4,13
6611,0;554,6;1131,5;25,38;71,71;19,9;6,05;Bok Choy;AEROPONIC;5,08
20411,4;790,2;872,9;25,78;60,6;22,61;6,09;Spinach;SOIL_BASED;3,347
13444,0;922,3;1237,8;22,6;74,97;17,55;6,43;Lettuce;AEROPONIC;5,883
11789,4;809,2;1504,7;26,98;71,04;23,52;5,25;Spinach;AQUAPONIC;4,306
20947,8;986,3;1566,9;26,41;75,44;22,71;6,22;Lettuce;AEROPONIC;5,902
14148,3;539,4;1326,7;23,16;61,64;18,54;5,5;Lettuce;AEROPONIC;5,215
13459,4;716,8;1023,0;26,13;70,25;22,31;5,56;Spinach;AQUAPONIC;4,369
12339,5;1056,8;947,1;26,97;74,7;22,77;6,29;Lettuce;AQUAPONIC;5,09
13575,0;852,4;1119,3;25,73;46,33;22,13;6,1;Lettuce;AQUAPONIC;4,941
16203,0;579,9;783,4;21,16;73,67;16,52;6,3;Bok Choy;AQUAPONIC;4,55
16313,7;852,4;624,0;23,24;64,94;19,93;5,65;Chinese Cabbage;HYDROPONIC;4,59
10333,2;747,7;930,3;24,83;67,8;20,4;5,48;Chinese Cabbage;SOIL_BASED;2,945
10405,8;898,7;1361,1;24,21;78,65;18,91;6,25;Bok Choy;SOIL_BASED;3,777
18098,1;744,4;854,0;21,41;77,28;15,99;5,49;Spinach;AQUAPONIC;4,072
12652,6;913,6;1365,5;22,7;63,08;17,36;5,42;Kale;SOIL_BASED;4,393
14296,9;755,8;1065,0;24,49;53,65;21,43;6,07;Kale;SOIL_BASED;4,354
14925,5;821,5;1592,7;19,27;67,35;14,78;5,5;Kale;SOIL_BASED;4,207
19636,7;978,3;1123,8;23,55;77,03;18,4;5,9;Bok Choy;SOIL_BASED;3,559
19130,9;807,4;1159,9;25,45;79,17;20,72;5,88;Bok Choy;AQUAPONIC;4,251
15696,0;610,0;1084,9;24,29;50,21;21,42;6,17;Lettuce;AEROPONIC;5,401
12137,8;637,8;1090,3;21,1;73,08;17,93;6,2;Kale;AEROPONIC;6,051
22601,0;960,6;1302,9;21,59;71,93;17,21;6,79;Spinach;AEROPONIC;5,021
16952,7;462,5;1354,6;27,66;74,56;22,99;5,61;Spinach;HYDROPONIC;4,609
19284,7;671,4;1268,1;20,87;68,11;16,22;5,31;Kale;SOIL_BASED;4,431
13665,7;1198,3;949,0;26,82;52,96;22,65;5,23;Kale;AQUAPONIC;5,279
10453,1;729,1;1385,8;21,76;64,11;17,9;6,24;Kale;AQUAPONIC;5,641
16281,3;826,9;965,4;26,66;60,18;23,29;6,32;Bok Choy;HYDROPONIC;4,877
14558,6;667,5;997,2;25,02;59,21;20,67;6,29;Bok Choy;AQUAPONIC;4,302
20281,6;844,7;1132,6;22,53;74,66;16,47;6,57;Bok Choy;AEROPONIC;5,181
14145,3;890,5;1481,5;18,55;66,55;13,19;5,66;Chinese Cabbage;HYDROPONIC;4,257
12939,0;728,4;984,0;24,62;71,35;20,01;5,91;Spinach;AQUAPONIC;4,061
18991,9;792,9;1375,6;24,01;76,98;18,98;5,66;Spinach;HYDROPONIC;4,855
13035,5;614,9;612,2;24,66;53,34;19,42;5,07;Lettuce;HYDROPONIC;5,483
13535,6;703,0;1411,4;25,01;81,63;20,06;6,22;Bok Choy;AQUAPONIC;4,666
9094,4;781,0;1551,8;19,82;83,19;15,05;6,33;Chinese Cabbage;AEROPONIC;4,46
18446,6;1063,3;1438,0;24,6;52,91;19,87;5,82;Chinese Cabbage;AQUAPONIC;3,852
13878,3;572,3;1266,9;25,58;73,89;22,2;5,86;Spinach;SOIL_BASED;3,474
10378,2;856,3;1099,1;25,55;84,91;20,35;6,02;Bok Choy;SOIL_BASED;3,646
18555,3;920,5;1035,3;19,99;56,13;14,99;6,21;Lettuce;AQUAPONIC;5,044
13568,1;734,6;1060,0;26,73;58,03;23,19;6,0;Bok Choy;AEROPONIC;5,304
20863,3;877,3;1123,7;24,7;74,92;21,27;5,91;Kale;SOIL_BASED;4,58
18968,6;935,0;1523,1;25,06;71,9;21,33;6,52;Bok Choy;SOIL_BASED;3,592
10275,3;1067,0;1248,6;20,99;69,86;15,74;6,16;Kale;AQUAPONIC;5,353
17029,1;1042,9;1483,8;25,62;65,87;21,76;6,52;Kale;AQUAPONIC;5,521
18178,6;470,4;2071,2;18,67;69,32;14,83;6,37;Lettuce;AQUAPONIC;5,134
8632,5;706,1;1709,7;21,13;46,62;16,49;5,65;Spinach;HYDROPONIC;4,588
13594,6;843,0;1276,0;27,05;57,8;23,08;6,7;Bok Choy;HYDROPONIC;4,845
12620,2;799,5;1134,4;25,48;67,05;21,84;5,89;Kale;HYDROPONIC;5,764
18304,8;894,4;1496,7;24,32;50,06;21,89;6,15;Bok Choy;AQUAPONIC;3,999
11343,2;820,7;1496,3;26,14;66,81;20,89;6,28;Spinach;AEROPONIC;4,772
15427,0;821,5;1419,9;26,34;67,85;22,4;5,82;Spinach;SOIL_BASED;3,505
21271,8;799,9;1663,5;25,62;61,73;20,54;6,1;Chinese Cabbage;HYDROPONIC;4,217
7398,5;836,8;1034,5;22,89;62,23;19,02;6,5;Spinach;AEROPONIC;4,613
14834,3;865,5;1354,5;21,04;59,11;18,14;6,34;Lettuce;AQUAPONIC;5,106
14952,3;855,7;1270,4;21,64;63,88;17,53;5,8;Kale;HYDROPONIC;6,306
5834,2;418,4;1457,4;27,45;71,06;24,82;5,73;Chinese Cabbage;AQUAPONIC;3,802
8637,7;609,8;1160,2;19,93;71,65;16,78;6,01;Lettuce;AEROPONIC;5,629
17534,7;794,4;1375,8;24,87;76,71;21,07;6,27;Bok Choy;HYDROPONIC;5,102
14302,4;862,8;815,1;24,88;66,67;20,95;6,27;Kale;HYDROPONIC;6,022
15184,7;851,9;1274,9;27,61;71,89;23,37;6,32;Spinach;HYDROPONIC;4,422
13989,4;522,0;1725,1;24,87;55,66;19,68;6,23;Kale;HYDROPONIC;5,799
18856,9;660,4;1144,9;22,31;69,77;18,46;5,38;Bok Choy;AEROPONIC;4,852
22911,4;822,3;1253,5;22,36;66,11;19,37;5,85;Chinese Cabbage;HYDROPONIC;4,621
18400,8;878,1;1558,0;23,48;72,24;18,06;5,84;Chinese Cabbage;SOIL_BASED;3,392
6284,0;821,4;1402,5;26,67;65,6;21,88;6,71;Chinese Cabbage;SOIL_BASED;3,239
14373,4;791,6;835,0;25,76;64,8;22,63;6,75;Spinach;AQUAPONIC;4,431
19446,1;834,7;1243,5;20,46;61,0;15,78;5,94;Lettuce;HYDROPONIC;5,578
12998,4;879,8;1379,7;24,28;76,56;20,32;6,59;Lettuce;SOIL_BASED;4,054
19471,8;508,0;1635,4;25,81;62,79;22,23;6,03;Kale;SOIL_BASED;3,92
13320,5;700,1;1586,6;22,84;83,85;18,6;6,19;Spinach;SOIL_BASED;3,696
10117,2;848,2;1263,3;17,45;56,85;13,26;6,14;Chinese Cabbage;AEROPONIC;4,455
17023,3;743,5;1445,2;22,95;77,96;18,71;6,88;Chinese Cabbage;HYDROPONIC;4,589
16102,1;788,3;1259,7;19,34;49,5;15,29;6,29;Bok Choy;AEROPONIC;5,001
12395,7;698,2;1149,2;18,9;66,56;15,64;5,96;Bok Choy;AEROPONIC;4,938
19052,7;709,6;1564,9;26,48;63,0;22,25;6,99;Chinese Cabbage;SOIL_BASED;3,371
8008,2;806,2;1547,5;30,56;71,74;26,93;6,07;Chinese Cabbage;SOIL_BASED;2,72
18182,0;607,2;1350,0;27,32;74,94;23,89;6,24;Spinach;AQUAPONIC;4,477
12587,1;811,4;1110,2;16,19;84,44;12,49;5,94;Lettuce;HYDROPONIC;5,511
20655,6;677,7;1273,0;23,02;63,48;19,6;5,84;Bok Choy;HYDROPONIC;5,217
17361,5;510,2;1290,1;21,85;61,74;18,25;6,11;Lettuce;SOIL_BASED;4,207
13290,6;909,0;1519,8;19,38;75,5;15,85;6,13;Spinach;SOIL_BASED;3,257
11118,6;1014,5;1200,6;24,8;66,84;22,29;6,23;Chinese Cabbage;HYDROPONIC;4,107
8830,2;810,7;1287,4;22,98;62,6;18,61;4,81;Lettuce;AQUAPONIC;5,366
14228,2;814,3;1328,6;20,24;64,21;16,44;5,95;Chinese Cabbage;SOIL_BASED;3,144
14694,9;712,2;1209,9;17,74;61,96;13,55;6,05;Chinese Cabbage;AQUAPONIC;3,922
18184,8;986,9;1346,6;21,8;53,81;17,41;6,16;Kale;AEROPONIC;6,154
11974,6;1016,4;1309,0;23,52;81,29;19,22;6,37;Lettuce;SOIL_BASED;4,194
15775,4;811,4;1067,9;23,17;72,15;18,72;5,26;Lettuce;AEROPONIC;5,435
13252,9;968,0;1135,5;26,48;54,31;22,34;6,01;Chinese Cabbage;SOIL_BASED;3,12
19744,8;792,6;913,8;24,45;80,75;20,09;6,22;Spinach;AEROPONIC;4,719
14051,1;775,5;1087,9;22,54;69,51;19,5;6,86;Kale;SOIL_BASED;4,347
11940,7;799,7;1650,9;21,21;66,2;17,07;6,17;Chinese Cabbage;AQUAPONIC;3,866
10301,1;726,2;1452,0;18,54;72,5;14,42;6,54;Bok Choy;AQUAPONIC;4,368
12915,5;1041,2;1071,2;20,44;64,3;16,5;5,56;Bok Choy;AQUAPONIC;4,145
13682,6;940,7;1230,2;27,3;56,82;23,13;6,14;Kale;AEROPONIC;5,988
13806,6;653,6;1053,9;25,92;63,42;22,67;6,29;Spinach;AQUAPONIC;4,376
15990,4;827,7;1468,8;24,31;67,38;20,3;5,81;Chinese Cabbage;AEROPONIC;4,682
13336,1;802,4;1345,5;22,12;60,35;17,95;6,42;Lettuce;SOIL_BASED;4,142
11588,9;869,4;1457,4;26,97;72,32;21,82;5,66;Kale;AEROPONIC;5,878
13028,6;762,3;1197,9;20,67;78,88;16,52;5,52;Spinach;SOIL_BASED;3,499
13735,2;667,1;1540,2;20,7;64,89;17,12;6,29;Lettuce;HYDROPONIC;5,719
12517,3;638,2;970,2;23,24;48,55;20,56;6,69;Bok Choy;HYDROPONIC;4,587
8863,5;723,3;1125,8;17,39;66,59;13,34;6,44;Bok Choy;HYDROPONIC;4,512
9181,5;856,6;1176,5;20,59;60,77;16,16;6,12;Lettuce;AEROPONIC;5,842
7654,0;869,6;1488,5;22,84;66,18;18,7;5,97;Kale;HYDROPONIC;6,087
15093,3;1021,6;1138,7;22,21;66,07;17,37;5,95;Bok Choy;HYDROPONIC;5,348
16079,3;393,7;1028,8;20,73;60,68;17,44;6,2;Chinese Cabbage;HYDROPONIC;4,318
11557,6;1024,5;1282,4;29,2;56,38;25,7;5,51;Lettuce;SOIL_BASED;4,03
16198,5;475,4;1913,6;27,32;68,11;21,66;5,79;Lettuce;AQUAPONIC;5,312
13154,4;866,5;1026,2;28,3;61,47;24,11;6,59;Bok Choy;AEROPONIC;4,772
13986,5;833,5;1602,1;23,22;82,82;19,35;6,36;Kale;HYDROPONIC;6,136
9934,6;636,4;1278,0;22,13;70,09;18,21;6,1;Chinese Cabbage;SOIL_BASED;2,979
18863,8;815,4;1281,5;27,98;61,76;24,28;6,31;Kale;AQUAPONIC;5,171
20082,4;692,1;1123,3;23,74;63,97;18,91;6,17;Spinach;AQUAPONIC;4,218
15632,1;967,3;1442,6;20,53;66,71;16,97;6,79;Spinach;AQUAPONIC;3,864
11840,8;607,2;1550,0;20,73;68,83;16,72;5,65;Bok Choy;SOIL_BASED;3,688
14832,2;854,5;1671,3;22,59;73,24;19,2;5,89;Bok Choy;HYDROPONIC;4,737
11785,9;905,5;1354,3;23,44;77,73;21,47;6,18;Bok Choy;AQUAPONIC;4,862
9815,0;540,3;1100,1;23,73;67,4;19,88;6,46;Spinach;SOIL_BASED;3,684
16962,2;619,1;1744,7;22,99;71,87;18,91;6,59;Kale;SOIL_BASED;4,427
11013,6;667,5;1162,2;30,05;71,62;26,03;6,69;Kale;AEROPONIC;6,092
11523,4;544,8;1079,2;19,71;68,84;14,37;5,81;Bok Choy;SOIL_BASED;3,87
6737,1;919,9;1355,2;25,38;66,23;21,1;5,67;Chinese Cabbage;AQUAPONIC;3,92
18222,1;840,6;1029,4;22,16;69,2;17,6;6,03;Kale;AQUAPONIC;5,406
19776,7;872,6;1150,1;23,39;62,45;17,67;6,55;Spinach;SOIL_BASED;3,134
17076,2;893,0;1442,9;26,13;58,36;21,37;6,09;Lettuce;AQUAPONIC;5,107
17340,4;812,1;2026,9;18,51;80,27;15,04;5,99;Lettuce;SOIL_BASED;4,143
9813,1;544,8;1427,0;20,85;69,83;17,35;6,3;Lettuce;AQUAPONIC;4,898
13585,8;727,4;1588,1;23,13;70,32;19,99;5,95;Chinese Cabbage;AEROPONIC;4,778
17047,1;924,9;1148,2;27,63;66,16;22,57;6,18;Bok Choy;HYDROPONIC;4,841
11090,0;732,9;1349,4;27,62;72,23;21,58;6,1;Spinach;AEROPONIC;5,018
13073,3;797,3;781,3;27,08;66,47;22,56;6,12;Chinese Cabbage;AEROPONIC;3,925
8780,4;921,9;933,6;17,36;55,1;13,39;5,91;Spinach;HYDROPONIC;4,284
13441,3;948,7;1320,7;20,56;63,46;15,18;6,07;Spinach;AQUAPONIC;4,434
13862,3;1052,6;1372,0;20,68;73,08;15,66;6,05;Bok Choy;HYDROPONIC;5,066
16258,4;783,7;1499,7;23,35;62,95;19,84;5,81;Lettuce;SOIL_BASED;4,076
8686,7;730,0;1230,7;18,31;52,42;14,15;5,74;Bok Choy;HYDROPONIC;4,835
8640,1;771,7;1672,3;26,57;65,51;22,23;5,55;Chinese Cabbage;AEROPONIC;4,403
18809,6;702,0;1423,1;17,92;53,29;14,0;6,42;Chinese Cabbage;HYDROPONIC;4,246
18255,3;771,4;808,6;26,39;65,38;22,58;6,53;Chinese Cabbage;AQUAPONIC;4,151
12243,5;692,9;809,1;25,94;78,08;21,12;6,34;Bok Choy;AEROPONIC;5,029
19843,4;928,7;1313,4;20,44;57,19;15,19;6,26;Spinach;SOIL_BASED;3,417
15082,0;674,0;1218,3;27,03;73,51;21,96;7,15;Spinach;AQUAPONIC;4,326
18481,2;1032,9;1337,6;22,57;82,58;17,81;5,93;Kale;AEROPONIC;5,923
13483,5;350,0;1192,6;21,84;78,82;16,27;6,07;Chinese Cabbage;SOIL_BASED;3,103
15592,2;774,1;1123,9;22,32;66,07;18,51;6,11;Spinach;AQUAPONIC;4,066
13306,7;913,7;1089,0;22,56;60,22;18,69;6,12;Kale;SOIL_BASED;4,412
20347,8;622,7;1265,1;22,82;69,49;18,18;5,38;Spinach;HYDROPONIC;4,608
13929,5;649,8;1498,3;22,88;69,6;18,33;6,46;Chinese Cabbage;HYDROPONIC;4,461
14198,5;861,3;1000,2;21,01;75,83;17,32;5,93;Lettuce;SOIL_BASED;4,392
8846,5;880,0;1243,9;21,66;68,43;17,66;5,9;Chinese Cabbage;HYDROPONIC;4,563
14074,6;656,5;1650,4;21,9;71,42;17,99;6,23;Bok Choy;SOIL_BASED;3,655
20595,8;764,7;827,3;28,18;60,27;24,17;5,98;Spinach;AQUAPONIC;4,237
19240,2;985,6;1447,1;21,9;74,29;17,27;6,01;Spinach;AEROPONIC;4,48
13860,7;808,6;1225,8;21,72;57,15;17,53;5,72;Bok Choy;SOIL_BASED;3,544
14178,6;619,8;1077,1;27,75;62,67;25,17;5,64;Bok Choy;AEROPONIC;5,129
10141,0;563,2;1135,9;22,6;73,11;18,23;6,35;Lettuce;AEROPONIC;5,738
15720,1;837,7;1548,5;21,01;78,97;16,63;6,23;Spinach;SOIL_BASED;3,284
15639,2;911,5;1246,1;20,4;73,81;15,57;6,74;Spinach;HYDROPONIC;4,519
16349,1;938,8;1000,3;19,52;67,72;15,18;5,5;Lettuce;AQUAPONIC;5,038
8935,6;983,8;1054,7;25,02;67,8;20,5;6,06;Kale;AEROPONIC;6,242
18559,8;814,7;1150,3;18,45;60,28;15,74;5,98;Lettuce;AQUAPONIC;5,088
13696,5;782,9;1505,6;27,27;64,86;23,06;5,93;Chinese Cabbage;AEROPONIC;4,408
18801,1;825,8;1149,3;23,24;51,72;18,99;6,31;Spinach;SOIL_BASED;3,249
15213,6;865,5;1273,6;22,28;82,1;17,53;6,1;Bok Choy;HYDROPONIC;5,005
19502,4;695,6;1100,2;22,86;86,84;17,92;6,41;Chinese Cabbage;AQUAPONIC;3,584
16771,9;816,2;1176,4;24,8;51,49;20,84;5,67;Spinach;AEROPONIC;4,656
11566,5;639,1;1237,9;22,18;55,81;16,65;5,97;Lettuce;SOIL_BASED;4,016
17371,4;350,0;1038,1;22,96;79,58;18,57;5,64;Chinese Cabbage;SOIL_BASED;2,944
18060,8;739,7;1076,9;26,45;61,33;22,02;5,76;Spinach;AEROPONIC;4,904
15235,8;881,7;1144,4;24,47;79,77;20,28;5,61;Kale;AEROPONIC;6,249
13516,1;531,3;1670,4;20,0;74,41;16,46;6,41;Kale;AEROPONIC;6,411
17733,4;887,0;1295,8;21,52;65,27;17,48;5,96;Bok Choy;HYDROPONIC;5,352
18537,1;862,0;1047,2;18,51;76,03;13,98;6,16;Spinach;AEROPONIC;4,832
9908,6;665,5;1499,4;25,22;67,69;20,56;5,3;Kale;AEROPONIC;6,208
14972,0;1031,8;1513,2;25,52;67,54;21,31;6,35;Lettuce;HYDROPONIC;5,492
13811,5;701,8;1041,8;20,88;72,49;17,55;6,08;Spinach;SOIL_BASED;3,558
21135,6;561,3;1702,5;29,95;74,73;26,44;6,15;Lettuce;AEROPONIC;5,897
11998,5;848,4;1379,6;30,33;76,52;24,76;6,54;Lettuce;AQUAPONIC;4,901
16443,4;927,0;1389,1;23,56;88,02;19,29;6,21;Kale;SOIL_BASED;4,132
16924,4;1014,6;1373,9;21,27;71,1;16,19;5,5;Spinach;AQUAPONIC;4,44
14716,7;789,2;1367,8;24,27;78,99;18,27;6,29;Chinese Cabbage;AEROPONIC;4,634
19334,5;916,8;1250,0;21,2;78,75;17,98;6,45;Kale;HYDROPONIC;6,1
14168,7;703,6;1448,9;26,16;73,82;22,71;5,48;Kale;HYDROPONIC;6,128
10219,7;865,6;1194,1;23,97;63,52;19,73;6,12;Spinach;HYDROPONIC;4,693
19639,8;1030,9;1689,1;24,17;77,32;20,55;5,57;Spinach;AEROPONIC;4,831
12936,8;1128,4;761,8;28,43;71,79;24,24;6,46;Lettuce;AEROPONIC;6,274
14831,1;690,0;1043,4;21,77;57,05;18,18;6,17;Spinach;AQUAPONIC;3,951
13953,8;992,7;1372,4;21,88;76,62;17,97;6,05;Lettuce;HYDROPONIC;5,816
11193,6;644,1;1259,3;25,9;54,18;21,67;5,97;Kale;AEROPONIC;6,056
11291,5;691,2;1149,3;22,32;73,5;18,79;5,79;Bok Choy;SOIL_BASED;3,456
9107,4;717,9;1325,5;27,99;63,31;23,65;5,89;Chinese Cabbage;AEROPONIC;4,379
16316,3;911,4;964,2;26,3;69,39;22,57;5,92;Kale;AEROPONIC;5,881
17019,2;796,5;1010,6;22,46;56,15;18,56;6,25;Spinach;SOIL_BASED;3,361
15369,7;571,3;1246,9;18,43;61,85;13,78;6,1;Chinese Cabbage;HYDROPONIC;4,25
16633,6;850,8;1379,8;19,43;63,55;15,07;6,01;Bok Choy;SOIL_BASED;3,607
14041,3;974,9;1093,7;22,15;66,71;17,47;5,19;Bok Choy;HYDROPONIC;5,015
15206,3;801,0;812,4;24,63;62,94;20,08;6,64;Lettuce;SOIL_BASED;4,012
14401,7;909,4;1339,7;26,59;70,96;23,2;6,48;Chinese Cabbage;AQUAPONIC;3,994
14248,4;669,2;1406,3;22,89;72,05;18,86;5,79;Lettuce;HYDROPONIC;5,718
10707,4;920,6;996,2;21,01;64,2;17,29;6,06;Kale;AEROPONIC;6,613
19109,0;677,9;1177,9;23,11;68,33;18,94;6,17;Chinese Cabbage;AQUAPONIC;4,261
13487,2;797,8;1516,6;23,56;72,52;19,61;6,56;Kale;HYDROPONIC;5,911
12878,5;654,5;978,7;27,15;48,92;22,54;6,56;Lettuce;HYDROPONIC;5,609
12532,5;610,0;1271,5;27,0;71,76;22,1;6,06;Chinese Cabbage;HYDROPONIC;4,217
13152,4;630,3;1107,1;20,69;62,55;16,92;5,59;Lettuce;SOIL_BASED;3,927
13188,5;718,7;1848,0;24,77;45,36;20,97;6,27;Chinese Cabbage;HYDROPONIC;3,769
15186,5;801,8;961,0;21,11;64,67;16,1;6,77;Lettuce;AEROPONIC;5,948
8608,2;664,3;805,7;21,19;59,43;15,99;5,83;Bok Choy;HYDROPONIC;5,278
11488,6;1164,0;1437,6;26,41;64,01;21,88;6,11;Lettuce;AEROPONIC;5,897
19705,4;740,6;1195,3;22,94;71,97;19,43;6,14;Bok Choy;AEROPONIC;5,168
19463,9;594,8;1012,1;25,29;75,23;20,53;5,86;Lettuce;AEROPONIC;6,118
13587,1;462,5;1152,2;25,0;78,96;20,21;5,43;Chinese Cabbage;AQUAPONIC;3,976
23233,1;1052,6;1674,1;23,28;79,48;18,08;5,64;Chinese Cabbage;AEROPONIC;4,762
16953,1;847,3;1280,8;24,43;59,19;20,53;6,28;Chinese Cabbage;SOIL_BASED;3,057
19651,9;631,9;1660,8;24,07;78,28;18,59;6,09;Spinach;HYDROPONIC;4,72
14819,6;732,2;957,7;20,28;57,6;17,05;6,08;Kale;SOIL_BASED;4,547
13623,6;677,6;1562,7;24,86;76,99;20,04;5,69;Chinese Cabbage;AQUAPONIC;3,972
17834,1;901,1;1028,2;21,52;72,85;16,68;6,14;Bok Choy;HYDROPONIC;4,872
18412,0;1076,9;1599,0;20,51;69,45;15,61;6,2;Chinese Cabbage;AEROPONIC;4,415
13548,2;651,8;1577,7;25,89;60,47;23,21;5,89;Spinach;HYDROPONIC;4,672
16042,1;886,7;1021,3;21,84;78,18;18,73;6,13;Bok Choy;AQUAPONIC;4,896
4217,0;784,6;1389,8;26,61;59,44;21,94;5,96;Spinach;AQUAPONIC;4,247
12224,7;707,9;1333,8;26,58;67,81;21,71;6,15;Bok Choy;SOIL_BASED;3,468
19496,6;734,4;1523,4;22,17;68,58;18,28;6,59;Lettuce;HYDROPONIC;5,557
12627,9;620,6;985,5;26,49;53,57;22,44;5,81;Kale;HYDROPONIC;5,705
14314,0;824,4;1174,3;22,41;69,27;18,39;6,92;Kale;HYDROPONIC;6,104
14068,2;832,8;1292,5;23,31;58,69;19,58;7,34;Spinach;SOIL_BASED;3,319
10668,4;869,6;1671,2;24,88;80,25;18,85;6,35;Kale;AQUAPONIC;5,629
14190,0;809,4;1295,5;29,21;90,98;24,27;6,5;Spinach;AEROPONIC;4,423
13770,1;636,1;1027,6;26,13;61,76;22,71;5,93;Spinach;HYDROPONIC;5,047
11294,2;876,3;1363,5;23,34;64,66;18,56;6,1;Spinach;SOIL_BASED;3,621
13995,0;657,7;1016,1;23,79;69,41;20,46;6,19;Kale;SOIL_BASED;4,165
10381,2;770,1;841,6;19,07;50,49;15,0;6,4;Spinach;AEROPONIC;4,704
14328,8;639,3;1238,0;26,31;81,97;22,84;6,1;Kale;AQUAPONIC;5,74
14241,5;920,9;1352,2;26,01;65,29;23,13;6,56;Spinach;HYDROPONIC;4,7
21404,6;678,0;1330,1;24,29;64,6;19,8;6,63;Chinese Cabbage;HYDROPONIC;4,131
11699,5;1085,2;1293,9;25,51;73,86;21,36;6,09;Spinach;SOIL_BASED;3,568
17340,2;705,6;1744,3;17,83;68,72;13,37;5,82;Bok Choy;AQUAPONIC;4,513
9440,9;860,4;1683,3;20,47;69,4;17,4;6,56;Spinach;HYDROPONIC;4,554
23119,6;868,4;1065,7;28,54;75,17;22,42;6,25;Lettuce;AEROPONIC;5,776
15887,3;591,6;1525,3;22,78;66,94;18,85;6,13;Spinach;AQUAPONIC;4,483
15337,7;495,9;1868,1;25,62;58,45;20,65;5,79;Bok Choy;AQUAPONIC;4,212
16643,4;633,5;1737,1;21,41;78,4;17,25;6,15;Bok Choy;SOIL_BASED;3,21
14726,1;807,6;1542,1;22,26;63,02;18,09;6,03;Kale;SOIL_BASED;4,63
13051,8;641,0;1245,2;28,69;63,49;25,22;5,48;Chinese Cabbage;HYDROPONIC;4,117
11220,1;661,4;940,8;23,06;69,96;17,17;6,31;Spinach;SOIL_BASED;3,585
15209,2;1018,2;1030,0;24,97;56,9;18,89;6,38;Kale;AQUAPONIC;5,24
18887,4;700,7;1417,4;23,87;70,03;20,07;6,06;Chinese Cabbage;HYDROPONIC;4,204
7965,7;910,5;1356,6;24,19;76,05;19,78;6,17;Spinach;HYDROPONIC;5,094
22247,9;733,4;1297,9;24,09;81,43;19,89;6,67;Lettuce;AQUAPONIC;5,228
11483,5;748,0;1516,6;17,96;74,29;12,76;6,2;Spinach;HYDROPONIC;4,686
15581,9;713,0;1584,2;24,84;77,12;19,2;6,26;Bok Choy;AEROPONIC;4,994
11967,0;753,8;1583,8;21,99;62,56;18,87;6,17;Bok Choy;AEROPONIC;5,348
14297,3;576,4;1471,4;28,48;75,02;26,0;6,64;Lettuce;HYDROPONIC;5,561
15645,5;650,4;1414,5;21,34;66,38;17,49;6,48;Kale;SOIL_BASED;4,576
13877,5;671,9;1143,1;22,18;77,86;18,75;6,62;Chinese Cabbage;AEROPONIC;4,35
15124,4;874,1;1302,2;30,35;68,87;26,43;6,32;Spinach;HYDROPONIC;4,709
14885,1;1000,6;1373,5;25,53;77,16;20,86;6,44;Bok Choy;AEROPONIC;5,002
16471,5;966,1;1266,1;20,75;69,37;15,65;5,77;Kale;SOIL_BASED;4,141
16233,9;735,1;866,4;23,99;61,48;19,81;6,1;Lettuce;AQUAPONIC;5,405
6912,5;631,4;1363,4;20,08;68,34;15,19;6,32;Bok Choy;HYDROPONIC;5,147
13330,4;762,7;1265,0;24,22;65,19;20,27;6,63;Lettuce;HYDROPONIC;5,681
19185,2;835,7;1244,1;21,25;79,03;16,01;6,53;Spinach;HYDROPONIC;4,802
17456,6;774,7;1429,2;28,72;56,47;25,53;6,02;Chinese Cabbage;HYDROPONIC;3,929
10596,3;890,5;1423,8;24,68;53,74;20,37;6,0;Bok Choy;HYDROPONIC;5,055
13198,8;618,4;1590,4;24,98;70,48;22,28;5,97;Bok Choy;HYDROPONIC;4,834
13701,2;776,8;1433,7;26,16;65,25;21,72;5,57;Spinach;SOIL_BASED;3,715
13644,2;768,1;1180,2;26,47;58,26;22,04;6,24;Kale;AQUAPONIC;5,407
13935,2;749,1;1624,1;21,57;67,7;18,58;6,01;Chinese Cabbage;SOIL_BASED;3,175
12714,2;682,1;1671,0;23,77;70,26;19,47;5,99;Bok Choy;SOIL_BASED;3,66
11110,4;564,0;1274,5;22,25;78,44;17,7;6,62;Chinese Cabbage;AQUAPONIC;3,748
21944,2;573,3;1604,8;29,36;52,25;24,31;6,01;Bok Choy;SOIL_BASED;3,374
15138,0;1040,4;1322,5;17,1;69,58;12,0;5,89;Chinese Cabbage;AEROPONIC;4,316
13744,2;589,3;1578,9;21,89;81,95;17,66;6,49;Lettuce;SOIL_BASED;4,096
17131,4;695,3;1624,1;23,28;81,55;18,78;6,68;Bok Choy;HYDROPONIC;4,567
9042,9;681,0;1115,4;23,88;68,79;20,76;6,1;Chinese Cabbage;AEROPONIC;4,82
16414,1;707,9;1644,0;23,83;62,98;19,54;5,99;Kale;AEROPONIC;6,275
9375,4;1090,6;1291,8;23,37;65,71;18,87;6,08;Lettuce;AQUAPONIC;5,082
15768,2;844,9;1381,4;23,05;59,63;19,16;6,46;Lettuce;SOIL_BASED;3,946
11479,7;703,6;1569,1;24,18;64,25;19,91;6,02;Kale;SOIL_BASED;4,563
16952,7;771,1;1213,1;24,79;68,67;20,26;6,24;Chinese Cabbage;AEROPONIC;4,279
23801,1;890,3;1537,9;28,51;72,0;25,26;5,81;Spinach;SOIL_BASED;3,239
15039,1;952,4;1323,4;28,49;75,25;23,82;7,35;Kale;SOIL_BASED;4,168
9269,8;842,3;1161,9;24,34;67,06;19,9;5,99;Chinese Cabbage;AQUAPONIC;3,888
12222,3;1044,8;1447,3;22,11;66,43;18,18;6,28;Kale;AEROPONIC;6,157
15701,2;664,1;1605,7;22,31;75,45;17,39;6,31;Kale;HYDROPONIC;5,803
18938,4;738,5;1307,4;19,82;65,08;15,91;6,42;Bok Choy;AEROPONIC;4,955
10592,4;806,8;1016,5;26,17;73,94;20,44;5,78;Chinese Cabbage;AQUAPONIC;4,114
21056,0;831,0;1196,2;23,37;53,96;18,63;6,24;Spinach;AQUAPONIC;4,445
16715,1;684,7;1096,3;24,72;71,97;20,55;6,24;Bok Choy;AQUAPONIC;4,713
14462,3;933,8;1871,5;24,43;85,96;19,64;5,73;Kale;SOIL_BASED;4,125
17523,3;864,5;1052,7;21,55;60,12;16,62;6,06;Kale;AEROPONIC;6,144
10066,7;702,7;688,5;21,2;80,18;17,74;5,57;Kale;SOIL_BASED;4,122
11302,7;724,6;1179,9;22,23;73,9;18,17;5,78;Chinese Cabbage;SOIL_BASED;3,284
9688,7;927,5;1328,5;24,86;75,43;21,09;5,62;Chinese Cabbage;AEROPONIC;4,639
22344,7;696,1;1288,6;23,27;73,69;17,29;6,12;Bok Choy;AQUAPONIC;4,312
14546,1;644,4;1326,8;18,56;62,6;15,64;6,22;Spinach;HYDROPONIC;4,674
15141,1;607,4;947,3;20,63;56,92;15,9;6,14;Bok Choy;HYDROPONIC;4,913
18463,7;498,9;1296,0;22,75;72,03;19,05;6,48;Lettuce;AEROPONIC;5,993
9514,2;718,5;1022,5;23,41;66,96;19,86;6,43;Kale;AEROPONIC;6,105
11651,9;408,4;1515,4;24,94;56,17;20,43;6,35;Kale;AQUAPONIC;5,22
15737,5;674,4;982,8;23,61;64,14;19,3;6,12;Kale;AEROPONIC;6,145
20403,2;1114,5;1257,6;22,48;59,04;17,66;6,58;Bok Choy;AEROPONIC;5,317
17605,3;665,6;1073,4;22,39;84,3;17,98;5,84;Bok Choy;AQUAPONIC;4,402
15746,8;887,6;1527,6;24,06;75,16;20,49;5,91;Kale;AQUAPONIC;5,239
15403,8;809,9;1157,7;24,67;59,69;19,64;6,01;Bok Choy;SOIL_BASED;3,351
18440,9;987,3;1006,9;22,58;72,26;18,33;6,17;Chinese Cabbage;AEROPONIC;4,524
11123,8;673,6;1554,2;20,48;58,15;16,98;6,78;Chinese Cabbage;HYDROPONIC;4,353
15547,1;786,6;761,8;23,22;52,55;19,69;6,47;Bok Choy;AEROPONIC;5,308
16143,3;741,4;1460,0;21,68;62,06;17,77;5,79;Kale;HYDROPONIC;5,956
13576,6;790,9;1367,6;24,31;66,72;18,83;6,81;Bok Choy;HYDROPONIC;5,065
14038,6;616,9;1935,8;27,65;71,25;25,53;5,75;Bok Choy;HYDROPONIC;4,85
8863,7;686,0;1449,2;19,72;75,39;14,99;6,17;Bok Choy;SOIL_BASED;3,66
12573,6;580,3;1410,2;26,72;64,96;22,06;6,54;Lettuce;AQUAPONIC;5,175
6223,8;612,7;1058,6;24,81;73,73;19,96;6,28;Chinese Cabbage;AQUAPONIC;3,705
16854,2;797,6;1223,0;26,59;54,42;22,44;6,05;Spinach;SOIL_BASED;3,419
14934,3;1057,2;1348,2;22,28;80,46;18,34;6,42;Spinach;AQUAPONIC;4,326
14030,4;932,0;1649,7;19,45;54,72;14,12;6,71;Lettuce;SOIL_BASED;4,278
15405,6;816,7;1080,0;24,0;63,8;20,87;6,23;Bok Choy;AEROPONIC;5,236
15554,6;699,8;802,0;27,42;62,01;24,1;6,15;Lettuce;SOIL_BASED;3,91
13294,3;563,7;1298,8;20,53;55,78;17,94;6,49;Lettuce;AQUAPONIC;4,775
9616,5;576,0;865,7;20,95;70,81;17,1;5,76;Kale;AQUAPONIC;5,575
16243,2;775,8;1490,5;25,14;82,51;18,96;5,8;Chinese Cabbage;AEROPONIC;4,647
11033,5;1063,7;1674,3;22,07;52,58;18,67;6,27;Spinach;SOIL_BASED;3,44
15726,0;877,5;1548,0;28,17;48,52;23,61;6,42;Bok Choy;AEROPONIC;5,227
19085,8;811,9;1149,1;25,33;60,56;21,52;5,42;Spinach;HYDROPONIC;4,468
20703,8;1108,4;1701,3;21,49;66,0;17,47;6,33;Spinach;SOIL_BASED;3,277
15830,6;796,3;1080,3;21,92;74,52;18,46;6,23;Chinese Cabbage;AEROPONIC;4,528
13417,2;858,0;1024,5;22,03;63,92;18,24;6,3;Spinach;AEROPONIC;4,971
12841,7;1094,1;1651,7;23,38;52,33;19,88;6,14;Spinach;AQUAPONIC;4,303
15686,2;921,1;1187,6;24,35;78,91;18,85;5,51;Lettuce;SOIL_BASED;4,19
7700,9;849,4;1321,4;24,15;60,23;20,17;6,13;Chinese Cabbage;HYDROPONIC;4,24
11684,1;432,5;1543,8;20,35;73,36;17,32;6,75;Kale;HYDROPONIC;6,125
11832,4;990,5;994,1;26,03;58,33;20,76;6,45;Bok Choy;SOIL_BASED;3,479
15937,2;589,9;1141,1;22,69;66,44;19,8;5,82;Spinach;SOIL_BASED;3,449
14305,1;529,8;1127,2;20,9;71,02;16,12;6,49;Bok Choy;AEROPONIC;4,876
15039,4;821,6;1219,4;22,2;60,72;18,05;6,56;Kale;AQUAPONIC;5,634
14067,9;864,7;1095,3;26,34;71,61;21,14;5,9;Bok Choy;AQUAPONIC;4,327
13731,1;627,7;1376,7;24,03;64,95;20,61;5,98;Kale;AQUAPONIC;5,524
15568,6;559,6;1373,4;24,28;64,12;19,18;5,42;Lettuce;SOIL_BASED;4,006
16941,7;458,7;1280,3;20,22;80,82;15,61;5,9;Spinach;AQUAPONIC;4,148
18237,5;704,0;1339,5;23,87;71,02;19,5;5,95;Kale;AEROPONIC;6,349
14405,9;734,5;1109,8;26,29;72,15;21,93;6,39;Bok Choy;SOIL_BASED;3,766
18182,6;575,8;1285,5;18,45;74,26;14,98;6,35;Spinach;SOIL_BASED;3,241
20066,0;1071,0;841,9;22,41;72,89;15,68;6,35;Lettuce;AQUAPONIC;5,434
12370,6;675,9;1537,4;25,24;71,03;20,99;5,99;Spinach;HYDROPONIC;4,488
17270,8;695,2;1134,2;23,94;78,54;19,89;6,2;Kale;HYDROPONIC;5,63
12507,5;922,1;1145,3;20,65;60,03;16,74;6,86;Lettuce;AEROPONIC;5,484
18798,7;645,2;1037,0;24,62;69,26;20,15;6,67;Bok Choy;AQUAPONIC;4,698
15158,7;1071,2;1316,4;20,23;65,37;15,72;6,77;Lettuce;AQUAPONIC;4,833
13125,0;922,6;1141,2;21,07;69,2;16,35;6,36;Lettuce;SOIL_BASED;4,379
11321,7;729,9;1443,7;21,36;62,06;17,35;6,79;Chinese Cabbage;SOIL_BASED;3,281
12495,9;989,5;1007,0;27,82;54,21;23,09;6,79;Lettuce;AQUAPONIC;5,477
13955,5;990,7;1315,9;18,82;74,8;13,84;6,66;Lettuce;SOIL_BASED;4,075
18434,5;716,8;1390,7;19,03;88,51;13,4;6,53;Spinach;AQUAPONIC;3,974
13460,1;638,4;1487,2;24,29;77,15;19,86;5,8;Bok Choy;AEROPONIC;5,172
12922,9;716,7;1453,4;23,79;75,37;18,82;6,62;Spinach;SOIL_BASED;3,596
20710,7;855,4;1044,2;22,18;70,17;18,77;5,6;Spinach;AQUAPONIC;4,405
13093,0;703,9;1297,7;23,54;66,68;19,55;6,26;Kale;SOIL_BASED;4,751
10451,2;734,8;1252,9;20,52;67,19;17,36;6,74;Spinach;AEROPONIC;4,723
9709,5;705,1;1007,6;23,76;67,08;20,51;6,26;Chinese Cabbage;SOIL_BASED;3,427
11921,1;683,9;1273,1;24,09;62,49;19,82;5,54;Chinese Cabbage;AQUAPONIC;3,876
14489,9;823,7;917,5;26,9;53,93;22,22;5,81;Kale;SOIL_BASED;4,52
14595,3;703,5;1341,2;28,84;69,69;24,22;6,22;Bok Choy;SOIL_BASED;3,804
12334,7;997,8;1593,5;22,75;65,63;19,11;5,6;Bok Choy;AQUAPONIC;4,412
9090,7;773,8;1539,7;19,93;77,68;15,1;6,44;Spinach;HYDROPONIC;4,722
11399,2;625,4;1381,8;24,58;74,29;21,27;6,01;Spinach;SOIL_BASED;3,459
9875,5;789,2;1347,2;23,13;50,73;19,42;6,44;Spinach;SOIL_BASED;3,328
3989,1;881,5;1250,2;23,0;82,57;18,86;6,49;Bok Choy;AEROPONIC;4,876
6392,1;762,8;1841,7;18,99;63,61;15,44;5,97;Lettuce;HYDROPONIC;5,354
15537,1;667,1;1224,4;23,78;64,93;20,16;7,17;Chinese Cabbage;AEROPONIC;4,557
13430,6;631,8;937,7;24,68;53,74;20,24;5,95;Lettuce;AQUAPONIC;5,073
16557,4;823,7;1478,4;26,28;70,27;22,41;6,16;Lettuce;AQUAPONIC;5,22
12153,2;837,1;1399,9;22,08;71,49;17,99;6,37;Bok Choy;AEROPONIC;5,094
12376,3;931,8;992,9;21,19;82,57;15,7;6,7;Lettuce;SOIL_BASED;4,194
11492,8;631,0;1176,8;22,06;75,23;17,24;6,29;Kale;HYDROPONIC;5,865
11381,0;792,7;1324,0;26,11;63,72;21,91;6,04;Spinach;AEROPONIC;4,57
11845,8;657,2;1133,2;27,38;52,93;23,65;6,65;Kale;AEROPONIC;5,55
20558,9;803,1;1518,6;26,64;63,1;21,59;6,17;Chinese Cabbage;AQUAPONIC;3,689
14112,6;573,3;1077,7;25,31;76,87;21,93;6,03;Spinach;SOIL_BASED;3,325
11725,6;958,9;1214,6;23,41;64,62;19,5;6,27;Lettuce;HYDROPONIC;5,617
17861,8;481,4;1170,5;23,85;58,7;19,64;6,05;Chinese Cabbage;AEROPONIC;4,848
14410,3;634,5;1397,2;24,25;69,44;20,13;6,38;Spinach;HYDROPONIC;4,602
18283,2;804,3;1444,5;22,79;65,16;19,98;6,26;Lettuce;HYDROPONIC;5,789
16240,8;645,4;1396,8;25,99;64,12;21,64;6,16;Kale;AEROPONIC;6,005
14980,3;649,8;799,8;18,87;61,64;13,89;6,26;Spinach;HYDROPONIC;4,693
15548,1;876,1;1322,4;19,39;68,93;14,92;5,85;Lettuce;AQUAPONIC;5,045
15825,0;366,0;1404,1;18,87;76,72;13,9;6,33;Kale;SOIL_BASED;4,601
10042,1;507,9;1434,0;21,25;72,37;17,12;5,57;Chinese Cabbage;SOIL_BASED;3,506
14914,2;612,0;1233,9;27,27;51,62;22,4;5,47;Chinese Cabbage;SOIL_BASED;3,343
15484,0;610,4;1286,1;20,17;81,18;17,04;6,19;Chinese Cabbage;AQUAPONIC;3,918
15932,0;894,7;1132,2;20,27;74,39;14,79;5,63;Chinese Cabbage;AQUAPONIC;4,067
12791,1;844,3;1612,3;21,19;70,58;15,82;5,78;Bok Choy;AQUAPONIC;4,568
18722,9;798,0;931,2;26,6;71,61;21,81;6,42;Spinach;SOIL_BASED;3,498
15290,7;959,0;1397,4;27,52;72,97;22,89;6,4;Spinach;HYDROPONIC;4,84
13054,0;350,0;1021,3;26,34;71,31;23,78;6,31;Bok Choy;AQUAPONIC;4,536
15912,1;788,3;1155,3;26,52;59,83;23,15;6,32;Lettuce;AEROPONIC;5,817
18143,5;1036,6;1269,8;28,13;72,31;23,64;6,33;Lettuce;AQUAPONIC;5,471
11953,9;826,6;763,7;18,47;69,39;14,88;6,54;Chinese Cabbage;AEROPONIC;4,663
11494,9;630,0;917,8;20,07;71,55;15,23;6,13;Kale;SOIL_BASED;4,133
17360,0;872,6;863,7;21,54;62,6;17,48;5,79;Lettuce;AEROPONIC;5,765
17873,6;781,8;1390,8;23,79;77,28;20,07;5,92;Kale;AQUAPONIC;5,323
14120,3;791,6;1546,1;23,78;63,23;19,49;6,12;Spinach;AQUAPONIC;4,486
13845,6;650,2;865,1;23,83;67,59;21,03;6,24;Kale;HYDROPONIC;5,674
17611,8;997,1;1233,7;25,84;63,68;22,94;6,16;Spinach;SOIL_BASED;3,67
11710,1;991,8;1351,4;18,13;59,52;14,25;5,38;Bok Choy;AEROPONIC;4,874
6148,6;755,0;1350,3;23,11;74,08;19,22;5,47;Bok Choy;SOIL_BASED;3,447
14892,4;716,1;1802,2;24,24;63,74;20,27;6,48;Chinese Cabbage;AQUAPONIC;3,654
14895,2;906,0;1319,9;22,59;69,24;18,6;5,8;Lettuce;HYDROPONIC;5,26
17763,8;613,7;1038,7;24,03;56,19;22,12;5,69;Chinese Cabbage;AQUAPONIC;3,883
17308,9;658,6;1474,7;26,36;52,55;21,96;6,43;Spinach;AQUAPONIC;4,151
20326,6;878,3;1693,7;23,67;82,71;18,46;6,35;Chinese Cabbage;AQUAPONIC;3,689
15431,7;771,3;941,6;29,49;81,48;25,97;5,53;Kale;AEROPONIC;5,755
22240,6;969,2;1418,9;26,16;62,86;21,81;6,52;Spinach;AQUAPONIC;4,517
18599,1;650,7;1287,4;24,25;71,87;19,13;5,86;Bok Choy;SOIL_BASED;3,76
14889,3;627,0;1032,2;24,91;64,21;21,17;5,54;Lettuce;SOIL_BASED;4,175
18241,3;875,2;1114,0;25,58;73,67;22,83;6,88;Spinach;HYDROPONIC;4,586
11376,6;564,5;1693,8;28,22;58,8;23,04;5,6;Spinach;SOIL_BASED;3,136
13526,7;883,9;1480,9;26,79;57,99;23,37;5,71;Kale;AQUAPONIC;5,05
13975,3;786,4;1390,5;24,94;68,18;20,88;6,67;Lettuce;AQUAPONIC;5,341
13838,0;646,3;892,1;21,46;71,25;18,1;6,04;Bok Choy;SOIL_BASED;3,875
17487,8;612,6;1455,3;24,66;62,07;21,25;5,72;Spinach;HYDROPONIC;4,828
18361,4;696,1;1570,2;25,12;56,91;21,59;5,89;Spinach;HYDROPONIC;4,584
17242,9;566,7;924,9;25,68;78,7;21,08;6,04;Kale;SOIL_BASED;4,211
12308,2;1080,9;1285,7;21,45;64,05;16,6;5,95;Chinese Cabbage;AEROPONIC;4,661
16878,6;772,3;1542,1;25,57;64,14;20,57;5,59;Bok Choy;AEROPONIC;5,38
18748,0;815,7;1507,1;25,74;78,48;21,2;6,79;Lettuce;AEROPONIC;5,92
17041,1;584,9;1446,4;20,11;87,05;16,66;6,92;Spinach;AEROPONIC;4,705
9562,8;647,8;1291,5;20,14;70,78;16,51;5,85;Spinach;SOIL_BASED;3,668
11111,9;896,8;1562,3;26,63;75,48;22,68;5,83;Bok Choy;HYDROPONIC;5,09
16454,9;613,3;1321,9;21,11;58,33;15,91;5,73;Chinese Cabbage;AQUAPONIC;4,113
18572,0;695,9;1423,7;27,81;74,21;23,19;6,59;Spinach;AQUAPONIC;4,027
11076,0;822,5;1369,3;22,72;75,26;18,47;6,02;Bok Choy;SOIL_BASED;3,41
14482,4;715,5;1003,6;24,58;59,86;19,95;5,59;Kale;AQUAPONIC;5,359
14654,8;683,4;1040,4;24,44;63,46;21,31;5,56;Chinese Cabbage;AEROPONIC;4,806
10974,8;590,3;902,5;21,5;78,4;15,38;6,09;Lettuce;HYDROPONIC;5,579
15490,4;900,7;1180,6;27,39;65,65;23,84;6,73;Spinach;SOIL_BASED;3,139
15878,6;972,9;1491,1;22,72;80,1;18,87;6,02;Bok Choy;HYDROPONIC;4,908
15096,0;1073,6;1368,1;23,66;68,16;20,29;5,93;Kale;SOIL_BASED;4,347
17990,9;739,8;1271,6;17,95;67,75;14,75;5,7;Lettuce;SOIL_BASED;4,333
14360,6;832,4;1633,3;19,76;76,3;16,04;6,04;Bok Choy;SOIL_BASED;3,594
16977,2;933,1;1201,1;26,66;85,45;22,15;6,01;Bok Choy;SOIL_BASED;3,539
16002,7;795,9;1425,3;23,48;73,61;19,19;6,25;Lettuce;HYDROPONIC;6,131
16815,6;927,0;1191,4;21,86;69,49;18,59;6,08;Kale;AQUAPONIC;5,447
12863,7;850,5;890,7;21,91;78,77;18,94;6,26;Kale;SOIL_BASED;4,579
16378,5;878,8;1084,3;25,04;79,35;22,12;6,17;Chinese Cabbage;AEROPONIC;4,264
18573,9;654,8;1077,4;27,03;72,54;22,03;5,41;Spinach;SOIL_BASED;3,441
17782,7;514,9;910,4;21,93;71,22;16,69;6,14;Lettuce;HYDROPONIC;5,459
18805,4;882,6;1240,4;26,57;73,96;22,29;6,22;Lettuce;SOIL_BASED;4,237
15175,8;772,3;1087,1;23,05;55,84;18,69;6,52;Lettuce;AEROPONIC;5,656
20108,9;775,3;1669,3;24,9;59,1;21,64;6,13;Kale;HYDROPONIC;6,136
13505,8;516,6;1219,1;18,53;70,05;14,02;5,76;Spinach;SOIL_BASED;3,703
13624,8;974,8;1062,4;19,01;61,45;15,15;5,31;Chinese Cabbage;AEROPONIC;4,348
20642,1;720,7;997,1;25,8;68,31;24,37;6,39;Bok Choy;HYDROPONIC;5,0
16135,3;456,1;988,4;24,27;69,73;21,15;5,73;Bok Choy;SOIL_BASED;3,656
17696,5;1067,7;1508,2;24,63;59,65;19,31;6,06;Lettuce;AEROPONIC;5,428
8504,0;758,9;1530,9;20,48;73,07;15,49;6,23;Spinach;HYDROPONIC;4,577
15776,7;857,4;760,8;22,32;51,82;18,21;6,1;Kale;SOIL_BASED;4,136
15477,9;1203,6;1842,4;18,82;65,27;14,39;6,2;Spinach;HYDROPONIC;4,508
16529,9;701,9;1300,0;21,13;54,97;17,31;6,15;Spinach;AEROPONIC;4,494
16448,4;785,8;1545,8;23,44;65,26;19,56;5,81;Kale;SOIL_BASED;4,464
13324,2;683,0;1071,4;24,42;76,13;20,38;5,54;Lettuce;SOIL_BASED;3,936
23077,2;956,1;1024,1;21,5;61,69;18,22;6,59;Spinach;SOIL_BASED;3,187
11751,8;587,5;1215,4;25,05;50,8;20,39;6,4;Bok Choy;AEROPONIC;4,791
13677,3;976,5;1377,6;23,39;66,01;18,37;5,71;Kale;AQUAPONIC;5,495
17788,3;913,6;1336,9;22,87;60,94;18,22;5,6;Chinese Cabbage;SOIL_BASED;2,922
10983,2;653,2;1584,0;23,73;68,01;18,82;6,25;Lettuce;AEROPONIC;5,878
14335,1;747,6;820,2;29,38;66,0;25,19;5,79;Kale;HYDROPONIC;5,975
17250,5;1035,4;1515,8;23,05;69,49;19,93;5,75;Chinese Cabbage;HYDROPONIC;4,163
12912,3;482,2;1413,6;26,17;77,97;21,87;5,95;Chinese Cabbage;AEROPONIC;4,555
12166,0;786,2;1361,2;25,03;64,8;20,03;6,15;Spinach;AQUAPONIC;4,529
16065,7;718,1;929,8;22,81;68,74;17,66;6,28;Spinach;AEROPONIC;4,669
15122,0;703,8;1072,4;19,16;65,25;14,27;6,72;Spinach;HYDROPONIC;4,781
12379,6;423,6;1445,9;21,74;76,59;17,29;6,55;Kale;HYDROPONIC;6,18
15059,3;768,8;641,4;23,71;69,33;18,02;5,69;Kale;SOIL_BASED;4,417
14491,2;500,2;786,9;23,21;72,42;18,8;5,82;Lettuce;AQUAPONIC;5,118
18008,5;816,9;1399,5;27,13;74,46;23,98;6,36;Spinach;AEROPONIC;5,238
11181,7;828,9;1426,2;21,45;51,47;17,67;6,12;Chinese Cabbage;HYDROPONIC;4,215
11633,5;1001,0;1086,3;23,09;74,69;18,79;6,47;Bok Choy;HYDROPONIC;4,81
13694,3;982,6;1085,5;25,0;71,23;22,43;5,72;Lettuce;HYDROPONIC;5,312
13606,6;772,8;1527,4;22,72;62,27;18,78;6,12;Kale;AEROPONIC;6,327
17869,6;919,9;1510,6;26,23;78,95;21,14;6,27;Lettuce;AEROPONIC;5,651
15077,1;943,6;1191,7;20,45;76,39;15,19;6,72;Lettuce;AQUAPONIC;5,018
16836,1;797,9;960,7;19,24;66,39;14,85;6,0;Lettuce;SOIL_BASED;3,919
19554,8;721,0;1663,5;22,7;50,41;18,66;6,48;Lettuce;SOIL_BASED;4,001
11701,2;1004,6;945,4;23,3;67,51;18,63;5,93;Bok Choy;SOIL_BASED;3,547
19590,5;805,6;1455,7;24,11;59,51;19,66;6,16;Spinach;HYDROPONIC;4,435
14618,6;500,2;1592,1;23,89;49,34;20,68;5,82;Chinese Cabbage;SOIL_BASED;3,281
6461,7;832,0;1278,2;22,36;72,94;18,37;6,1;Lettuce;HYDROPONIC;5,467
15344,6;670,7;1126,9;19,28;80,98;14,74;5,85;Lettuce;AQUAPONIC;5,061
9672,7;1123,0;860,3;23,17;67,2;21,99;6,21;Lettuce;HYDROPONIC;5,592
9895,5;651,6;1296,2;20,59;70,2;16,51;5,73;Spinach;AQUAPONIC;4,35
11033,9;720,3;899,7;23,7;79,41;19,56;5,72;Kale;AQUAPONIC;5,635
14259,1;923,8;1359,8;20,4;69,51;15,58;5,55;Kale;SOIL_BASED;4,497
10138,2;1208,9;753,3;24,56;62,82;21,26;6,65;Bok Choy;SOIL_BASED;3,43
18946,5;758,2;844,0;28,17;49,06;23,88;6,79;Kale;HYDROPONIC;5,626
18426,9;638,8;1314,2;21,47;74,93;18,9;6,59;Lettuce;AEROPONIC;5,799
23613,5;642,1;1498,3;19,96;71,55;16,19;6,57;Lettuce;SOIL_BASED;4,171
14230,2;536,0;1206,1;26,7;75,88;22,47;5,6;Lettuce;SOIL_BASED;4,033
12827,7;806,4;1553,2;28,45;47,19;25,47;5,77;Bok Choy;AEROPONIC;4,818
15268,3;832,4;1134,1;20,01;85,65;16,32;6,45;Lettuce;AEROPONIC;5,671
17539,8;578,6;1846,2;23,24;61,28;18,62;5,87;Kale;SOIL_BASED;4,102
19035,8;735,5;934,0;24,86;77,29;20,07;6,08;Spinach;AEROPONIC;4,845
12391,9;729,8;1094,6;22,77;51,85;18,03;5,61;Spinach;HYDROPONIC;4,617
18034,3;678,1;1631,3;18,6;61,41;15,61;6,21;Chinese Cabbage;AQUAPONIC;4,073
18014,1;870,2;1212,8;19,66;63,37;16,39;6,98;Kale;AQUAPONIC;5,464
24865,1;697,4;1526,9;19,95;59,31;15,84;6,56;Lettuce;SOIL_BASED;4,15
19459,1;994,4;936,3;20,59;61,01;16,76;6,17;Spinach;SOIL_BASED;3,473
21074,1;533,5;1032,3;23,74;81,77;19,71;5,65;Kale;HYDROPONIC;6,18
21473,5;759,0;1435,5;26,57;65,11;22,98;5,6;Spinach;AEROPONIC;4,92
12197,9;495,0;906,2;19,7;86,1;14,08;6,29;Lettuce;SOIL_BASED;3,969
11840,5;862,9;964,5;21,3;76,97;18,01;5,84;Spinach;AQUAPONIC;4,362
18003,8;743,7;1251,1;20,39;50,96;15,57;6,14;Chinese Cabbage;HYDROPONIC;4,138
13258,3;747,2;1622,6;24,31;65,09;19,08;5,55;Chinese Cabbage;HYDROPONIC;4,506
17250,1;698,1;1375,5;21,2;64,72;17,72;5,95;Spinach;AEROPONIC;4,751
14257,4;937,5;1225,9;20,67;59,95;15,33;5,94;Kale;SOIL_BASED;4,611
15951,7;934,6;1322,8;19,03;78,37;13,4;5,98;Kale;SOIL_BASED;4,325
15678,2;835,7;827,6;27,31;75,33;23,4;6,73;Kale;HYDROPONIC;5,854
17046,7;718,3;1129,2;29,63;86,34;25,07;5,85;Spinach;AQUAPONIC;3,935
10375,5;808,1;1394,6;23,74;64,1;20,14;5,97;Kale;SOIL_BASED;4,399
10016,4;820,8;1341,6;27,66;71,73;22,34;6,11;Lettuce;AQUAPONIC;5,121
14178,0;746,5;1439,0;21,91;65,0;19,17;6,07;Chinese Cabbage;HYDROPONIC;4,287
14917,6;1130,3;1462,4;23,5;64,61;20,07;7,09;Lettuce;SOIL_BASED;3,889
20373,7;677,6;1338,9;25,32;74,9;20,44;6,15;Kale;AQUAPONIC;5,447
16013,0;778,3;626,4;21,4;86,71;16,65;6,22;Lettuce;HYDROPONIC;5,253
15353,5;715,3;1367,5;23,05;76,37;18,75;5,65;Kale;AQUAPONIC;5,377
13625,6;1041,2;1153,5;22,71;75,46;17,76;6,15;Spinach;SOIL_BASED;3,556
16323,4;683,0;1179,5;24,73;67,5;22,07;6,15;Lettuce;AEROPONIC;6,05
13697,7;916,1;1183,3;23,67;75,21;18,78;6,4;Spinach;AQUAPONIC;4,391
10360,0;654,1;1355,9;21,46;78,01;17,04;6,16;Spinach;AEROPONIC;4,82
18246,7;797,0;897,8;22,66;60,7;17,85;5,81;Bok Choy;SOIL_BASED;4,066
12767,4;1079,8;833,9;26,62;68,35;22,73;6,44;Kale;AEROPONIC;6,238
13013,6;565,9;958,1;25,04;65,24;19,88;6,02;Chinese Cabbage;HYDROPONIC;4,776
9529,4;645,5;1519,1;24,79;62,62;19,83;6,39;Kale;AEROPONIC;6,233
15836,1;1131,7;1166,3;29,82;76,36;25,77;5,92;Chinese Cabbage;AQUAPONIC;3,674
20486,3;940,7;1411,4;20,33;66,0;16,59;5,6;Kale;AQUAPONIC;5,842
8518,9;503,5;1404,8;25,49;72,03;21,16;6,52;Spinach;AEROPONIC;5,201
8876,1;700,1;1383,2;23,65;72,1;20,25;6,34;Lettuce;HYDROPONIC;6,021
15916,9;727,6;1416,9;24,46;65,71;20,51;6,7;Lettuce;SOIL_BASED;4,33
15431,3;884,8;1144,2;24,01;55,63;18,88;6,29;Bok Choy;AEROPONIC;5,017
12842,7;875,5;1453,9;21,54;65,02;17,92;5,41;Chinese Cabbage;AQUAPONIC;3,726
12564,9;820,6;1379,3;20,6;72,49;17,22;6,04;Chinese Cabbage;AQUAPONIC;3,928
15521,6;592,2;867,6;23,5;70,57;18,11;6,43;Chinese Cabbage;AEROPONIC;4,493
7855,1;985,6;1295,4;21,31;51,42;16,79;6,31;Spinach;AEROPONIC;4,617
9932,1;893,8;1241,2;22,47;74,9;17,98;5,83;Chinese Cabbage;AEROPONIC;4,287
10967,3;714,7;1400,3;25,73;63,3;21,41;5,42;Lettuce;SOIL_BASED;3,97
13133,2;1152,9;1286,7;20,06;72,87;16,52;5,76;Spinach;AQUAPONIC;4,378
13227,4;739,9;1217,7;22,96;74,93;17,51;5,94;Kale;AQUAPONIC;5,453
5401,5;901,1;1684,6;26,45;72,0;22,5;6,12;Chinese Cabbage;AQUAPONIC;3,96
9949,0;1124,9;1438,0;22,08;84,0;19,54;6,7;Chinese Cabbage;SOIL_BASED;3,398
16517,1;781,0;1290,6;27,61;76,49;23,78;5,93;Kale;HYDROPONIC;5,921
16276,1;695,8;989,2;19,16;64,15;13,79;5,72;Chinese Cabbage;AQUAPONIC;4,148
17527,0;890,8;1311,4;28,59;65,01;24,49;5,83;Kale;AQUAPONIC;5,188
16333,5;797,1;1058,2;23,55;67,36;18,29;6,63;Spinach;HYDROPONIC;4,6
14132,0;972,6;850,2;19,78;65,01;15,45;6,6;Lettuce;SOIL_BASED;3,987
11092,5;898,0;1174,3;25,83;71,14;22,08;6,68;Kale;HYDROPONIC;5,698
11047,4;926,5;1190,4;24,71;58,36;21,06;5,97;Bok Choy;HYDROPONIC;4,751
11529,5;656,2;1547,7;27,37;79,75;22,33;5,66;Kale;HYDROPONIC;5,939
17380,6;919,1;1533,1;19,2;68,35;14,5;5,88;Chinese Cabbage;HYDROPONIC;4,499
16349,8;608,0;1454,0;20,43;79,5;17,21;6,74;Spinach;SOIL_BASED;3,253
11119,3;874,4;1257,2;25,66;57,94;20,88;5,43;Spinach;SOIL_BASED;3,407
15824,9;875,7;1260,7;30,64;57,97;26,65;6,57;Kale;HYDROPONIC;5,682
16696,2;449,8;1424,4;25,11;77,17;21,09;5,38;Lettuce;AEROPONIC;5,899
16293,2;949,5;1447,2;25,54;62,5;20,1;5,58;Bok Choy;AEROPONIC;5,1
17631,8;764,8;1372,7;21,37;59,53;15,56;6,02;Spinach;AEROPONIC;4,865
14675,2;695,9;1412,2;22,99;77,89;19,39;6,09;Chinese Cabbage;AEROPONIC;4,609
13577,1;767,6;1262,4;21,76;61,1;19,29;5,71;Chinese Cabbage;AQUAPONIC;3,646
14757,5;577,1;1206,6;24,91;67,84;20,57;6,12;Lettuce;SOIL_BASED;4,347
18053,2;1021,0;702,7;26,1;63,4;21,06;5,28;Spinach;SOIL_BASED;3,356
17155,6;893,8;1191,6;24,02;74,44;20,01;6,08;Kale;HYDROPONIC;5,814
14830,7;1084,0;1092,1;25,73;69,93;22,02;5,78;Chinese Cabbage;AQUAPONIC;3,919
18517,6;754,6;1305,3;23,42;75,75;20,03;5,81;Lettuce;HYDROPONIC;5,816
21000,4;730,9;1104,1;27,21;57,81;22,96;5,91;Spinach;HYDROPONIC;4,155
23457,0;921,2;1315,7;21,09;70,05;18,02;6,14;Spinach;SOIL_BASED;3,505
23407,8;937,3;795,2;27,46;68,78;23,53;6,6;Spinach;AQUAPONIC;4,294
25000,0;966,8;1029,4;21,49;61,63;17,57;6,01;Spinach;AEROPONIC;5,206
19221,9;941,5;1094,1;23,55;59,2;18,93;6,39;Spinach;SOIL_BASED;3,164
5147,4;1044,1;1007,0;20,16;67,26;15,28;5,51;Chinese Cabbage;AQUAPONIC;3,977
15242,6;897,5;2090,7;24,92;65,53;21,07;6,01;Lettuce;AQUAPONIC;4,938
9362,7;863,4;752,4;23,87;78,03;20,63;6,57;Spinach;SOIL_BASED;3,843
20367,1;1014,9;1455,6;25,57;75,02;22,4;6,09;Bok Choy;SOIL_BASED;3,804
13405,0;616,3;1539,0;18,65;62,17;13,71;5,78;Bok Choy;HYDROPONIC;5,139
16065,2;899,1;1165,2;23,87;65,82;18,49;6,1;Lettuce;HYDROPONIC;5,772
13989,5;663,0;1366,3;24,63;72,65;21,41;5,8;Kale;HYDROPONIC;5,727
20794,6;826,4;1438,7;20,73;73,58;15,03;6,61;Kale;AEROPONIC;6,335
10351,3;847,6;1315,3;24,99;78,1;19,29;6,1;Kale;SOIL_BASED;4,594
16974,1;618,5;821,0;17,07;67,46;13,54;5,75;Bok Choy;AQUAPONIC;4,771
10850,1;776,1;1385,8;23,14;69,35;19,07;6,14;Kale;SOIL_BASED;4,413
7023,2;809,1;1532,5;27,45;52,87;22,67;6,75;Chinese Cabbage;AQUAPONIC;3,436
15156,5;814,5;1816,5;23,12;58,56;18,95;5,98;Spinach;AEROPONIC;4,745
10214,9;897,1;921,6;21,49;75,74;17,59;6,09;Bok Choy;SOIL_BASED;3,584
9267,2;845,9;1235,2;23,32;58,72;18,24;5,73;Lettuce;AQUAPONIC;5,13
9005,4;817,0;1272,6;23,78;53,76;18,99;6,39;Lettuce;AQUAPONIC;5,572
13138,1;782,5;1254,1;26,01;74,53;22,52;6,1;Spinach;HYDROPONIC;4,706
17766,2;734,8;844,9;23,86;64,65;19,22;5,83;Bok Choy;AEROPONIC;5,045
9385,2;825,3;1566,5;25,63;61,24;21,18;6,4;Kale;SOIL_BASED;4,241
18284,9;610,0;1539,2;23,76;55,43;19,68;5,98;Kale;HYDROPONIC;5,933
12616,8;729,6;1377,9;21,4;55,49;17,56;6,6;Chinese Cabbage;AEROPONIC;4,347
10774,9;780,8;1169,4;19,57;64,2;16,15;5,22;Chinese Cabbage;HYDROPONIC;4,063
18749,4;556,3;1224,0;24,54;66,8;20,55;6,09;Kale;SOIL_BASED;4,403
17874,1;884,6;1205,5;16,58;78,57;12,77;5,96;Lettuce;AQUAPONIC;5,099
17346,8;744,6;918,4;18,56;66,87;13,93;5,87;Lettuce;SOIL_BASED;3,792
15311,0;764,3;1462,2;19,59;65,27;14,34;6,67;Chinese Cabbage;AEROPONIC;4,48
10746,4;805,2;1286,2;25,5;65,54;21,61;6,19;Spinach;SOIL_BASED;3,721
18847,2;615,2;1458,5;19,33;48,85;14,91;6,1;Kale;AEROPONIC;5,666
14600,6;794,0;1347,3;24,82;63,83;21,33;6,71;Chinese Cabbage;HYDROPONIC;4,268
14973,7;707,1;1018,6;20,61;73,39;16,47;6,14;Chinese Cabbage;AEROPONIC;4,647
15874,9;904,2;1039,4;23,09;68,74;18,34;5,96;Kale;AQUAPONIC;5,45
17969,5;885,1;1621,6;23,32;74,59;19,24;6,26;Kale;AQUAPONIC;5,481
8801,8;658,0;1425,5;23,05;77,2;19,11;4,87;Lettuce;AQUAPONIC;5,247
14351,7;767,4;1181,2;21,69;54,02;17,79;6,31;Spinach;HYDROPONIC;4,352
12911,6;606,8;1425,7;19,11;62,47;14,64;5,93;Spinach;AEROPONIC;4,632
19694,5;666,9;1053,4;23,58;76,53;19,44;5,54;Kale;HYDROPONIC;6,061
20571,5;804,5;1562,3;25,06;68,89;21,54;6,11;Bok Choy;SOIL_BASED;3,749
15525,4;898,0;927,0;25,4;66,73;20,34;6,2;Chinese Cabbage;SOIL_BASED;3,043
9903,2;742,9;1331,2;23,73;76,79;20,02;6,76;Chinese Cabbage;SOIL_BASED;3,504
12433,1;726,0;1244,5;24,22;61,27;19,02;5,74;Kale;SOIL_BASED;4,397
5659,7;887,6;1283,4;21,34;61,78;18,1;6,16;Bok Choy;AQUAPONIC;4,409
18054,4;843,2;1449,3;24,76;61,22;18,91;6,25;Lettuce;AEROPONIC;5,932
12500,4;571,9;1540,3;24,66;56,7;19,43;6,18;Kale;AQUAPONIC;5,425
18740,1;751,1;1172,8;22,67;66,12;19,36;6,16;Kale;AEROPONIC;6,064
12541,2;736,3;762,2;23,63;69,53;19,41;6,18;Chinese Cabbage;AEROPONIC;4,158
13809,1;713,6;833,6;23,42;59,13;19,17;5,61;Kale;HYDROPONIC;5,834
13178,9;704,3;1180,7;24,78;67,09;21,15;6,42;Kale;SOIL_BASED;4,209
8913,2;861,2;1288,9;19,18;62,92;13,93;6,48;Kale;AEROPONIC;6,191
8801,4;598,4;1377,6;19,12;67,35;14,23;5,92;Chinese Cabbage;SOIL_BASED;3,264
21409,7;944,4;1329,7;19,27;80,28;14,3;6,01;Lettuce;SOIL_BASED;3,669
11838,1;774,6;1511,5;22,25;68,73;17,35;5,85;Lettuce;SOIL_BASED;4,081
17117,7;778,8;1748,4;24,77;68,9;21,06;5,39;Kale;AQUAPONIC;5,837
23710,1;1031,5;1305,0;17,21;85,32;12,72;6,27;Chinese Cabbage;SOIL_BASED;3,015
13049,5;909,0;1373,8;23,76;63,69;19,13;6,02;Lettuce;AEROPONIC;5,754
16112,1;705,2;1081,0;26,84;73,21;23,49;6,32;Lettuce;AQUAPONIC;5,135
15511,1;814,1;1294,3;24,26;63,48;20,42;6,19;Lettuce;SOIL_BASED;4,261
15669,6;700,9;1333,8;17,85;74,68;13,32;5,7;Chinese Cabbage;HYDROPONIC;4,311
16212,0;792,3;1320,0;24,96;60,31;21,8;5,94;Chinese Cabbage;SOIL_BASED;2,888
10300,7;634,8;1084,8;24,18;65,15;19,81;6,18;Kale;SOIL_BASED;4,305
9439,0;747,6;1322,9;22,54;63,23;18,41;5,54;Spinach;AQUAPONIC;4,231
14379,6;829,7;1303,8;24,01;59,13;20,98;6,63;Lettuce;AEROPONIC;5,86
19400,3;746,9;1362,4;19,59;49,93;14,77;6,22;Spinach;SOIL_BASED;3,291
17718,9;693,0;1175,9;23,64;71,46;17,99;5,76;Chinese Cabbage;AQUAPONIC;4,154
9544,1;1037,3;1282,8;24,84;62,59;20,85;5,81;Chinese Cabbage;AQUAPONIC;3,769
16513,9;755,1;1846,0;21,56;65,69;17,77;5,9;Chinese Cabbage;AEROPONIC;4,687
15383,9;657,5;1294,2;22,18;66,9;17,85;6,02;Spinach;AQUAPONIC;4,697
14984,0;753,0;1558,5;21,91;55,54;17,25;5,79;Chinese Cabbage;AEROPONIC;4,138
14928,0;782,1;1650,6;22,17;64,66;18,88;6,2;Kale;HYDROPONIC;6,098
15578,2;868,0;902,3;21,18;52,81;16,48;6,13;Chinese Cabbage;SOIL_BASED;2,93
14394,6;807,4;1228,2;21,34;64,09;17,09;6,52;Bok Choy;AQUAPONIC;4,572
12408,6;773,0;1240,0;24,95;80,73;22,08;5,5;Spinach;HYDROPONIC;4,628
13717,9;814,6;1803,7;18,62;63,43;14,84;6,43;Bok Choy;AQUAPONIC;4,655
8029,3;1099,0;1769,6;24,01;58,25;19,82;6,48;Chinese Cabbage;AQUAPONIC;3,859
16329,1;664,2;902,0;24,94;63,83;21,07;6,92;Kale;HYDROPONIC;5,717
16243,9;658,6;1018,5;19,71;81,33;15,31;6,72;Lettuce;AQUAPONIC;5,032
20301,2;969,9;1598,6;23,29;64,18;19,08;5,87;Chinese Cabbage;AQUAPONIC;3,582
16642,9;675,7;1144,2;20,93;54,83;17,27;6,07;Kale;HYDROPONIC;5,586
13830,3;708,4;1448,6;26,68;52,48;21,28;7,52;Spinach;AQUAPONIC;4,325
16203,5;853,5;1223,1;22,92;64,56;20,0;5,57;Bok Choy;AEROPONIC;5,194
13385,4;701,7;1001,5;27,62;74,91;23,99;6,61;Bok Choy;AQUAPONIC;4,34
12151,1;926,9;1619,2;27,2;71,75;22,24;6,28;Bok Choy;SOIL_BASED;3,617
6133,5;698,3;1091,0;24,36;77,33;19,67;6,2;Spinach;AQUAPONIC;4,068
15858,5;699,7;1246,3;29,5;73,34;25,33;6,27;Kale;SOIL_BASED;3,834
16245,6;1005,8;985,0;19,09;68,1;13,67;5,81;Spinach;SOIL_BASED;3,416
19032,5;749,1;991,2;27,55;45,55;23,99;6,23;Bok Choy;AQUAPONIC;4,484
19557,0;603,9;1295,4;22,75;79,77;17,94;5,73;Chinese Cabbage;HYDROPONIC;4,144
15715,0;1132,3;1032,6;23,15;55,62;20,09;6,27;Lettuce;AEROPONIC;5,71
10139,4;786,4;1672,0;22,21;87,64;18,14;5,84;Spinach;AEROPONIC;4,897
10294,0;731,8;1459,1;19,44;61,48;14,95;6,29;Spinach;AQUAPONIC;4,412
15275,8;683,4;1486,3;25,09;61,83;20,46;5,91;Kale;HYDROPONIC;6,051
17640,8;822,0;1203,8;20,03;63,47;16,24;6,18;Kale;HYDROPONIC;5,748
17854,9;816,2;1211,0;21,85;68,12;18,6;5,72;Spinach;AEROPONIC;4,958
12980,4;1061,2;1395,4;21,97;56,35;16,33;5,54;Bok Choy;HYDROPONIC;4,774
7148,7;749,1;576,9;26,29;60,48;22,1;5,67;Lettuce;AQUAPONIC;4,749
10278,0;918,4;1161,6;23,29;75,94;19,9;5,68;Kale;AQUAPONIC;5,521
7733,8;1207,8;806,7;16,66;79,4;12,88;6,6;Bok Choy;HYDROPONIC;4,615
15673,7;849,1;1339,1;20,98;58,61;16,05;6,15;Chinese Cabbage;AQUAPONIC;4,002
13579,5;816,7;979,3;19,13;70,84;13,96;5,87;Kale;SOIL_BASED;4,256
13454,5;825,9;1248,6;24,91;63,55;21,19;5,73;Bok Choy;AEROPONIC;5,23
16171,5;828,0;1049,3;20,19;72,27;14,4;5,77;Bok Choy;AQUAPONIC;4,751
13240,7;737,3;1651,1;21,8;60,37;18,02;6,73;Lettuce;HYDROPONIC;5,503
21232,8;592,3;1867,9;28,4;74,21;24,68;6,67;Lettuce;AEROPONIC;5,476
13833,1;893,2;1518,4;25,28;66,87;21,68;6,05;Chinese Cabbage;AQUAPONIC;4,168
8446,2;739,8;1533,0;20,24;63,82;16,71;6,52;Bok Choy;AEROPONIC;5,276
5585,8;742,7;1268,9;25,81;67,68;21,38;6,78;Bok Choy;HYDROPONIC;5,064
16368,4;875,9;1116,7;21,49;80,28;17,72;5,59;Lettuce;SOIL_BASED;4,045
16719,7;736,2;778,9;25,8;67,2;22,36;6,23;Kale;SOIL_BASED;4,096
16654,1;974,1;1327,3;22,35;70,42;18,5;5,98;Kale;AQUAPONIC;5,607
9910,4;601,3;1201,7;20,81;68,76;15,87;5,82;Spinach;SOIL_BASED;3,457
11402,2;791,7;1338,3;20,55;68,8;17,94;6,31;Lettuce;AQUAPONIC;5,076
20363,6;635,7;1095,2;24,31;78,35;19,63;6,26;Spinach;AEROPONIC;4,906
13854,1;638,2;892,2;26,06;75,07;22,61;5,92;Lettuce;AQUAPONIC;4,999
12332,0;714,4;978,7;24,54;56,44;19,23;6,26;Chinese Cabbage;AQUAPONIC;4,068
19347,0;859,4;1678,2;22,29;72,66;16,66;6,03;Bok Choy;AQUAPONIC;4,59
10897,3;855,0;1783,2;18,47;81,7;14,49;6,38;Chinese Cabbage;SOIL_BASED;3,312
13044,8;931,3;871,4;21,71;66,02;16,14;6,25;Lettuce;AQUAPONIC;5,34
18831,6;589,4;1105,7;19,99;75,26;16,4;6,51;Bok Choy;HYDROPONIC;4,818
19138,9;707,0;825,9;27,33;44,5;24,17;6,86;Kale;AQUAPONIC;4,862
19232,5;763,0;1295,9;22,38;59,79;19,52;5,63;Kale;AEROPONIC;6,291
17087,3;1042,6;1302,7;24,34;88,36;21,37;6,57;Spinach;HYDROPONIC;4,625
21558,2;530,0;1249,9;22,54;74,49;18,32;5,89;Lettuce;AEROPONIC;6,027
17796,4;814,0;1149,0;24,7;69,86;21,43;5,82;Lettuce;AEROPONIC;5,699
15658,5;764,8;1343,7;25,51;83,65;19,3;6,67;Kale;AEROPONIC;5,947
14541,1;482,7;1449,3;30,02;58,56;26,23;5,95;Chinese Cabbage;HYDROPONIC;4,198
13438,4;914,3;1460,4;22,22;78,79;18,63;5,01;Bok Choy;HYDROPONIC;5,218
10159,7;657,7;1597,2;26,42;60,71;22,66;5,4;Chinese Cabbage;SOIL_BASED;2,951
6750,3;960,7;1189,2;24,28;68,8;19,72;6,26;Chinese Cabbage;HYDROPONIC;4,346
17837,0;659,3;1127,8;21,88;54,19;17,24;5,95;Kale;AQUAPONIC;5,586
14149,6;710,5;1527,7;22,08;64,74;17,08;6,0;Kale;AEROPONIC;6,293
11499,4;957,5;1133,9;24,82;79,25;20,39;6,06;Kale;SOIL_BASED;4,287
21609,9;682,9;1224,5;22,67;63,66;17,39;5,67;Spinach;HYDROPONIC;4,834
18687,2;862,8;1137,6;23,79;72,19;19,56;6,57;Chinese Cabbage;AEROPONIC;4,65
13950,4;515,1;1721,5;25,36;63,86;20,97;6,57;Lettuce;HYDROPONIC;5,556
16492,9;813,8;1432,1;30,49;71,66;25,96;6,94;Bok Choy;SOIL_BASED;3,419
14405,5;851,5;985,0;23,59;74,33;19,47;5,79;Spinach;HYDROPONIC;4,743
13225,9;935,4;1279,6;20,34;62,24;16,12;5,94;Lettuce;HYDROPONIC;5,424
18872,4;806,1;1385,4;24,61;60,64;21,05;5,84;Chinese Cabbage;AEROPONIC;4,462
15443,8;626,7;988,0;22,14;64,58;19,1;6,04;Kale;AQUAPONIC;5,542
10127,7;694,1;1372,1;28,8;64,4;23,62;6,49;Chinese Cabbage;HYDROPONIC;4,431
15770,7;536,6;1240,8;22,11;50,8;18,05;5,8;Bok Choy;SOIL_BASED;3,375
16720,7;693,3;961,5;23,55;70,85;20,01;5,97;Spinach;HYDROPONIC;4,806
20439,8;768,2;929,8;25,24;71,24;20,8;6,4;Spinach;HYDROPONIC;4,526
15516,6;825,4;1635,9;24,88;52,73;19,63;5,72;Bok Choy;AQUAPONIC;4,566
14704,1;601,5;1061,9;27,39;75,13;22,55;6,23;Lettuce;AEROPONIC;5,972
16299,3;906,0;1542,1;25,37;64,6;20,4;6,05;Lettuce;SOIL_BASED;3,888
10815,1;762,8;1450,7;30,06;70,79;26,65;6,79;Spinach;AEROPONIC;4,633
24031,9;907,8;1117,9;24,76;65,89;21,24;7,07;Spinach;AEROPONIC;4,768
21376,5;1031,2;1409,7;27,14;70,77;23,37;6,31;Kale;AEROPONIC;6,144
17889,0;689,2;1365,3;22,19;69,0;17,61;6,32;Lettuce;HYDROPONIC;5,538
15609,0;794,8;1515,7;29,03;75,46;24,38;6,2;Bok Choy;AQUAPONIC;4,609
9679,1;651,1;1325,4;22,53;68,02;18,26;6,14;Lettuce;HYDROPONIC;5,673
14599,7;701,6;1193,7;27,66;74,41;22,35;6,44;Kale;SOIL_BASED;4,381
16245,6;716,0;1624,2;26,0;80,11;21,71;6,17;Spinach;AQUAPONIC;4,213
10910,8;738,1;1470,1;23,69;67,3;18,75;6,7;Spinach;AEROPONIC;5,026
12590,8;766,7;1112,7;27,69;65,76;24,98;6,03;Kale;AQUAPONIC;5,617
12802,5;940,4;1234,1;23,47;72,78;18,82;6,32;Bok Choy;SOIL_BASED;3,601
12311,8;630,2;1617,9;27,33;50,48;21,41;5,94;Spinach;HYDROPONIC;4,645
20399,9;768,9;1669,7;24,56;60,57;20,13;6,6;Chinese Cabbage;HYDROPONIC;4,103
13922,1;877,6;1233,7;22,44;60,27;18,27;5,77;Spinach;AEROPONIC;5,341
19226,7;957,3;1406,8;24,4;72,69;20,0;6,22;Chinese Cabbage;HYDROPONIC;4,225
12796,6;590,4;1373,8;23,6;69,28;19,31;6,05;Kale;HYDROPONIC;6,222
13290,9;876,6;993,9;22,26;78,78;18,93;6,15;Kale;SOIL_BASED;4,231
14662,4;675,0;1412,5;24,15;78,27;19,69;5,58;Spinach;AQUAPONIC;4,366
15222,2;829,9;720,4;24,63;51,33;20,79;6,39;Lettuce;HYDROPONIC;5,509
10819,7;771,0;1516,5;16,63;53,66;12,55;5,21;Chinese Cabbage;SOIL_BASED;3,097
15743,6;808,0;1415,4;24,9;68,33;21,25;6,11;Bok Choy;SOIL_BASED;3,722
10609,6;853,5;493,3;25,58;54,85;20,81;5,5;Spinach;AEROPONIC;4,787
20977,8;656,0;1029,1;27,56;51,24;24,45;5,96;Bok Choy;SOIL_BASED;3,176
12635,2;828,7;822,1;20,04;61,73;16,13;5,91;Spinach;AEROPONIC;4,828
17527,5;881,4;1013,4;20,65;50,28;15,57;5,96;Lettuce;HYDROPONIC;5,674
12536,8;718,6;1314,8;24,09;59,26;19,05;6,87;Lettuce;AEROPONIC;5,954
18928,6;628,6;1733,0;21,5;74,05;17,46;6,39;Lettuce;SOIL_BASED;4,051
12841,2;506,7;1414,4;20,17;63,87;17,42;6,1;Lettuce;AQUAPONIC;5,16
14311,6;743,2;1181,2;22,34;80,73;16,95;6,2;Kale;AQUAPONIC;5,335
13653,1;951,0;1466,5;22,49;63,17;18,5;5,55;Kale;HYDROPONIC;5,601
13465,8;722,3;1441,2;20,66;72,7;16,85;5,15;Chinese Cabbage;HYDROPONIC;4,499
9361,8;805,2;1656,1;20,64;63,5;16,28;6,64;Bok Choy;AQUAPONIC;4,61
11956,3;817,4;1497,8;23,16;66,16;18,78;6,19;Spinach;AEROPONIC;4,972
15728,2;987,5;1281,5;19,44;64,67;15,43;6,57;Spinach;HYDROPONIC;4,388
16414,9;478,1;888,4;19,4;72,73;15,12;6,21;Kale;SOIL_BASED;4,268
10519,0;916,8;1630,9;23,7;74,16;19,23;6,2;Spinach;HYDROPONIC;4,412
12210,7;783,0;1247,7;27,72;85,52;24,51;6,06;Kale;AEROPONIC;5,663
14223,2;914,3;1049,0;25,55;68,13;21,84;6,71;Chinese Cabbage;HYDROPONIC;4,215
14784,9;888,3;764,1;26,92;72,66;22,12;5,89;Bok Choy;SOIL_BASED;3,834
15841,7;700,0;981,1;18,45;59,27;13,19;6,34;Chinese Cabbage;SOIL_BASED;3,119
18147,4;992,1;1384,6;19,56;73,85;14,58;6,19;Lettuce;SOIL_BASED;4,033
15677,2;1032,1;1178,8;23,53;68,21;19,82;6,59;Lettuce;AEROPONIC;5,771
10983,4;951,6;1537,9;25,84;45,37;20,99;6,88;Lettuce;AEROPONIC;5,458
16931,9;1072,9;1701,1;25,29;60,62;21,65;5,49;Chinese Cabbage;SOIL_BASED;3,343
17935,8;752,3;724,9;19,74;50,37;15,91;5,72;Spinach;SOIL_BASED;3,196
8968,5;653,2;1015,4;26,68;61,72;23,3;6,47;Bok Choy;AEROPONIC;5,382
16144,3;884,1;1316,1;23,27;70,61;19,27;6,15;Lettuce;AEROPONIC;5,845
19106,6;824,8;1664,9;25,68;65,46;21,88;6,29;Lettuce;AEROPONIC;6,132
12231,4;862,8;1062,2;21,81;73,24;16,69;5,84;Lettuce;AQUAPONIC;5,33
16940,7;698,1;1338,6;19,18;48,05;15,96;6,11;Bok Choy;AEROPONIC;4,942
12049,5;1047,3;996,5;25,87;76,15;21,14;5,42;Lettuce;SOIL_BASED;3,916
13461,2;806,8;1258,1;24,82;70,09;19,32;5,74;Bok Choy;AQUAPONIC;4,639
11416,9;613,1;1315,8;20,01;57,25;16,03;6,66;Lettuce;AEROPONIC;5,552
16679,9;805,3;1195,5;21,63;67,79;16,21;5,8;Chinese Cabbage;SOIL_BASED;3,245
17178,6;864,0;1705,8;25,42;86,62;22,39;6,55;Chinese Cabbage;HYDROPONIC;4,516
15968,5;649,6;1589,5;24,08;80,45;18,82;5,88;Bok Choy;AQUAPONIC;4,691
16580,3;860,4;1197,0;24,9;82,26;21,62;6,11;Chinese Cabbage;SOIL_BASED;3,062
17035,0;800,2;1212,2;22,03;66,19;17,78;6,19;Bok Choy;HYDROPONIC;4,916
19261,2;624,4;1487,3;27,48;77,66;24,3;5,77;Chinese Cabbage;SOIL_BASED;3,187
12487,5;683,8;1292,4;23,19;79,14;18,61;6,38;Chinese Cabbage;AEROPONIC;4,437
5642,7;801,3;1283,3;16,87;59,13;12,0;6,77;Bok Choy;AEROPONIC;5,082
13068,8;787,0;1101,4;23,8;78,97;19,98;6,38;Spinach;HYDROPONIC;4,606
13097,8;520,7;1435,7;25,19;77,05;22,15;5,64;Chinese Cabbage;AEROPONIC;4,377
17374,6;847,3;1113,7;24,33;62,28;20,43;6,22;Lettuce;SOIL_BASED;3,993
6615,0;810,4;1113,6;22,31;68,79;17,38;6,6;Spinach;HYDROPONIC;4,902
15444,2;892,9;1355,2;18,03;79,54;13,49;5,87;Bok Choy;SOIL_BASED;3,602
19202,0;854,1;1316,5;21,68;67,51;15,13;6,18;Spinach;SOIL_BASED;3,573
14547,2;737,8;1288,8;21,94;75,51;17,73;5,78;Kale;SOIL_BASED;4,709
16493,1;788,1;808,2;21,65;63,99;16,35;5,86;Kale;AEROPONIC;6,054
12020,4;1131,9;1341,9;25,21;58,69;22,46;5,99;Chinese Cabbage;AEROPONIC;4,217
17020,9;666,4;758,1;22,57;57,81;17,02;6,17;Chinese Cabbage;SOIL_BASED;3,133
14186,4;730,1;1545,8;27,37;65,61;23,19;6,59;Lettuce;AQUAPONIC;5,147
12516,2;667,8;1136,1;22,87;71,73;18,74;5,99;Spinach;SOIL_BASED;3,561
14703,2;610,6;1321,3;26,9;53,06;24,0;6,0;Kale;SOIL_BASED;4,186
17438,6;722,5;1128,9;24,1;84,37;20,4;6,55;Chinese Cabbage;HYDROPONIC;4,435
14115,7;751,5;1360,0;24,24;77,08;20,26;6,0;Spinach;SOIL_BASED;3,651
13919,1;664,8;966,7;21,59;72,37;16,98;6,39;Chinese Cabbage;AEROPONIC;4,703
14334,6;1150,4;1761,3;19,72;74,93;15,62;5,73;Chinese Cabbage;HYDROPONIC;4,304
15447,8;767,1;1101,5;23,29;62,49;17,34;6,09;Kale;AQUAPONIC;5,426
15224,8;639,9;1507,8;28,22;55,46;25,55;6,67;Kale;HYDROPONIC;5,886
15183,3;907,8;990,2;22,22;71,48;17,6;5,51;Chinese Cabbage;AQUAPONIC;3,899
10231,9;643,1;1177,9;21,77;76,88;19,63;6,07;Bok Choy;HYDROPONIC;5,052
13987,3;755,4;1085,0;23,02;63,8;18,87;5,64;Chinese Cabbage;HYDROPONIC;4,483
18920,3;539,9;1124,7;28,45;59,97;23,88;6,29;Chinese Cabbage;AQUAPONIC;3,822
16521,7;877,4;1390,0;25,7;63,39;21,72;6,33;Lettuce;AEROPONIC;5,689
18721,7;873,6;1401,5;26,9;72,09;21,56;5,52;Lettuce;AEROPONIC;5,465
15947,3;860,2;1386,0;17,96;73,12;13,18;5,99;Lettuce;AEROPONIC;6,041
15262,8;886,9;1053,2;21,19;83,39;16,66;5,43;Bok Choy;HYDROPONIC;4,563
19541,4;738,5;1313,7;21,29;71,79;16,81;6,15;Bok Choy;SOIL_BASED;3,698
12952,5;890,0;1059,9;26,68;60,92;23,01;6,31;Chinese Cabbage;HYDROPONIC;4,494
12757,2;1094,4;1661,2;25,35;65,47;21,35;6,42;Lettuce;SOIL_BASED;3,857
20575,4;836,1;1039,4;26,46;59,1;20,47;6,49;Bok Choy;SOIL_BASED;3,92
17666,9;782,2;1157,3;18,25;77,41;14,25;6,31;Kale;AEROPONIC;6,303
13513,2;574,2;1295,1;26,61;58,52;23,27;5,74;Chinese Cabbage;SOIL_BASED;2,831
12280,9;820,7;1014,4;25,35;63,19;19,91;6,28;Spinach;HYDROPONIC;4,69
10889,8;643,0;1444,7;20,91;72,09;15,9;6,35;Chinese Cabbage;HYDROPONIC;4,6
13385,4;781,1;1569,7;22,95;81,56;18,87;6,27;Spinach;AEROPONIC;4,8
17729,1;644,9;1050,4;21,0;92,28;17,6;5,77;Lettuce;AQUAPONIC;5,058
6894,6;636,2;1103,5;23,23;56,61;17,91;6,34;Spinach;HYDROPONIC;4,739
18330,8;765,8;1590,4;24,76;73,42;20,85;6,94;Lettuce;SOIL_BASED;4,256
16977,8;1051,5;1317,6;27,43;67,8;22,68;6,87;Kale;HYDROPONIC;5,797
10886,5;687,4;1222,7;20,87;65,88;15,87;6,56;Spinach;HYDROPONIC;4,426
14705,5;632,6;1081,8;22,19;65,6;18,05;5,9;Chinese Cabbage;HYDROPONIC;4,451
12730,7;1112,7;1184,0;20,41;57,51;15,46;5,71;Lettuce;AQUAPONIC;5,328
11337,6;702,8;1241,9;25,65;82,17;21,67;5,83;Chinese Cabbage;SOIL_BASED;3,088
15520,0;756,5;1446,3;19,09;50,31;15,43;6,17;Bok Choy;AEROPONIC;5,071
16386,6;764,0;1279,3;24,0;66,75;21,06;6,48;Lettuce;HYDROPONIC;5,75
17193,0;855,1;1043,4;20,07;80,73;15,07;6,43;Spinach;SOIL_BASED;3,246
8246,2;632,4;1144,1;23,63;69,93;19,77;5,93;Lettuce;SOIL_BASED;3,917
12949,5;746,8;989,3;26,74;62,3;22,44;5,82;Chinese Cabbage;AEROPONIC;4,279
16675,3;838,0;1245,6;22,07;62,65;17,66;5,83;Kale;HYDROPONIC;5,949
17897,9;784,0;1866,1;24,12;75,47;19,76;5,85;Lettuce;AQUAPONIC;5,048
15383,7;658,9;1924,0;21,0;65,4;17,12;6,6;Spinach;SOIL_BASED;3,059
18287,3;619,8;1365,1;23,19;67,73;19,35;5,84;Bok Choy;AEROPONIC;5,278
15185,5;855,1;850,3;19,14;73,29;14,87;6,44;Kale;AQUAPONIC;5,47
16348,4;726,0;1520,8;25,48;75,91;23,2;5,2;Bok Choy;SOIL_BASED;3,655
11576,6;970,1;1453,5;22,34;63,26;19,97;6,21;Lettuce;HYDROPONIC;5,426
17042,3;765,4;1978,6;22,92;56,39;18,16;5,75;Chinese Cabbage;SOIL_BASED;3,278
9929,8;845,5;1299,4;23,69;59,48;18,25;4,99;Chinese Cabbage;AQUAPONIC;3,886
10916,7;872,0;1169,5;17,99;79,74;13,34;5,51;Spinach;AQUAPONIC;4,042
11813,4;843,4;1020,4;21,56;68,58;16,08;6,04;Chinese Cabbage;HYDROPONIC;4,527
20371,9;665,2;1493,8;23,88;57,38;19,12;6,38;Kale;HYDROPONIC;5,902
13249,4;903,9;1231,2;23,05;60,07;18,5;6,38;Chinese Cabbage;AEROPONIC;3,899
16066,3;891,9;1213,4;29,6;77,9;26,42;6,67;Spinach;HYDROPONIC;4,563
16465,6;690,2;1149,1;27,02;68,74;22,57;5,83;Lettuce;AEROPONIC;5,641
16355,3;713,8;1852,0;23,89;53,76;20,29;6,18;Lettuce;AQUAPONIC;4,716
10958,7;812,7;1172,8;20,64;58,63;17,52;6,55;Chinese Cabbage;AQUAPONIC;3,875
15787,7;864,2;1462,1;22,11;77,8;17,41;6,63;Bok Choy;SOIL_BASED;3,472
11105,7;721,0;1400,2;25,34;63,17;20,96;6,42;Lettuce;SOIL_BASED;3,927
8748,2;815,2;702,0;23,71;85,81;19,3;6,54;Chinese Cabbage;AEROPONIC;4,376
20446,4;683,3;1855,4;27,07;84,28;23,1;6,15;Spinach;HYDROPONIC;4,695
13632,2;760,6;798,3;23,69;80,66;18,15;6,06;Chinese Cabbage;HYDROPONIC;3,928
13808,9;759,1;1045,7;23,82;72,23;19,06;5,71;Lettuce;SOIL_BASED;4,314
18238,4;1090,5;1147,9;28,05;76,78;24,39;5,76;Spinach;AQUAPONIC;4,216
17443,9;911,5;1091,4;20,43;67,53;16,28;6,2;Chinese Cabbage;AEROPONIC;4,814
12497,5;764,2;1220,5;28,35;67,75;25,35;5,53;Kale;AQUAPONIC;5,57
15759,3;798,4;1079,3;25,65;57,8;22,44;6,55;Spinach;AQUAPONIC;3,92
16564,9;708,0;1632,7;32,56;67,62;28,76;6,13;Kale;HYDROPONIC;5,649
10184,9;742,4;1433,6;21,54;57,22;17,19;6,65;Bok Choy;AEROPONIC;5,237
12162,3;790,3;1118,6;28,06;68,05;23,83;5,98;Spinach;AQUAPONIC;4,101
13652,0;707,4;1062,5;23,87;57,71;19,73;6,01;Kale;SOIL_BASED;4,506
14907,8;840,1;1133,1;22,98;60,62;21,57;5,85;Lettuce;SOIL_BASED;4,225
19400,5;843,1;1044,6;24,35;46,28;21,19;5,76;Lettuce;HYDROPONIC;5,331
12437,1;1125,3;968,3;23,85;61,35;20,14;6,06;Bok Choy;SOIL_BASED;3,609
19995,0;450,2;1523,2;21,32;61,88;16,6;6,35;Spinach;SOIL_BASED;3,398
16499,0;738,6;1178,6;23,13;65,37;19,23;5,97;Spinach;AQUAPONIC;4,432
9214,1;671,9;1382,7;24,36;78,12;20,1;6,26;Spinach;SOIL_BASED;3,67
15980,6;406,8;1296,9;22,31;67,55;18,38;5,73;Bok Choy;SOIL_BASED;3,613
19925,6;833,1;1656,9;25,01;75,89;19,61;5,51;Spinach;AQUAPONIC;4,371
14166,5;755,3;1512,8;22,67;76,23;18,26;6,45;Lettuce;HYDROPONIC;5,733
12275,2;884,0;1374,0;24,78;79,99;20,84;6,68;Kale;HYDROPONIC;6,304
12865,9;895,2;1876,8;24,45;60,3;19,08;6,32;Lettuce;AEROPONIC;5,555
16573,5;648,6;1096,7;24,76;57,95;21,0;5,53;Lettuce;SOIL_BASED;3,809
10023,1;720,1;1231,2;19,72;67,01;15,75;6,02;Kale;AQUAPONIC;5,414
21029,9;970,2;1449,8;26,57;59,14;23,56;5,84;Lettuce;AEROPONIC;5,935
18752,2;505,5;1499,5;21,08;66,05;16,29;6,12;Bok Choy;HYDROPONIC;4,671
17310,6;716,4;1051,5;22,98;59,93;18,78;5,65;Kale;HYDROPONIC;6,014
10838,3;779,9;1271,2;21,69;57,64;17,06;6,54;Lettuce;AQUAPONIC;4,957
20041,7;688,2;1285,8;23,7;71,02;18,37;5,98;Chinese Cabbage;AEROPONIC;4,453
19363,9;733,6;1886,0;23,19;83,85;17,55;6,35;Lettuce;AEROPONIC;5,65
20025,4;973,0;1452,2;25,32;65,87;21,39;6,35;Bok Choy;AQUAPONIC;4,574
16098,0;928,8;1561,0;23,62;70,36;19,26;6,02;Spinach;AQUAPONIC;4,101
15084,9;590,0;1179,0;22,4;68,55;18,04;5,54;Lettuce;AEROPONIC;5,656
15988,4;905,5;1084,9;18,47;67,71;14,04;6,66;Spinach;HYDROPONIC;4,661
16734,7;803,5;1169,8;25,98;80,15;21,82;6,81;Chinese Cabbage;SOIL_BASED;3,35
19559,9;891,3;1422,4;24,95;65,65;19,8;5,87;Lettuce;HYDROPONIC;5,892
10306,2;958,5;1663,6;26,09;40,47;22,21;5,62;Kale;AQUAPONIC;5,323
15881,8;835,0;910,2;22,98;60,54;17,29;6,64;Spinach;AEROPONIC;4,631
16862,5;1032,5;1795,0;24,5;68,91;20,62;6,02;Chinese Cabbage;AEROPONIC;4,411
18733,2;984,9;1510,5;21,67;67,09;18,06;5,73;Kale;SOIL_BASED;4,349
14033,3;998,0;1540,3;21,41;66,05;17,84;5,65;Kale;AEROPONIC;6,386
15388,2;754,1;1522,9;22,71;63,66;18,92;6,43;Kale;SOIL_BASED;4,613
14681,1;813,5;1174,4;26,08;68,73;21,89;5,97;Kale;HYDROPONIC;6,008
16142,9;768,5;1246,8;22,73;85,47;19,83;6,4;Lettuce;HYDROPONIC;5,724
13115,7;679,1;1456,9;23,35;65,23;20,59;5,96;Lettuce;AEROPONIC;6,401
17375,8;934,9;1215,0;24,18;86,39;20,64;5,59;Lettuce;AEROPONIC;5,958
16478,8;872,5;1340,9;23,57;72,01;19,26;6,0;Chinese Cabbage;AQUAPONIC;3,959
10025,7;697,2;1107,4;26,34;62,3;21,98;5,51;Chinese Cabbage;AQUAPONIC;3,74
11003,0;831,7;1480,9;21,41;75,37;17,42;6,05;Chinese Cabbage;AEROPONIC;4,465
14459,6;586,7;1243,4;23,78;47,31;19,48;5,78;Bok Choy;AEROPONIC;5,47
25000,0;386,4;1174,8;24,83;67,87;20,9;5,76;Chinese Cabbage;HYDROPONIC;4,051
14110,9;820,5;1065,3;18,9;72,41;15,18;6,47;Lettuce;AEROPONIC;5,663
11515,0;1029,9;1107,1;24,24;72,51;19,48;6,06;Lettuce;AQUAPONIC;5,417
12601,3;688,6;936,7;27,26;73,41;22,91;5,28;Bok Choy;HYDROPONIC;4,689
16851,2;747,2;1390,0;22,52;74,16;18,02;6,02;Bok Choy;SOIL_BASED;3,786
20674,7;655,7;1124,5;20,46;70,53;16,27;6,55;Chinese Cabbage;AQUAPONIC;4,153
12814,1;773,9;1269,0;24,81;74,14;20,47;6,61;Spinach;AQUAPONIC;3,97
15744,9;724,6;1595,9;24,0;63,24;19,35;6,27;Bok Choy;HYDROPONIC;4,749
13168,6;774,0;1248,8;27,76;78,0;22,01;5,8;Kale;SOIL_BASED;4,109
17273,5;630,5;1239,0;24,73;64,09;20,88;6,15;Lettuce;AQUAPONIC;5,243
13170,7;745,6;1266,8;20,86;77,83;17,14;6,28;Kale;AEROPONIC;6,186
17765,0;656,8;1356,1;20,73;67,83;15,4;6,78;Lettuce;AQUAPONIC;5,138
5809,3;470,2;1158,4;25,91;69,85;22,21;5,74;Lettuce;HYDROPONIC;5,505
17233,5;885,0;1501,5;24,5;75,5;20,31;5,9;Bok Choy;HYDROPONIC;4,804
14089,5;817,8;1313,8;23,34;80,81;19,61;6,1;Bok Choy;HYDROPONIC;5,199
16767,5;786,1;1138,9;23,98;68,34;18,98;5,78;Kale;AQUAPONIC;5,929
14558,3;837,3;1190,8;24,74;69,84;20,79;5,98;Lettuce;SOIL_BASED;4,162
10413,9;554,2;1577,2;24,54;46,05;21,01;5,89;Kale;AEROPONIC;5,897
15247,6;979,3;1109,1;19,28;60,61;15,51;6,59;Spinach;HYDROPONIC;4,524
17359,4;761,5;1389,2;26,91;55,16;22,14;6,16;Kale;SOIL_BASED;3,968
15432,2;932,4;1404,3;27,09;64,55;22,87;6,17;Chinese Cabbage;AEROPONIC;4,453
9460,3;575,6;1000,5;28,57;62,32;24,37;6,05;Kale;HYDROPONIC;5,411
15281,2;729,9;903,9;27,96;61,27;23,39;5,79;Chinese Cabbage;AEROPONIC;4,442
16312,3;1033,9;1196,0;27,48;59,22;24,23;6,56;Chinese Cabbage;AEROPONIC;4,342
13078,0;889,1;1489,4;22,7;72,47;18,14;6,28;Chinese Cabbage;SOIL_BASED;3,486
4007,0;579,6;897,6;24,34;52,78;19,05;6,22;Spinach;AEROPONIC;4,825
12799,6;860,5;1053,2;26,77;58,73;21,81;6,5;Kale;HYDROPONIC;5,688
10082,5;687,4;1454,9;18,46;68,28;14,72;5,93;Kale;SOIL_BASED;4,49
14154,2;612,0;1002,2;22,89;76,24;18,94;6,71;Spinach;AQUAPONIC;4,117
10120,1;688,5;1546,0;18,72;60,09;15,62;5,96;Lettuce;AQUAPONIC;5,051
9981,7;801,2;1969,2;24,28;76,93;20,12;6,49;Bok Choy;SOIL_BASED;3,402
17208,7;796,8;1068,0;27,04;44,78;24,29;5,68;Kale;AQUAPONIC;5,296
15070,7;654,3;1662,9;23,55;68,02;20,29;6,08;Bok Choy;AEROPONIC;5,117
16224,7;755,7;1365,3;21,91;70,6;18,04;6,5;Spinach;HYDROPONIC;4,573
12502,9;632,3;1074,1;24,29;59,6;20,69;6,21;Lettuce;AEROPONIC;5,88
12820,3;761,9;1694,1;24,65;56,87;20,01;6,66;Lettuce;SOIL_BASED;4,091
12266,1;836,3;1385,8;24,85;69,08;19,55;5,93;Lettuce;HYDROPONIC;5,804
12725,8;543,8;1589,4;20,1;67,7;15,73;6,32;Spinach;SOIL_BASED;3,426
12887,4;599,8;1889,9;24,18;61,1;19,17;5,67;Chinese Cabbage;SOIL_BASED;3,123
11020,1;686,8;1252,0;24,02;65,55;19,85;6,34;Chinese Cabbage;SOIL_BASED;3,373
12010,5;855,9;1423,7;26,16;62,88;21,6;6,07;Bok Choy;AEROPONIC;5,358
15182,0;611,3;990,0;23,29;78,63;19,14;5,64;Chinese Cabbage;HYDROPONIC;4,173
10999,1;890,9;1159,1;29,03;73,78;24,17;6,14;Chinese Cabbage;HYDROPONIC;4,149
15644,5;608,6;1258,8;23,73;69,65;18,31;6,66;Lettuce;HYDROPONIC;5,986
9005,4;637,8;1335,0;22,16;84,04;17,29;6,08;Lettuce;AEROPONIC;5,885
15562,5;716,8;726,5;20,69;76,8;17,72;6,24;Bok Choy;AQUAPONIC;4,56
14235,2;696,2;1682,7;22,06;78,57;18,73;6,15;Kale;AEROPONIC;5,722
15627,7;662,3;1444,9;21,26;81,44;16,83;6,11;Bok Choy;AEROPONIC;4,891
15630,7;583,3;1414,3;23,06;66,67;18,79;5,76;Bok Choy;SOIL_BASED;3,676
10920,5;548,6;1812,7;28,22;57,65;23,19;6,27;Spinach;HYDROPONIC;4,677
14697,0;894,1;1701,5;19,41;52,84;15,38;5,77;Spinach;HYDROPONIC;4,265
10546,3;779,8;1240,6;19,61;74,28;16,03;6,8;Bok Choy;AQUAPONIC;4,367
13061,0;1019,9;1131,9;22,84;59,78;19,09;5,73;Bok Choy;AQUAPONIC;4,424
17785,6;774,1;1442,0;19,68;95,0;15,87;6,61;Bok Choy;SOIL_BASED;3,408
11058,4;837,4;1683,4;20,75;60,84;16,43;5,53;Chinese Cabbage;HYDROPONIC;4,331
14302,1;981,2;1241,4;24,45;59,37;19,94;6,09;Spinach;AQUAPONIC;4,482
11665,0;862,0;1511,2;23,35;74,61;18,3;5,91;Bok Choy;AQUAPONIC;4,432
15569,6;728,9;1723,7;24,73;74,79;21,47;5,78;Lettuce;HYDROPONIC;5,375
17730,4;700,8;1536,9;25,15;83,27;21,44;6,36;Lettuce;AEROPONIC;5,549
12861,7;830,3;865,3;27,26;65,88;22,25;6,34;Chinese Cabbage;AQUAPONIC;3,703
15256,1;850,7;969,4;24,56;77,86;19,84;5,59;Chinese Cabbage;HYDROPONIC;4,166
13721,9;839,5;1795,6;26,87;66,62;21,95;6,17;Kale;AQUAPONIC;5,499
11086,4;755,3;1308,5;23,8;72,64;19,04;6,22;Kale;SOIL_BASED;4,381
15741,7;717,4;1365,8;24,59;66,18;21,18;6,2;Kale;AQUAPONIC;5,387
16200,4;848,8;1427,7;24,56;84,27;19,04;6,03;Chinese Cabbage;HYDROPONIC;4,238
11046,3;761,8;1652,3;24,3;87,27;20,82;5,76;Chinese Cabbage;AQUAPONIC;3,882
17522,9;582,4;1076,5;24,08;57,89;19,64;6,62;Chinese Cabbage;SOIL_BASED;3,221
18948,3;675,5;1172,7;28,6;78,85;23,14;6,19;Lettuce;SOIL_BASED;3,782
11380,1;624,2;1018,6;25,45;60,09;22,48;5,65;Chinese Cabbage;AQUAPONIC;3,908
19324,7;834,7;743,4;22,25;77,88;17,95;6,78;Lettuce;AQUAPONIC;5,164
14514,0;674,7;1386,6;30,06;81,94;26,81;5,18;Kale;SOIL_BASED;4,344
14258,2;1097,9;1054,9;22,44;59,82;17,43;5,63;Kale;SOIL_BASED;4,279
20321,1;859,1;1530,3;23,49;57,61;20,16;6,21;Kale;AEROPONIC;6,114
17431,9;1012,2;1122,3;21,17;63,79;17,69;5,95;Bok Choy;AEROPONIC;5,092
12318,1;1016,4;929,9;25,51;77,93;20,97;6,17;Bok Choy;SOIL_BASED;3,625
12722,3;730,5;1554,1;28,23;72,04;23,49;5,94;Spinach;AQUAPONIC;4,443
15640,2;940,9;1416,0;19,32;65,89;14,97;6,0;Spinach;HYDROPONIC;4,409
15603,5;794,1;1237,0;22,72;74,13;18,01;5,67;Spinach;AQUAPONIC;4,525
14365,3;953,2;1251,5;26,63;65,52;21,76;6,19;Bok Choy;AQUAPONIC;4,76
12037,6;576,7;1436,2;20,53;69,12;16,1;5,73;Bok Choy;AEROPONIC;5,192
12585,9;830,4;1722,4;25,11;72,63;21,16;6,19;Spinach;AEROPONIC;4,858
14416,4;834,4;1384,4;19,86;72,06;16,78;6,42;Spinach;AEROPONIC;4,932
8950,5;982,2;1402,2;24,64;82,37;21,28;6,34;Chinese Cabbage;SOIL_BASED;3,069
16241,6;618,3;1161,2;23,72;57,78;18,78;6,04;Spinach;SOIL_BASED;3,243
15402,1;742,6;1218,6;32,79;76,05;28,34;5,71;Chinese Cabbage;AQUAPONIC;3,395
11224,3;814,5;418,2;25,58;60,01;21,56;5,77;Lettuce;AQUAPONIC;4,633
16197,1;842,0;1034,8;17,42;64,56;13,63;5,89;Bok Choy;HYDROPONIC;4,898
8501,1;1053,9;1003,1;23,29;66,64;20,24;6,6;Spinach;AQUAPONIC;4,044
15791,0;822,4;996,1;25,81;64,4;20,88;5,99;Bok Choy;AQUAPONIC;4,629
17642,7;849,9;1180,7;22,34;56,57;18,59;5,43;Bok Choy;AEROPONIC;5,138
15880,1;913,4;1208,3;22,22;64,17;18,2;5,76;Bok Choy;AEROPONIC;5,416
16609,2;808,9;1003,1;22,36;70,31;17,49;6,47;Lettuce;AEROPONIC;5,415
16831,4;682,4;1607,2;25,03;66,86;21,42;6,26;Kale;AEROPONIC;6,23
15884,3;669,5;1435,7;19,99;80,52;15,65;6,49;Spinach;AEROPONIC;4,691
14313,9;894,5;1333,6;21,93;67,08;17,89;5,76;Kale;HYDROPONIC;6,257
13382,4;756,4;1447,8;26,39;68,13;22,21;6,09;Kale;HYDROPONIC;5,814
18510,6;624,6;833,0;22,14;69,55;18,73;5,53;Kale;HYDROPONIC;5,755
16624,6;634,4;825,6;21,97;66,87;17,35;5,93;Bok Choy;AEROPONIC;5,124
18648,7;789,7;1596,7;19,65;72,06;15,2;6,92;Chinese Cabbage;SOIL_BASED;3,023
17969,3;862,8;1899,3;25,31;63,6;20,39;6,15;Bok Choy;AEROPONIC;5,083
10400,2;901,1;1294,2;24,69;58,09;20,45;6,47;Bok Choy;AEROPONIC;5,322
12169,0;814,6;1865,1;26,22;67,39;23,05;5,88;Kale;HYDROPONIC;5,716
8053,6;579,7;1280,3;23,18;71,27;19,15;5,96;Bok Choy;AEROPONIC;5,378
9049,6;685,3;1095,8;24,38;69,39;21,28;6,3;Kale;HYDROPONIC;6,017
8181,3;503,8;1534,9;24,36;60,45;18,82;6,84;Chinese Cabbage;AEROPONIC;4,612
6593,5;998,1;720,8;19,51;69,36;15,59;5,9;Spinach;AQUAPONIC;4,151
13667,1;484,7;1127,3;30,09;73,77;25,84;6,68;Kale;SOIL_BASED;4,278
18611,9;827,7;1064,8;26,24;69,72;21,86;6,78;Chinese Cabbage;SOIL_BASED;3,149
15742,8;902,7;968,1;23,72;61,96;19,82;5,87;Spinach;HYDROPONIC;4,78
16934,5;888,0;1150,4;22,87;68,65;17,69;5,92;Lettuce;AQUAPONIC;5,293
14689,1;1062,9;1355,5;27,21;82,47;22,99;6,07;Kale;SOIL_BASED;4,331
15004,0;657,7;1621,0;23,77;59,18;20,2;5,91;Kale;HYDROPONIC;6,169
17219,3;712,6;1550,8;26,06;77,31;22,03;6,27;Lettuce;AEROPONIC;5,51
13928,6;496,7;865,6;21,88;48,94;17,41;5,4;Lettuce;AEROPONIC;5,306
14939,7;800,2;1875,4;21,05;63,37;17,24;5,51;Kale;AQUAPONIC;5,422
13075,6;653,5;1604,1;23,05;64,34;19,08;6,39;Lettuce;SOIL_BASED;3,599
10236,6;891,2;1290,5;23,53;77,19;18,98;6,91;Bok Choy;AEROPONIC;4,983
14050,6;674,6;1629,8;24,69;83,07;20,65;6,5;Spinach;HYDROPONIC;4,896
10385,2;828,8;1040,5;27,61;77,46;23,22;5,51;Spinach;AEROPONIC;4,609
17581,1;1025,7;1499,6;26,61;72,35;22,26;5,73;Spinach;AEROPONIC;5,1
16210,9;668,4;777,0;27,19;77,03;23,51;5,92;Bok Choy;SOIL_BASED;3,844
19714,2;975,7;1200,1;21,45;56,5;17,65;5,51;Lettuce;SOIL_BASED;4,207
11757,3;519,6;1634,7;22,67;75,6;19,8;5,17;Chinese Cabbage;HYDROPONIC;4,492
9695,1;840,8;1160,9;26,21;58,63;21,05;6,31;Lettuce;AQUAPONIC;4,674
9157,7;840,5;1172,3;26,9;61,72;22,47;5,5;Kale;AQUAPONIC;5,424
20012,1;732,6;1122,9;25,58;71,36;21,67;5,94;Spinach;AEROPONIC;4,839
13111,4;886,6;1228,7;21,92;57,5;18,31;5,62;Lettuce;HYDROPONIC;5,456
9251,4;823,5;1016,9;20,58;78,42;17,99;6,42;Chinese Cabbage;AQUAPONIC;4,11
16146,2;831,4;1691,3;24,15;68,01;21,11;5,97;Kale;AQUAPONIC;5,624
13330,9;692,0;968,2;21,0;56,94;15,48;5,83;Bok Choy;AEROPONIC;4,948
11189,2;725,8;1364,2;24,79;80,83;21,52;6,77;Bok Choy;HYDROPONIC;4,763
19704,3;918,6;1499,9;27,0;65,77;23,13;6,06;Chinese Cabbage;AQUAPONIC;3,657
14005,2;639,7;1088,7;24,03;66,61;19,08;5,9;Kale;SOIL_BASED;4,515
16484,8;698,5;901,4;19,84;66,13;16,6;6,09;Spinach;SOIL_BASED;3,276
16015,7;570,8;1129,7;22,07;43,2;17,68;6,48;Lettuce;AEROPONIC;5,588
24007,6;769,4;1177,1;25,92;78,69;22,19;6,38;Kale;AEROPONIC;6,027
13795,3;1077,3;1518,9;24,83;68,24;21,11;6,21;Bok Choy;AEROPONIC;5,108
11003,9;850,1;1241,6;25,05;69,3;20,82;5,89;Chinese Cabbage;AEROPONIC;4,599
12122,3;600,2;1280,7;28,45;73,79;25,4;5,67;Chinese Cabbage;AQUAPONIC;4,191
17964,3;985,8;914,6;24,48;65,5;20,66;6,71;Lettuce;HYDROPONIC;5,394
15377,0;629,1;1229,6;24,39;58,47;20,23;6,35;Chinese Cabbage;AEROPONIC;4,315
12853,7;911,6;1653,5;25,9;60,09;23,19;6,45;Chinese Cabbage;AEROPONIC;4,33
15700,5;770,1;1565,0;20,22;75,42;14,76;6,67;Kale;AQUAPONIC;5,506
19149,5;849,8;1149,2;22,25;67,9;16,97;6,25;Spinach;AEROPONIC;5,029
20307,5;943,2;1495,8;21,43;76,55;18,39;6,87;Lettuce;AEROPONIC;5,792
15791,6;562,4;1243,6;25,33;78,05;21,73;5,65;Kale;HYDROPONIC;5,945
18473,2;732,2;1411,1;20,93;75,54;15,62;6,08;Spinach;SOIL_BASED;3,065
9521,8;902,8;1203,4;25,08;78,68;20,63;5,89;Kale;AEROPONIC;6,091
16677,5;751,0;1028,7;22,89;61,95;18,53;6,4;Kale;AQUAPONIC;5,415
13868,1;694,8;1015,4;22,5;73,12;17,59;5,21;Chinese Cabbage;HYDROPONIC;4,346
10479,5;760,1;1417,0;26,05;64,03;21,43;5,55;Spinach;AQUAPONIC;3,879
11237,7;700,8;591,9;19,77;58,7;15,54;5,59;Lettuce;HYDROPONIC;5,549
11643,0;721,8;1556,7;22,13;71,92;18,49;5,59;Lettuce;HYDROPONIC;5,393
15526,4;983,7;1217,5;31,7;74,41;27,51;5,86;Spinach;AEROPONIC;4,789
10624,9;723,6;1113,0;28,68;65,07;23,28;6,27;Chinese Cabbage;AEROPONIC;4,482
16979,9;978,1;1539,7;18,42;68,4;13,09;5,86;Bok Choy;AEROPONIC;4,913
17873,7;935,2;560,6;22,08;73,98;18,15;5,92;Kale;SOIL_BASED;3,984
14082,8;851,0;1400,2;23,68;62,8;20,78;6,2;Chinese Cabbage;SOIL_BASED;3,41
13777,2;698,2;1706,6;19,55;74,89;15,54;6,94;Spinach;AQUAPONIC;4,323
15047,2;816,3;923,3;29,15;60,29;27,1;6,08;Kale;AEROPONIC;5,872
12772,7;792,4;1161,8;23,58;71,47;18,95;5,98;Lettuce;SOIL_BASED;3,887
19613,9;699,2;1397,7;22,98;57,72;19,2;6,31;Bok Choy;AEROPONIC;5,102
7183,3;796,8;871,6;24,57;79,44;21,15;6,43;Lettuce;SOIL_BASED;4,309
13145,5;710,9;1344,0;24,52;73,82;21,28;5,83;Spinach;SOIL_BASED;3,382
9022,9;1048,9;1978,7;21,11;85,09;17,36;5,59;Kale;HYDROPONIC;5,816
16516,4;618,2;1365,1;27,18;60,06;23,92;5,95;Spinach;AEROPONIC;4,654
15247,7;880,9;1356,5;23,95;73,66;19,33;6,83;Kale;AEROPONIC;6,219
17137,3;784,9;967,0;27,16;67,84;24,78;5,71;Chinese Cabbage;SOIL_BASED;3,046
15059,4;889,2;1625,7;21,89;55,54;17,28;6,37;Bok Choy;AEROPONIC;4,941
15871,8;902,6;571,4;18,47;68,94;13,66;6,57;Chinese Cabbage;SOIL_BASED;2,764
11443,3;945,6;1270,5;27,52;72,83;22,8;6,44;Chinese Cabbage;AEROPONIC;4,196
15018,2;724,9;1518,1;25,57;84,75;22,11;6,07;Spinach;HYDROPONIC;4,852
11762,4;564,9;630,0;26,77;63,71;22,75;5,47;Bok Choy;AEROPONIC;5,142
16642,8;1163,2;756,3;26,94;72,03;22,96;6,07;Kale;HYDROPONIC;5,672
11182,7;736,4;895,9;23,55;70,61;20,66;5,45;Kale;AQUAPONIC;5,862
12695,3;564,7;1637,0;22,47;66,52;19,17;5,89;Lettuce;AEROPONIC;5,939
14205,4;826,7;1114,5;23,24;67,15;18,57;6,05;Kale;AEROPONIC;5,973
19862,1;760,6;1513,1;25,04;74,35;21,74;6,07;Spinach;AEROPONIC;4,78
14610,4;896,5;1471,2;24,28;67,14;18,92;5,95;Chinese Cabbage;HYDROPONIC;4,23
21575,0;773,0;848,2;18,38;66,0;13,82;5,55;Chinese Cabbage;AEROPONIC;4,449
19338,4;970,0;1178,8;23,17;63,69;19,82;6,0;Chinese Cabbage;AEROPONIC;4,39
13437,2;743,8;1220,7;27,46;55,24;22,5;6,03;Bok Choy;SOIL_BASED;3,562
15912,6;598,2;1412,9;23,5;75,94;19,36;6,27;Kale;AQUAPONIC;5,649
16441,2;871,5;1339,2;29,73;63,6;24,54;6,0;Spinach;HYDROPONIC;4,466
4191,4;612,6;1262,9;20,81;78,48;16,53;5,79;Bok Choy;SOIL_BASED;3,304
8496,9;799,8;1582,8;24,48;78,72;19,69;6,39;Lettuce;HYDROPONIC;5,942
16071,3;940,5;1579,1;20,74;88,38;16,07;6,5;Spinach;SOIL_BASED;3,452
16292,0;688,3;903,5;21,1;71,78;17,15;6,22;Spinach;AQUAPONIC;4,192
15031,0;870,1;1163,4;21,13;72,76;17,15;5,97;Spinach;SOIL_BASED;3,572
10601,2;823,5;1288,3;29,69;73,2;25,15;6,35;Chinese Cabbage;HYDROPONIC;4,603
22941,6;700,4;1302,0;22,79;70,21;18,3;6,3;Spinach;AEROPONIC;4,784
16484,5;990,2;1423,2;21,53;78,03;16,34;5,91;Kale;AEROPONIC;6,003
18068,1;870,4;1377,0;23,49;67,3;18,65;6,2;Spinach;AQUAPONIC;4,491
17765,4;971,2;1434,8;22,88;72,69;18,32;5,78;Chinese Cabbage;HYDROPONIC;4,133
15016,1;673,9;1465,4;25,77;67,08;22,86;6,23;Spinach;HYDROPONIC;4,502
14796,9;801,6;1206,4;17,79;56,86;12,88;5,77;Lettuce;HYDROPONIC;5,515
17661,8;938,8;1192,3;20,83;74,33;16,49;5,86;Lettuce;AQUAPONIC;5,166
12668,6;797,2;1642,7;25,87;44,63;22,04;6,16;Chinese Cabbage;AEROPONIC;3,988
17905,5;1035,4;1150,9;22,13;72,67;18,0;6,34;Kale;SOIL_BASED;4,632
15115,8;701,0;1472,3;21,39;77,24;19,24;6,02;Kale;AQUAPONIC;5,158
16571,1;791,2;1083,5;21,26;73,0;15,86;6,16;Bok Choy;SOIL_BASED;3,497
15123,9;912,5;1367,0;25,53;61,29;21,04;5,51;Chinese Cabbage;AEROPONIC;4,463
11395,8;847,7;1385,8;25,4;81,14;19,77;6,38;Spinach;AQUAPONIC;4,371
13911,5;830,7;1448,7;26,18;83,42;19,95;6,0;Chinese Cabbage;AEROPONIC;4,459
18774,0;838,7;1693,5;20,24;73,66;18,18;5,05;Bok Choy;SOIL_BASED;3,442
16754,8;507,1;1020,2;20,08;83,77;16,43;6,54;Chinese Cabbage;HYDROPONIC;4,121
18367,5;756,9;1318,8;26,68;86,02;22,69;6,21;Chinese Cabbage;HYDROPONIC;4,127
17790,8;824,2;1452,2;24,07;62,55;19,82;6,4;Bok Choy;SOIL_BASED;3,78
12506,6;840,2;1452,9;21,8;60,26;18,36;6,02;Kale;HYDROPONIC;5,716
9042,6;654,5;1199,5;23,06;74,32;17,95;6,24;Spinach;SOIL_BASED;3,383
17465,4;823,5;1380,0;20,04;41,3;14,74;6,28;Bok Choy;AQUAPONIC;4,086
13905,3;848,7;1275,1;22,02;66,12;19,05;5,83;Lettuce;AQUAPONIC;5,546
16916,6;819,2;1472,4;23,95;62,4;19,13;5,53;Kale;AQUAPONIC;5,238
19401,4;782,4;1259,5;24,49;66,39;21,27;5,66;Lettuce;HYDROPONIC;5,476
13260,4;656,0;1263,4;23,26;57,57;18,78;5,69;Kale;AEROPONIC;6,02
11832,0;676,8;1350,5;22,97;66,7;19,47;6,17;Spinach;HYDROPONIC;4,514
10925,5;828,1;1150,2;25,55;73,15;20,57;6,05;Spinach;HYDROPONIC;4,884
14423,6;480,4;1082,6;23,22;82,67;18,16;5,42;Chinese Cabbage;AEROPONIC;4,358
9557,6;944,9;935,1;22,25;71,98;17,97;6,98;Lettuce;AEROPONIC;6,353
15733,8;723,4;1244,9;21,37;52,92;15,93;5,85;Kale;AEROPONIC;5,964
15900,0;838,8;1088,9;18,55;68,56;14,65;5,74;Spinach;AEROPONIC;4,843
15881,1;953,0;1202,9;25,32;80,06;20,71;5,52;Bok Choy;HYDROPONIC;4,858
8585,4;606,5;1602,0;27,6;66,24;23,02;6,17;Spinach;SOIL_BASED;3,22
18665,4;842,9;1211,2;21,19;73,83;17,08;5,9;Bok Choy;AQUAPONIC;4,356
14946,3;745,9;1607,0;19,94;78,31;15,2;5,88;Kale;SOIL_BASED;4,674
12924,0;534,6;1380,2;21,76;69,47;16,91;6,1;Spinach;HYDROPONIC;4,696
16773,5;1004,1;1206,8;24,31;71,05;20,6;5,45;Spinach;AEROPONIC;4,962
16728,0;643,5;1014,8;22,09;73,01;17,62;6,11;Kale;AQUAPONIC;5,36
10490,2;961,6;1250,5;22,04;64,47;17,9;5,91;Spinach;AQUAPONIC;4,512
14326,8;616,7;1175,5;23,27;66,26;18,94;6,32;Bok Choy;SOIL_BASED;3,573
12401,0;567,6;1587,9;23,78;60,54;18,32;6,12;Spinach;HYDROPONIC;4,708
13033,2;606,0;1791,9;24,53;63,88;21,16;5,78;Lettuce;HYDROPONIC;5,718
16331,2;625,8;1548,1;22,67;74,9;17,49;6,13;Chinese Cabbage;HYDROPONIC;4,477
11452,8;646,0;1087,4;22,62;72,58;18,77;5,73;Bok Choy;AQUAPONIC;5,008
16442,9;894,0;1294,3;18,12;58,37;14,26;6,25;Lettuce;SOIL_BASED;4,001
11262,5;1088,0;1221,0;26,12;59,91;22,25;6,5;Kale;AQUAPONIC;5,768
18725,6;986,7;1126,8;24,21;63,05;20,08;6,1;Bok Choy;AQUAPONIC;4,556
12218,0;786,0;1256,3;27,73;56,02;23,47;6,23;Chinese Cabbage;AEROPONIC;4,314
22532,4;744,0;1245,6;24,93;70,18;21,29;5,58;Chinese Cabbage;SOIL_BASED;3,137
17348,1;741,5;1757,5;23,29;62,69;20,89;5,62;Kale;AEROPONIC;6,35
13827,8;460,3;1365,5;19,34;72,39;14,8;5,38;Kale;HYDROPONIC;5,782
11171,7;808,5;1494,7;18,93;76,63;14,96;5,58;Bok Choy;AQUAPONIC;4,322
16322,5;857,4;1552,6;26,44;53,78;23,11;6,16;Spinach;SOIL_BASED;3,279
18050,0;647,5;1476,4;25,07;62,69;21,02;6,7;Kale;HYDROPONIC;5,8
16677,7;571,3;1634,9;27,6;54,86;23,49;6,0;Spinach;SOIL_BASED;3,268
12475,1;777,2;1183,4;26,11;52,38;20,1;5,76;Lettuce;AQUAPONIC;5,158
19493,9;911,1;1529,5;22,46;72,63;17,79;5,8;Chinese Cabbage;SOIL_BASED;2,985
15519,1;641,5;1790,1;17,06;69,8;12,07;5,57;Spinach;HYDROPONIC;4,804
12223,2;625,8;1092,6;25,19;63,19;20,85;6,19;Chinese Cabbage;AEROPONIC;4,419
22255,5;689,9;1191,7;20,65;59,92;16,33;6,58;Spinach;AQUAPONIC;4,258
16784,3;845,8;1172,1;22,98;58,81;18,52;6,16;Lettuce;AEROPONIC;5,344
15927,6;673,1;1840,4;24,65;69,5;21,45;7,16;Kale;AQUAPONIC;5,263
12807,8;1002,6;1003,5;21,73;66,03;17,92;6,36;Lettuce;HYDROPONIC;5,242
14376,1;714,6;1308,7;21,19;60,38;17,5;5,65;Kale;AQUAPONIC;5,724
11652,6;699,9;1408,0;22,64;71,55;18,97;6,17;Kale;AEROPONIC;6,494
15148,0;789,2;1137,2;17,77;70,4;14,55;5,78;Chinese Cabbage;AQUAPONIC;3,861
16418,5;924,2;1022,2;20,61;59,75;16,94;5,85;Lettuce;HYDROPONIC;5,493
7737,5;866,9;1066,8;20,57;63,97;15,53;6,07;Spinach;AQUAPONIC;4,136
9987,5;511,9;1214,9;22,84;75,32;19,96;6,84;Lettuce;AEROPONIC;5,892
11312,8;853,4;1141,0;20,85;74,36;16,17;5,55;Chinese Cabbage;HYDROPONIC;4,394
9233,2;926,1;1655,3;22,06;62,42;16,09;6,01;Kale;AEROPONIC;6,156
11607,2;939,2;1143,2;22,25;82,12;16,32;5,92;Chinese Cabbage;AQUAPONIC;3,75
19658,5;996,7;1140,7;29,46;66,51;25,3;6,33;Bok Choy;SOIL_BASED;3,493
18495,2;1106,1;1382,6;25,65;74,7;21,3;6,15;Bok Choy;AEROPONIC;5,212
12328,5;794,4;1355,5;23,16;59,06;17,69;6,11;Spinach;AQUAPONIC;4,275
16435,1;731,7;451,3;24,76;66,71;21,23;6,29;Chinese Cabbage;SOIL_BASED;3,108
10473,4;662,4;1054,0;26,08;60,22;20,62;6,14;Spinach;SOIL_BASED;3,191
21346,8;607,3;1148,6;24,31;53,95;20,14;6,07;Spinach;HYDROPONIC;4,882
13811,3;713,8;1017,1;20,61;67,64;15,05;5,65;Bok Choy;SOIL_BASED;3,38
7418,5;704,6;1530,2;23,12;65,21;19,55;6,15;Spinach;AEROPONIC;5,007
22314,0;626,5;891,1;20,77;77,11;16,04;5,52;Bok Choy;AEROPONIC;5,14
13451,2;812,5;1553,3;22,58;63,09;17,39;5,68;Kale;SOIL_BASED;4,799
21618,8;772,8;730,0;23,06;70,28;18,79;5,81;Chinese Cabbage;AQUAPONIC;3,768
17711,3;791,3;1301,1;26,45;64,55;23,4;6,0;Spinach;AEROPONIC;4,52
15534,8;637,5;1686,7;21,28;59,73;16,31;6,76;Bok Choy;AEROPONIC;4,62
8074,1;843,2;1125,4;21,05;74,86;16,31;5,13;Lettuce;HYDROPONIC;5,587
14881,1;684,0;1286,1;21,49;62,78;17,88;6,28;Spinach;AQUAPONIC;4,565
9039,9;993,6;1547,2;21,79;64,31;17,33;6,54;Kale;SOIL_BASED;4,583
13339,1;461,4;1539,8;22,61;57,91;18,4;6,66;Kale;AQUAPONIC;5,565
15067,0;697,8;1358,6;24,42;53,65;20,87;6,0;Lettuce;HYDROPONIC;5,623
19151,4;851,3;1232,7;21,3;71,85;17,88;6,1;Bok Choy;HYDROPONIC;5,04
12388,7;589,7;1230,0;23,82;67,16;20,89;6,41;Spinach;AQUAPONIC;4,795
22037,7;970,7;918,6;23,86;75,8;19,01;5,86;Bok Choy;HYDROPONIC;4,98
9123,9;927,7;1013,5;25,05;72,33;21,31;5,52;Kale;HYDROPONIC;6,139
11648,3;1026,0;1289,4;22,91;57,42;18,26;6,81;Bok Choy;HYDROPONIC;4,89
15124,4;965,9;1351,1;25,83;68,03;20,82;5,56;Kale;AQUAPONIC;5,359
6358,5;885,6;1948,4;24,53;67,7;21,0;6,82;Bok Choy;HYDROPONIC;4,741
10369,7;800,1;1483,0;24,41;76,59;20,28;5,57;Lettuce;SOIL_BASED;4,397
16132,2;605,3;1189,3;21,96;78,48;18,72;6,06;Chinese Cabbage;SOIL_BASED;3,155
17763,6;975,5;1412,7;24,27;53,3;19,38;5,96;Lettuce;AEROPONIC;5,982
11087,2;685,6;821,4;24,49;77,34;21,48;5,82;Lettuce;SOIL_BASED;3,759
12650,0;747,8;1302,0;21,83;76,2;17,41;6,22;Chinese Cabbage;AEROPONIC;4,314
16265,7;722,6;1458,0;26,84;61,1;22,91;6,37;Chinese Cabbage;AQUAPONIC;3,887
8440,4;700,4;1460,2;30,85;67,61;25,97;5,77;Spinach;HYDROPONIC;4,138
13864,3;946,9;1262,8;21,66;50,12;17,52;5,63;Spinach;SOIL_BASED;3,46
13676,5;911,1;1428,2;22,18;67,57;16,4;6,59;Lettuce;AEROPONIC;5,87
20676,8;854,8;1210,1;22,25;59,08;18,14;5,81;Lettuce;AQUAPONIC;4,969
16372,6;780,9;1382,9;19,83;72,43;15,51;5,64;Kale;AEROPONIC;6,319
14565,8;533,1;1035,2;21,05;71,51;16,18;5,96;Kale;HYDROPONIC;5,627
17188,3;769,4;986,5;25,9;67,2;21,31;6,18;Spinach;SOIL_BASED;3,35
15272,3;973,5;1608,5;23,27;69,67;19,7;6,4;Spinach;AQUAPONIC;4,475
11236,6;708,3;1231,8;28,87;61,29;24,43;5,52;Kale;AEROPONIC;5,853
17016,6;698,5;1395,0;22,69;58,41;18,94;6,03;Kale;AQUAPONIC;5,273
17505,4;904,3;1076,0;24,67;85,97;19,04;6,51;Bok Choy;AEROPONIC;5,027
13380,0;775,9;987,1;20,97;76,71;18,49;5,52;Bok Choy;AEROPONIC;5,667
15199,3;959,1;1138,4;23,19;69,11;17,99;5,63;Kale;HYDROPONIC;6,107
21334,8;653,3;1390,5;23,75;66,18;19,59;6,13;Bok Choy;HYDROPONIC;5,082
15227,5;809,1;743,7;17,61;88,42;14,44;5,88;Chinese Cabbage;AEROPONIC;4,049
13782,7;827,1;1333,9;21,19;82,23;18,05;6,27;Spinach;SOIL_BASED;3,471
10981,3;767,9;1457,1;25,28;65,58;20,97;6,24;Spinach;AQUAPONIC;4,174
11352,8;974,7;1050,6;25,13;59,75;21,88;5,35;Kale;AQUAPONIC;5,642
14835,3;786,2;1342,8;20,0;68,45;15,43;5,78;Lettuce;HYDROPONIC;5,682
12304,4;879,7;1322,6;22,49;64,79;18,6;6,14;Kale;SOIL_BASED;4,463
16594,2;769,8;1054,6;16,87;59,95;12,39;5,68;Bok Choy;AEROPONIC;5,126
13025,9;777,3;1241,7;23,49;79,66;20,48;6,27;Lettuce;HYDROPONIC;5,859
24540,9;831,6;1276,3;27,03;72,46;24,77;5,75;Bok Choy;AEROPONIC;5,319
15312,1;644,7;1053,6;27,15;64,54;24,04;5,86;Chinese Cabbage;AEROPONIC;4,87
8971,7;695,0;1189,5;27,05;64,42;21,51;6,37;Bok Choy;HYDROPONIC;5,016
15162,6;761,8;1273,9;24,98;68,11;19,82;6,4;Chinese Cabbage;SOIL_BASED;3,253
13204,3;786,9;1354,6;26,74;63,87;21,98;6,59;Chinese Cabbage;AQUAPONIC;4,058
17010,6;777,8;1771,3;22,97;63,13;18,08;5,79;Bok Choy;HYDROPONIC;5,108
14518,2;527,8;1028,3;22,04;85,46;17,49;5,86;Bok Choy;SOIL_BASED;3,38
15951,6;926,4;1631,9;26,69;60,25;20,68;6,0;Chinese Cabbage;AEROPONIC;4,406
23995,0;772,4;1046,7;24,31;49,2;20,38;6,22;Lettuce;HYDROPONIC;5,269
13757,0;590,5;1279,3;18,47;73,56;13,71;6,01;Chinese Cabbage;AQUAPONIC;3,646
17076,7;722,0;1519,0;26,91;77,49;23,01;5,9;Spinach;AQUAPONIC;4,084
18375,0;1009,2;1394,5;22,88;69,31;18,32;6,17;Chinese Cabbage;AEROPONIC;4,348
15592,3;685,6;667,8;21,63;54,31;16,29;6,42;Lettuce;HYDROPONIC;5,473
8859,1;1066,4;1562,3;26,24;66,84;22,5;5,75;Spinach;AQUAPONIC;4,199
17222,4;719,7;1364,1;25,86;63,68;23,11;6,37;Kale;HYDROPONIC;6,275
7533,4;1006,9;1135,4;20,82;79,37;17,04;6,66;Kale;AQUAPONIC;5,395
20477,4;967,2;1246,0;23,06;60,82;20,2;6,09;Lettuce;AEROPONIC;5,57
9935,0;801,0;1391,1;20,96;69,96;16,6;6,64;Chinese Cabbage;AEROPONIC;4,753
21368,7;598,7;1432,4;21,03;73,08;16,94;5,78;Bok Choy;HYDROPONIC;4,867
14793,3;655,4;1422,9;15,12;60,71;12,17;5,42;Lettuce;SOIL_BASED;4,032
17559,6;740,9;1094,1;20,66;62,94;18,68;6,44;Spinach;SOIL_BASED;3,527
16289,2;830,0;1276,8;23,02;71,68;18,8;6,69;Spinach;AEROPONIC;4,663
17902,1;651,9;1060,8;15,57;40,77;12,0;5,88;Kale;AQUAPONIC;4,839
7601,2;540,1;1479,2;19,66;79,58;15,66;6,28;Spinach;SOIL_BASED;3,3
12249,5;775,1;1216,5;25,2;59,4;21,48;6,21;Lettuce;AEROPONIC;5,58
15924,8;645,1;1393,5;19,55;68,38;16,5;5,22;Spinach;AQUAPONIC;4,153
14682,6;673,1;1146,4;23,06;56,5;18,29;6,71;Lettuce;AQUAPONIC;5,024
13094,8;682,1;1302,3;18,87;79,21;15,41;5,9;Bok Choy;SOIL_BASED;3,441
15171,7;790,1;1230,1;24,65;68,0;21,45;6,6;Kale;AEROPONIC;6,259
13727,9;873,1;964,4;22,59;69,82;17,42;6,65;Spinach;AQUAPONIC;3,89
22229,6;991,5;1563,6;20,93;72,75;17,24;6,3;Lettuce;AQUAPONIC;5,135
19199,8;591,1;1453,8;16,1;77,26;12,0;5,78;Chinese Cabbage;HYDROPONIC;4,057
19695,4;702,9;950,0;21,0;58,49;16,28;6,55;Kale;HYDROPONIC;6,006
20825,7;867,1;1066,9;25,36;65,71;22,4;6,23;Bok Choy;SOIL_BASED;3,454
16218,5;787,0;1125,4;27,84;78,73;24,29;5,84;Lettuce;HYDROPONIC;5,52
11230,3;630,8;1622,4;22,89;64,27;17,18;5,76;Bok Choy;AEROPONIC;4,983
13522,5;920,7;1505,5;23,22;79,62;19,63;5,67;Bok Choy;SOIL_BASED;3,844
15733,3;784,1;1336,3;21,6;69,75;17,87;5,63;Spinach;SOIL_BASED;3,753
15032,2;1026,3;868,8;26,94;64,4;23,06;5,95;Spinach;HYDROPONIC;4,6
9859,5;799,1;1398,7;22,83;73,89;17,74;5,95;Lettuce;AQUAPONIC;5,006
15749,4;706,7;1323,9;26,0;66,69;20,46;5,67;Chinese Cabbage;AEROPONIC;4,489
10580,0;709,2;1190,3;24,19;75,23;19,81;5,9;Lettuce;AEROPONIC;5,657
21298,5;571,6;1623,7;23,84;63,93;19,6;6,05;Chinese Cabbage;AEROPONIC;4,31
17228,5;986,7;1228,0;20,64;75,28;16,78;6,55;Bok Choy;SOIL_BASED;3,81
13833,8;765,1;1587,0;28,49;71,72;23,62;5,83;Kale;AEROPONIC;6,218
14723,5;517,1;1184,4;27,6;65,12;23,78;6,33;Lettuce;AQUAPONIC;4,712
20539,9;911,7;1057,6;29,87;52,5;25,79;6,18;Lettuce;AQUAPONIC;4,918
9267,8;623,1;956,1;20,42;72,07;14,81;6,37;Chinese Cabbage;HYDROPONIC;4,624
12820,9;860,1;1259,2;24,24;77,14;19,9;5,96;Bok Choy;AEROPONIC;4,941
16367,8;709,4;1291,6;21,28;69,63;16,63;6,13;Bok Choy;SOIL_BASED;3,465
7301,4;856,3;1031,8;24,74;48,92;20,89;6,07;Chinese Cabbage;HYDROPONIC;4,247
14009,5;577,1;1043,7;24,32;77,69;20,41;6,57;Bok Choy;AQUAPONIC;5,059
12945,2;820,3;1585,7;22,34;71,38;19,47;5,99;Spinach;AEROPONIC;4,917
23140,7;664,4;1473,0;22,86;73,25;17,87;5,52;Kale;AQUAPONIC;5,468
14028,2;519,9;1756,0;29,35;67,32;25,45;6,34;Lettuce;HYDROPONIC;5,694
10890,1;866,5;859,6;23,12;51,58;19,11;6,29;Kale;AQUAPONIC;5,359
11401,2;753,6;1724,1;17,33;72,93;12,1;6,28;Lettuce;AEROPONIC;5,752
5075,5;690,2;1075,3;22,0;66,13;16,84;6,09;Spinach;AEROPONIC;5,027
20400,7;702,3;938,0;20,43;61,79;16,71;6,78;Bok Choy;HYDROPONIC;5,196
14879,5;874,8;1345,1;20,92;82,82;17,04;6,16;Chinese Cabbage;AEROPONIC;4,393
13890,0;783,7;796,5;25,49;73,0;22,85;6,39;Spinach;AQUAPONIC;4,446
17791,9;864,4;1561,7;25,99;69,86;21,35;6,22;Kale;AQUAPONIC;5,115
16419,6;780,6;1324,7;21,14;60,67;16,48;5,63;Chinese Cabbage;SOIL_BASED;2,939
14556,2;922,4;1097,1;21,96;59,6;18,31;6,81;Bok Choy;SOIL_BASED;3,924
10993,5;577,0;1540,6;21,55;72,27;17,07;6,49;Spinach;SOIL_BASED;3,055
12604,0;568,3;1244,8;27,75;51,04;22,9;6,21;Chinese Cabbage;AQUAPONIC;3,692
14936,0;855,5;1289,2;26,08;72,68;22,66;5,86;Spinach;AQUAPONIC;4,309
16841,8;924,4;1443,1;25,4;73,21;21,36;6,73;Spinach;HYDROPONIC;4,537
9837,4;850,7;1116,0;20,61;79,69;16,24;5,55;Bok Choy;SOIL_BASED;4,053
14199,4;942,8;1005,6;18,71;76,35;14,1;6,01;Lettuce;AQUAPONIC;5,283
19025,6;913,8;1246,1;26,95;77,69;22,28;6,33;Chinese Cabbage;HYDROPONIC;4,176
10161,3;822,3;928,6;28,87;62,92;24,92;6,68;Bok Choy;AQUAPONIC;4,221
17104,7;501,5;1168,1;18,58;55,54;14,99;6,21;Spinach;HYDROPONIC;4,787
9950,0;762,1;1019,6;29,78;69,49;26,91;5,98;Bok Choy;SOIL_BASED;3,33
12637,7;721,9;1198,9;23,2;71,77;19,23;5,78;Lettuce;SOIL_BASED;4,324
7569,9;856,9;1046,8;23,97;76,6;19,27;6,13;Chinese Cabbage;SOIL_BASED;3,29
15555,6;863,7;1191,3;19,81;80,64;14,13;6,06;Lettuce;AQUAPONIC;4,983
11805,4;555,9;1547,2;18,53;58,1;13,6;5,82;Kale;AQUAPONIC;5,384
7511,0;596,6;1087,0;17,16;75,28;12,85;6,51;Chinese Cabbage;HYDROPONIC;4,254
14984,1;431,7;1379,9;26,39;48,93;22,19;6,07;Lettuce;AEROPONIC;5,746
18210,0;1021,4;809,7;23,27;70,34;19,53;5,95;Spinach;AEROPONIC;4,381
15932,4;859,3;1194,2;24,79;73,95;21,57;5,85;Chinese Cabbage;SOIL_BASED;3,294
15760,0;716,3;1065,5;26,67;55,02;21,76;5,83;Chinese Cabbage;AEROPONIC;4,362
17245,4;811,6;1295,0;23,23;73,3;18,05;6,53;Bok Choy;SOIL_BASED;3,737
11983,1;832,3;1136,3;28,23;58,95;24,97;6,49;Spinach;HYDROPONIC;4,609
14883,4;885,8;1504,8;21,19;64,65;15,98;6,43;Kale;AEROPONIC;6,254
22195,8;492,8;1187,9;22,33;75,31;17,92;6,31;Lettuce;AEROPONIC;5,945
15014,4;659,0;1572,5;20,97;65,3;16,11;6,3;Bok Choy;SOIL_BASED;3,58
11575,2;813,1;736,0;25,84;65,17;20,2;6,57;Lettuce;HYDROPONIC;5,211
15722,3;785,3;1290,5;26,62;70,71;23,42;5,85;Kale;AEROPONIC;6,123
13168,0;862,3;1314,9;22,23;74,78;18,84;5,64;Kale;AEROPONIC;6,59
14368,8;588,4;1037,0;19,6;67,99;15,56;6,72;Chinese Cabbage;AEROPONIC;4,111
17105,2;737,7;1280,3;26,95;81,44;23,42;5,83;Kale;HYDROPONIC;5,608
12614,6;769,5;1405,4;21,03;65,15;17,38;6,73;Lettuce;HYDROPONIC;5,522
4504,3;869,6;1562,6;22,37;78,48;17,44;6,2;Spinach;AEROPONIC;4,679
13893,8;819,5;1205,8;20,49;72,5;16,13;5,92;Spinach;SOIL_BASED;3,746
16224,1;648,0;1165,8;24,3;73,71;19,89;5,87;Chinese Cabbage;SOIL_BASED;3,215
20617,7;940,4;1123,6;21,34;58,13;17,05;6,15;Lettuce;AEROPONIC;5,673
18247,4;702,0;1292,9;25,46;78,34;21,71;5,86;Lettuce;HYDROPONIC;5,31
13334,3;641,6;1036,7;21,93;69,02;17,53;6,12;Kale;AEROPONIC;5,966
16179,3;796,0;1475,1;25,01;87,65;20,9;6,3;Lettuce;HYDROPONIC;5,596
13639,6;660,0;858,1;20,91;70,19;15,96;6,31;Bok Choy;AEROPONIC;5,036
17598,0;934,0;1263,2;26,93;67,83;22,17;5,6;Kale;HYDROPONIC;5,512
13945,0;982,7;921,3;22,1;63,63;17,51;6,39;Bok Choy;AQUAPONIC;4,625
17139,8;712,5;1267,5;23,75;68,04;19,5;6,77;Chinese Cabbage;SOIL_BASED;3,37
20339,2;645,8;1490,2;20,17;80,0;16,28;6,52;Spinach;AQUAPONIC;3,833
23415,2;868,2;1328,1;23,45;74,65;20,17;5,94;Chinese Cabbage;SOIL_BASED;3,056
9281,6;790,0;1123,3;20,28;70,51;13,68;6,21;Spinach;HYDROPONIC;4,877
8220,1;680,7;1466,3;23,38;75,27;19,17;6,1;Chinese Cabbage;AQUAPONIC;4,03
11221,7;732,2;568,8;20,81;64,24;16,02;5,8;Lettuce;SOIL_BASED;3,962
14301,2;767,7;1262,5;23,07;63,59;18,15;5,83;Bok Choy;AEROPONIC;5,408
12653,0;552,0;1063,7;24,8;62,67;20,56;6,04;Spinach;HYDROPONIC;4,782
18870,5;910,2;1408,5;19,66;76,4;15,54;5,83;Kale;HYDROPONIC;6,118
11727,7;646,8;622,0;23,38;77,25;19,62;6,36;Bok Choy;AEROPONIC;4,981
10603,0;709,8;1159,0;24,64;61,21;21,69;5,91;Kale;AEROPONIC;6,422
19180,2;792,5;1112,8;24,63;62,26;18,95;5,83;Bok Choy;SOIL_BASED;3,701
16403,2;925,9;1515,1;28,87;66,85;25,05;6,11;Bok Choy;HYDROPONIC;4,844
15540,9;1049,5;1074,0;21,42;59,3;18,03;6,62;Chinese Cabbage;SOIL_BASED;3,2
10603,0;739,7;1222,3;23,49;70,0;18,08;5,72;Spinach;AEROPONIC;4,773
18252,5;919,4;1298,5;28,39;80,21;24,36;5,27;Spinach;HYDROPONIC;4,596
13695,7;702,0;1273,9;19,65;71,13;15,32;6,02;Bok Choy;AEROPONIC;4,809
14973,9;860,8;1268,6;17,07;76,73;13,2;6,27;Lettuce;SOIL_BASED;3,977
15692,6;699,2;1296,0;25,0;56,77;21,98;5,75;Lettuce;SOIL_BASED;4,232
19351,8;538,1;1279,9;26,42;63,72;22,18;6,18;Kale;SOIL_BASED;4,381
16054,2;918,5;1897,9;17,59;51,88;13,4;6,03;Kale;HYDROPONIC;5,501
12102,4;677,2;813,9;22,6;67,47;18,7;6,11;Chinese Cabbage;AEROPONIC;4,453
14477,4;813,1;1074,3;20,65;86,55;15,59;6,2;Bok Choy;AEROPONIC;5,074
16876,7;544,1;1267,8;24,37;83,05;19,58;6,23;Kale;SOIL_BASED;4,38
20445,6;587,1;1569,4;23,41;71,28;18,05;5,83;Kale;SOIL_BASED;4,496
13079,2;512,9;1528,0;27,17;68,69;23,74;6,6;Bok Choy;SOIL_BASED;3,516
12774,6;828,0;1549,8;19,73;72,08;15,04;6,24;Chinese Cabbage;SOIL_BASED;3,037
17168,2;639,2;1270,8;24,58;57,98;18,73;6,28;Kale;AQUAPONIC;5,456
11408,0;986,8;1602,7;25,24;70,07;20,51;6,97;Chinese Cabbage;AQUAPONIC;3,991
12289,7;557,7;1124,2;23,64;49,77;18,91;6,75;Spinach;AQUAPONIC;4,307
14589,8;807,4;1518,1;17,88;46,27;13,62;6,17;Chinese Cabbage;SOIL_BASED;2,871
16029,5;484,1;1329,2;24,66;65,06;19,84;6,04;Lettuce;SOIL_BASED;4,103
18065,7;1089,1;1333,8;21,45;88,18;17,94;6,18;Lettuce;AEROPONIC;5,645
15074,7;601,9;936,5;18,62;82,16;14,91;5,54;Chinese Cabbage;HYDROPONIC;4,306
14806,3;871,2;819,7;24,53;77,73;21,01;6,48;Lettuce;AEROPONIC;5,967
16504,4;699,8;1204,4;25,65;68,15;21,77;5,79;Spinach;AQUAPONIC;4,357
9135,3;882,6;1255,8;21,78;81,25;17,61;6,15;Bok Choy;AEROPONIC;4,949
14777,6;625,6;988,5;25,83;63,65;20,39;6,48;Lettuce;SOIL_BASED;4,283
20146,1;797,6;1520,7;25,86;57,94;20,73;6,18;Lettuce;AQUAPONIC;5,12
17239,0;691,5;1065,9;23,45;63,15;20,06;5,76;Chinese Cabbage;AQUAPONIC;4,155
14411,0;1167,4;1429,6;25,17;54,34;21,69;5,66;Spinach;HYDROPONIC;4,709
17074,7;639,6;1203,5;26,23;87,26;22,48;5,94;Bok Choy;HYDROPONIC;4,646
10182,1;620,0;1483,2;24,97;72,62;21,26;5,98;Chinese Cabbage;AQUAPONIC;4,039
16017,0;1005,2;968,6;17,1;60,6;12,0;6,18;Chinese Cabbage;AQUAPONIC;3,947
14380,1;884,0;862,7;16,44;67,33;12,0;5,9;Spinach;AEROPONIC;4,945
14861,4;660,2;1420,2;26,48;67,06;23,25;5,89;Bok Choy;AQUAPONIC;4,735
13208,1;793,4;1501,8;21,57;80,2;17,15;5,32;Spinach;SOIL_BASED;3,343
19413,1;798,1;1361,8;22,11;87,02;18,13;6,54;Bok Choy;AEROPONIC;5,141
12770,0;817,4;1050,3;28,79;77,22;26,2;5,78;Spinach;SOIL_BASED;3,423
10773,5;888,3;1455,9;21,45;74,31;17,79;6,53;Chinese Cabbage;SOIL_BASED;2,844
9318,2;614,2;1427,8;23,11;70,72;19,01;6,57;Chinese Cabbage;SOIL_BASED;3,185
6961,3;815,4;983,2;23,53;68,98;20,23;6,27;Kale;AQUAPONIC;5,598
15264,9;730,7;1396,7;22,9;68,78;19,11;6,65;Lettuce;HYDROPONIC;5,531
11756,9;411,5;1317,1;27,26;68,97;22,48;6,04;Spinach;HYDROPONIC;4,908
9941,2;702,4;1307,2;22,45;66,32;18,15;5,77;Kale;SOIL_BASED;4,657
13577,5;702,3;920,4;25,51;64,19;20,61;5,68;Lettuce;AQUAPONIC;5,139
16892,0;900,8;1493,9;23,7;58,99;20,38;5,61;Spinach;AEROPONIC;4,629
14153,9;961,1;1138,9;26,21;66,0;23,07;5,93;Bok Choy;SOIL_BASED;3,619
14968,7;868,7;1111,5;19,66;56,85;15,05;5,94;Lettuce;AEROPONIC;5,775
18600,8;472,1;1398,3;17,19;63,21;12,38;6,28;Chinese Cabbage;AEROPONIC;4,581
17382,4;1082,1;1223,2;23,58;67,06;21,09;6,09;Kale;AQUAPONIC;5,539
14890,1;939,0;906,7;21,13;70,21;17,34;6,06;Lettuce;AQUAPONIC;5,164
11052,9;767,7;1677,7;27,6;70,06;22,38;6,22;Lettuce;HYDROPONIC;5,626
12585,5;802,2;1339,3;23,27;72,2;19,07;5,62;Chinese Cabbage;HYDROPONIC;4,587
14600,3;850,4;1274,7;24,12;71,48;20,84;6,42;Spinach;AQUAPONIC;4,237
17011,6;795,8;1271,9;22,64;83,24;19,68;5,61;Bok Choy;SOIL_BASED;4,141
15693,1;902,0;1284,0;21,68;82,09;17,05;6,16;Chinese Cabbage;HYDROPONIC;4,18
12336,2;988,5;1305,1;23,66;64,73;19,18;5,54;Bok Choy;AEROPONIC;5,394
15903,3;502,5;1576,6;26,34;75,81;20,7;7,14;Spinach;SOIL_BASED;3,508
20470,2;726,9;1691,0;22,62;66,51;19,55;6,26;Lettuce;AEROPONIC;5,494
15521,6;836,1;1204,7;22,43;53,79;18,94;6,28;Bok Choy;AQUAPONIC;4,455
16656,9;594,3;1455,9;25,75;73,65;20,82;5,89;Kale;AEROPONIC;6,259
13287,3;1088,4;1443,0;18,78;63,51;15,13;6,05;Kale;SOIL_BASED;4,337
13828,5;392,4;1459,3;26,83;62,23;24,09;6,04;Chinese Cabbage;AQUAPONIC;4,092
8594,1;678,8;1610,6;21,24;63,04;17,05;5,81;Spinach;SOIL_BASED;3,035
14978,6;877,4;1501,5;26,14;61,59;22,64;7,16;Chinese Cabbage;AEROPONIC;4,112
4844,2;1104,9;1388,5;24,32;83,58;19,4;5,57;Chinese Cabbage;SOIL_BASED;3,158
9170,0;824,9;1115,0;17,66;57,76;13,87;5,98;Chinese Cabbage;AQUAPONIC;3,786
15675,5;867,2;1358,9;23,53;66,69;18,95;6,31;Kale;AEROPONIC;6,159
11039,5;697,7;1008,1;27,18;53,65;22,32;6,02;Kale;AEROPONIC;6,248
7565,5;1069,8;1399,9;22,65;61,78;18,26;6,49;Chinese Cabbage;HYDROPONIC;4,282
14739,0;1026,9;1363,0;22,91;56,83;16,31;6,07;Kale;HYDROPONIC;5,856
9108,7;901,5;907,8;21,35;72,39;16,94;6,67;Spinach;SOIL_BASED;3,836
18180,1;419,8;1158,0;26,85;55,05;21,28;5,54;Chinese Cabbage;HYDROPONIC;3,972
16156,4;797,9;1087,2;22,2;80,16;18,75;5,71;Kale;HYDROPONIC;5,99
20896,4;687,4;1462,7;28,52;56,83;24,29;5,82;Bok Choy;HYDROPONIC;4,917
15869,3;780,8;1203,5;26,73;59,17;21,62;6,75;Chinese Cabbage;HYDROPONIC;4,255
21103,1;711,7;910,0;27,23;73,73;23,1;5,71;Chinese Cabbage;AQUAPONIC;3,976
11117,2;839,5;1395,9;23,72;83,97;19,2;6,78;Spinach;AQUAPONIC;4,157
12382,8;688,8;1333,7;22,14;64,29;16,91;5,54;Lettuce;HYDROPONIC;5,487
15523,6;743,0;1312,4;24,84;73,05;20,38;5,67;Lettuce;SOIL_BASED;3,987
14060,0;720,4;993,4;27,85;59,12;24,82;6,13;Spinach;AQUAPONIC;4,036
15008,2;837,5;1432,8;28,47;63,66;24,16;6,15;Spinach;HYDROPONIC;4,671
14395,9;565,2;1250,6;18,3;67,08;13,54;6,59;Spinach;AQUAPONIC;4,0
13775,3;523,1;1235,0;31,07;60,96;26,62;6,56;Lettuce;AEROPONIC;5,296
11219,0;899,1;952,9;24,21;77,69;20,42;6,02;Spinach;AQUAPONIC;3,958
11933,8;719,3;962,3;25,68;74,82;22,34;5,98;Kale;AQUAPONIC;5,362
11372,5;888,6;2345,9;20,99;63,48;17,34;6,08;Chinese Cabbage;SOIL_BASED;3,018
11064,1;901,1;980,2;20,8;47,16;16,01;6,02;Chinese Cabbage;AQUAPONIC;3,638
14729,5;686,1;732,1;19,47;61,83;15,16;6,43;Bok Choy;SOIL_BASED;3,548
11991,1;696,8;1179,8;28,27;78,7;24,07;5,92;Bok Choy;AEROPONIC;5,029
12664,0;688,9;1230,5;21,57;66,94;17,06;6,51;Chinese Cabbage;HYDROPONIC;4,703
19400,8;577,2;1041,6;23,24;76,7;19,19;6,34;Kale;SOIL_BASED;4,286
16174,0;539,9;1066,3;22,66;82,04;17,64;6,19;Lettuce;AQUAPONIC;5,364
17332,2;759,6;1249,1;20,64;73,16;17,32;5,67;Lettuce;AQUAPONIC;5,206
18426,7;586,9;1374,8;22,94;77,61;18,16;5,06;Kale;SOIL_BASED;4,451
20252,3;754,2;916,0;23,75;63,16;18,55;5,96;Lettuce;AEROPONIC;5,827
14458,0;646,8;1177,1;27,0;77,89;21,12;6,09;Spinach;HYDROPONIC;5,01
15458,4;651,4;1279,5;20,53;66,2;15,93;6,17;Chinese Cabbage;AQUAPONIC;4,325
12694,0;734,2;1217,9;21,87;61,48;18,79;6,19;Chinese Cabbage;AEROPONIC;4,526
11563,7;1030,8;1101,5;25,04;85,97;18,51;6,22;Kale;HYDROPONIC;5,851
9283,1;1006,5;1013,5;23,63;67,83;18,04;6,3;Lettuce;HYDROPONIC;5,333
10953,7;934,1;1729,7;23,68;61,94;18,02;5,93;Bok Choy;AQUAPONIC;4,499
12664,4;792,0;672,4;20,78;71,61;16,92;5,7;Bok Choy;SOIL_BASED;3,881
15199,2;514,8;1546,6;25,68;58,77;21,29;5,86;Lettuce;AQUAPONIC;5,298
10504,9;948,1;982,9;27,46;57,33;23,25;6,25;Bok Choy;AQUAPONIC;4,481
11097,3;680,7;1342,5;27,2;66,22;23,25;5,99;Kale;AQUAPONIC;5,161
7176,7;1008,5;1300,3;22,96;55,76;19,49;5,91;Kale;AEROPONIC;6,109
12095,5;672,2;1009,7;16,27;63,97;12,0;6,55;Lettuce;SOIL_BASED;3,71
14718,5;970,3;1230,0;24,15;56,85;18,84;6,31;Bok Choy;AEROPONIC;5,004
14683,0;891,0;1176,7;23,78;76,33;18,59;6,21;Kale;AQUAPONIC;5,405
13372,2;469,1;1287,2;20,65;82,32;16,98;6,88;Kale;SOIL_BASED;4,439
13625,3;916,6;1613,3;21,2;56,19;17,51;6,32;Spinach;HYDROPONIC;4,828
14519,2;791,7;1650,0;20,71;86,12;15,85;6,67;Spinach;SOIL_BASED;3,422
18858,5;587,3;1080,5;24,27;74,46;19,27;5,32;Kale;AQUAPONIC;5,569
13243,5;720,4;1369,9;21,2;70,07;16,68;5,36;Lettuce;SOIL_BASED;4,378
14008,1;1126,4;1544,8;23,96;55,06;20,12;5,97;Chinese Cabbage;HYDROPONIC;4,155
9965,3;488,2;1167,4;30,15;54,05;24,99;6,09;Chinese Cabbage;HYDROPONIC;3,902
16146,6;789,8;1435,9;22,98;67,69;17,69;6,36;Kale;SOIL_BASED;4,557
14278,4;691,3;1898,8;20,25;66,53;15,44;6,02;Kale;HYDROPONIC;5,942
12644,2;866,3;983,5;19,43;65,49;15,66;6,18;Kale;AEROPONIC;6,188
10373,8;934,3;1404,4;24,42;68,41;20,79;6,12;Lettuce;SOIL_BASED;3,926
15719,7;816,9;1018,0;29,11;61,93;23,78;5,89;Spinach;HYDROPONIC;4,768
10681,4;920,6;1117,5;20,98;66,1;17,03;6,97;Kale;HYDROPONIC;6,09
16359,0;635,3;1156,3;17,47;67,96;13,49;6,42;Kale;SOIL_BASED;4,59
20770,3;762,3;1395,1;28,28;89,85;23,71;6,05;Bok Choy;AEROPONIC;4,816
18531,4;1026,9;1806,8;30,55;48,71;26,65;6,0;Lettuce;SOIL_BASED;3,804
14605,7;685,4;1124,8;25,62;71,19;20,65;7,5;Kale;HYDROPONIC;5,92
16684,8;652,6;1542,3;24,71;68,72;20,41;5,82;Bok Choy;SOIL_BASED;3,435
12067,5;699,8;1045,5;23,69;68,17;19,89;5,99;Chinese Cabbage;HYDROPONIC;4,211
9901,7;858,4;1165,8;25,41;71,11;21,09;6,28;Kale;AQUAPONIC;5,535
14964,9;780,2;1621,3;25,28;84,86;21,71;5,59;Kale;SOIL_BASED;4,144
12398,6;881,5;1528,8;24,29;70,94;20,53;6,42;Bok Choy;SOIL_BASED;3,564
9698,2;668,2;1172,9;20,83;55,3;16,97;6,1;Lettuce;HYDROPONIC;5,65
8514,3;560,6;1122,5;24,28;71,05;19,24;6,34;Kale;HYDROPONIC;6,163
13450,2;682,2;1401,8;23,22;66,64;18,5;5,96;Chinese Cabbage;HYDROPONIC;4,249
17975,9;574,1;1109,9;21,25;62,76;18,04;6,54;Kale;HYDROPONIC;6,356
13951,2;806,2;1155,2;24,27;69,59;20,25;5,96;Chinese Cabbage;SOIL_BASED;3,375
13786,2;750,0;1175,6;22,14;67,0;18,74;6,06;Spinach;HYDROPONIC;4,232
14315,5;793,2;1233,6;23,69;66,07;20,02;6,9;Spinach;SOIL_BASED;3,553
11155,9;818,6;1128,3;24,78;67,13;20,88;5,87;Chinese Cabbage;AEROPONIC;4,745
12960,4;695,3;855,0;25,17;58,01;20,65;6,02;Lettuce;SOIL_BASED;3,851
18887,0;876,2;1683,5;22,21;74,09;17,7;6,0;Kale;HYDROPONIC;6,105
19846,1;804,8;1493,4;24,76;66,83;21,59;6,08;Kale;HYDROPONIC;6,382
18153,4;694,8;1257,3;25,41;70,25;22,19;6,44;Spinach;AEROPONIC;4,846
17195,4;839,8;1088,0;26,23;60,64;22,35;5,95;Chinese Cabbage;SOIL_BASED;3,167
19916,7;836,8;1592,8;24,35;58,49;19,86;5,95;Kale;AEROPONIC;5,798
10691,2;1108,4;1401,6;25,19;64,84;20,97;6,78;Kale;SOIL_BASED;4,458
24030,9;868,1;1111,3;22,32;67,75;19,63;6,23;Lettuce;HYDROPONIC;5,834
7301,6;937,0;1411,9;30,72;64,51;26,04;6,03;Bok Choy;SOIL_BASED;3,679
13362,7;717,4;1301,0;23,32;68,73;20,38;6,4;Spinach;HYDROPONIC;4,382
2358,8;646,0;1314,9;26,64;49,7;21,96;6,28;Spinach;HYDROPONIC;4,773
17133,1;864,3;1504,1;22,14;85,03;17,3;6,03;Bok Choy;AQUAPONIC;4,585
10415,1;672,3;1410,3;24,55;61,49;18,75;6,56;Kale;AQUAPONIC;5,592
10790,5;711,8;1502,0;24,44;58,15;19,77;5,05;Lettuce;SOIL_BASED;4,207
19300,1;571,3;1756,5;24,98;77,72;19,02;6,68;Lettuce;HYDROPONIC;5,53
13645,8;784,0;1431,7;21,13;58,12;15,33;5,99;Spinach;AEROPONIC;4,805
16733,5;740,2;1891,4;24,59;69,72;20,41;6,26;Lettuce;HYDROPONIC;5,847
12868,6;740,0;1590,5;22,15;58,11;18,05;6,06;Bok Choy;AEROPONIC;4,812
11175,9;896,6;1216,1;25,79;65,42;19,93;5,99;Kale;SOIL_BASED;4,661
17626,6;691,7;886,4;21,04;65,52;15,8;5,38;Bok Choy;SOIL_BASED;3,866
15099,7;791,6;1593,1;24,36;61,62;18,62;6,61;Chinese Cabbage;AEROPONIC;4,36
15248,1;702,6;944,1;23,42;75,44;19,16;5,97;Spinach;AEROPONIC;4,526
12416,0;587,0;1320,4;28,69;80,05;25,28;6,54;Lettuce;HYDROPONIC;5,45
13927,4;812,4;1467,8;26,63;61,49;22,72;6,61;Chinese Cabbage;SOIL_BASED;3,153
12408,5;844,5;1001,1;27,34;69,11;23,09;6,92;Lettuce;HYDROPONIC;5,31
17158,7;894,5;1116,2;21,34;56,78;17,51;5,98;Kale;AEROPONIC;5,728
14610,1;847,8;1003,3;22,43;68,9;19,5;6,42;Kale;AQUAPONIC;5,394
16679,4;712,7;1816,8;23,49;74,98;19,3;6,26;Kale;AQUAPONIC;5,115
13387,4;1050,3;1471,0;26,7;68,96;22,17;6,44;Lettuce;AQUAPONIC;5,047
20770,3;777,8;1091,9;24,55;63,18;21,49;5,87;Chinese Cabbage;AEROPONIC;4,467
14271,1;788,2;879,6;21,4;65,82;16,81;5,96;Kale;HYDROPONIC;5,996
15741,3;614,4;1053,4;21,52;63,91;17,58;6,1;Chinese Cabbage;SOIL_BASED;3,15
16534,0;684,4;1116,7;26,84;66,21;22,24;6,19;Lettuce;AEROPONIC;5,968
11574,8;951,2;1135,7;24,64;62,45;19,02;6,01;Chinese Cabbage;AQUAPONIC;3,747
13287,9;852,5;1485,9;23,65;69,47;20,37;5,75;Lettuce;HYDROPONIC;5,682
16488,1;617,3;913,2;23,41;57,8;20,68;5,7;Lettuce;SOIL_BASED;4,006
9117,9;611,3;1562,7;26,01;44,3;21,54;6,44;Spinach;SOIL_BASED;3,394
16003,4;862,2;810,3;20,55;77,06;16,61;6,53;Lettuce;AEROPONIC;5,675
9583,5;699,6;1260,5;23,65;67,5;19,0;6,74;Lettuce;AEROPONIC;6,011
9281,8;1004,9;1099,0;23,81;69,01;20,16;5,96;Bok Choy;SOIL_BASED;3,696
10648,7;1247,3;1538,6;20,01;61,63;15,18;5,65;Kale;SOIL_BASED;4,279
16138,7;805,1;1654,5;22,92;64,34;19,36;6,26;Spinach;AQUAPONIC;4,091
23771,2;881,3;1490,3;29,9;58,94;25,76;6,0;Spinach;SOIL_BASED;3,064
10047,8;876,0;1395,1;21,16;78,01;16,56;6,05;Spinach;AEROPONIC;4,863
14735,2;717,6;1210,2;23,85;63,73;19,68;5,93;Bok Choy;HYDROPONIC;4,951
17948,9;666,1;1628,7;17,68;54,87;12,63;6,16;Lettuce;AQUAPONIC;5,03
16294,6;514,2;1019,8;23,11;73,74;17,91;6,19;Kale;AQUAPONIC;5,712
12122,7;894,5;1396,3;20,49;77,65;15,71;6,74;Chinese Cabbage;SOIL_BASED;3,465
16904,5;743,0;1562,0;22,51;66,45;17,74;6,88;Lettuce;HYDROPONIC;5,673
12699,5;631,5;1518,2;24,69;80,83;20,45;5,61;Bok Choy;AQUAPONIC;4,257
14014,6;709,5;1417,5;20,35;70,5;17,03;6,59;Lettuce;AEROPONIC;5,661
11386,1;724,4;1410,4;24,17;66,94;18,99;6,79;Lettuce;SOIL_BASED;3,949
18282,8;622,3;1512,0;21,32;67,22;18,85;6,44;Bok Choy;AEROPONIC;4,84
15531,0;625,7;1245,5;19,76;72,24;17,4;6,63;Spinach;SOIL_BASED;3,84
13479,1;806,2;1650,9;26,25;77,16;22,02;6,59;Spinach;AQUAPONIC;3,932
15653,5;654,7;1814,8;20,81;72,42;17,08;6,07;Kale;SOIL_BASED;4,072
14820,1;645,3;799,4;22,31;70,22;18,09;6,13;Kale;HYDROPONIC;5,775
15579,3;703,4;1177,6;21,9;68,6;18,3;6,22;Spinach;AEROPONIC;5,102
17203,4;458,2;989,9;24,11;73,96;19,47;6,13;Chinese Cabbage;HYDROPONIC;4,468
15603,4;553,9;1110,3;23,59;62,58;19,77;6,8;Lettuce;AEROPONIC;5,501
11630,8;630,9;1312,2;23,04;55,18;18,99;6,49;Chinese Cabbage;AEROPONIC;4,279
8418,4;1010,8;1402,5;21,52;69,58;17,63;5,99;Lettuce;SOIL_BASED;4,087
17161,1;910,2;1237,1;22,76;59,4;17,2;6,33;Spinach;AQUAPONIC;4,089
12534,7;784,1;1445,3;24,32;55,31;21,34;5,73;Kale;AQUAPONIC;5,553
18409,8;903,3;1088,5;23,83;81,76;18,45;6,25;Kale;HYDROPONIC;5,471
9354,0;905,3;1174,8;26,64;40,0;23,27;5,9;Chinese Cabbage;SOIL_BASED;2,951
11262,7;560,0;1447,9;25,64;73,31;22,5;6,31;Kale;AQUAPONIC;5,587
14068,6;572,5;1194,0;26,6;58,86;22,92;5,57;Spinach;AEROPONIC;4,923
14880,4;682,0;944,9;27,29;61,18;23,48;6,32;Chinese Cabbage;AEROPONIC;4,345
17823,0;751,2;1860,3;24,02;71,67;19,43;6,24;Lettuce;SOIL_BASED;4,34
18164,0;549,0;1523,9;25,89;87,79;22,64;5,96;Kale;HYDROPONIC;5,518
14324,4;861,1;1322,4;24,44;73,96;20,84;6,21;Bok Choy;SOIL_BASED;3,368
17136,6;818,2;1512,0;27,21;59,33;22,04;6,35;Kale;HYDROPONIC;6,301
8053,8;929,8;1388,5;18,59;67,61;14,5;5,9;Lettuce;SOIL_BASED;4,063
13338,8;679,7;867,1;22,62;65,55;19,28;6,11;Chinese Cabbage;AEROPONIC;4,696
17325,3;636,4;1319,8;24,65;50,38;19,34;5,96;Lettuce;SOIL_BASED;3,815
14749,5;1094,4;1091,9;25,1;68,49;21,35;5,94;Bok Choy;AQUAPONIC;4,461
19596,8;673,2;1309,4;23,45;62,28;20,21;6,28;Spinach;AQUAPONIC;4,723
11217,8;676,9;1385,1;18,84;74,28;15,78;5,99;Kale;SOIL_BASED;4,433
17625,1;685,9;1527,5;23,0;65,38;18,73;5,98;Chinese Cabbage;HYDROPONIC;4,477
12794,4;889,7;1023,7;25,79;81,15;20,9;6,0;Spinach;HYDROPONIC;4,618
16231,1;892,2;1033,2;22,62;71,0;19,47;6,03;Lettuce;AEROPONIC;5,687
11465,1;729,0;1156,7;23,76;69,81;19,83;5,89;Chinese Cabbage;AEROPONIC;4,728
15006,6;937,2;1660,7;28,87;84,7;23,28;5,98;Spinach;HYDROPONIC;4,407
17561,4;1125,7;1185,5;22,98;70,55;18,97;6,09;Chinese Cabbage;SOIL_BASED;3,143
17216,5;685,1;1419,1;23,06;81,97;18,51;6,05;Bok Choy;AEROPONIC;5,089
14922,9;507,8;1265,5;24,04;58,39;19,92;5,79;Bok Choy;HYDROPONIC;4,962
17371,1;747,3;1177,2;24,17;50,85;18,95;6,51;Kale;HYDROPONIC;5,701
16752,5;825,0;1315,0;23,88;69,91;19,06;5,67;Kale;SOIL_BASED;4,243
13450,9;833,6;1485,9;24,6;78,2;20,0;5,83;Bok Choy;AQUAPONIC;4,446
15159,8;648,8;1455,2;20,17;58,25;16,59;6,67;Chinese Cabbage;HYDROPONIC;4,156
17589,3;742,5;965,7;23,16;64,27;16,86;6,25;Bok Choy;AEROPONIC;4,645
21019,0;843,3;1367,1;20,06;53,75;16,89;6,56;Kale;SOIL_BASED;4,559
16435,8;641,6;1703,9;23,66;67,73;19,19;6,1;Bok Choy;SOIL_BASED;3,67
10468,6;866,6;1359,3;25,19;67,9;20,77;5,81;Bok Choy;SOIL_BASED;3,54
15907,0;600,0;1574,0;23,11;73,18;18,83;6,07;Chinese Cabbage;AQUAPONIC;4,204
20956,0;882,7;1732,5;20,85;63,74;15,6;6,69;Spinach;AQUAPONIC;3,981
12230,4;735,4;1322,6;22,29;65,75;18,73;6,38;Kale;AEROPONIC;6,335
9917,9;1072,0;1263,9;28,54;73,34;24,14;6,13;Chinese Cabbage;AEROPONIC;4,389
16273,5;727,8;1391,8;27,56;69,83;23,83;5,7;Bok Choy;SOIL_BASED;3,539
14711,5;905,1;1614,7;21,98;71,44;17,31;6,35;Bok Choy;AEROPONIC;5,075
14805,1;768,2;1238,6;21,97;75,25;18,0;5,7;Spinach;HYDROPONIC;4,918
13802,9;932,2;981,9;23,2;74,23;19,39;5,82;Kale;AQUAPONIC;5,43
12570,6;980,6;1373,5;26,97;85,94;23,24;5,45;Kale;SOIL_BASED;4,255
12012,7;801,2;1521,4;18,6;71,78;16,06;6,06;Lettuce;SOIL_BASED;4,366
15518,0;784,0;1383,9;21,95;71,81;17,82;5,71;Kale;HYDROPONIC;6,024
17005,7;939,9;1394,1;24,65;65,41;21,26;5,56;Spinach;HYDROPONIC;4,665
13260,0;896,2;1270,0;24,33;68,53;21,63;6,7;Lettuce;HYDROPONIC;5,628
19087,3;534,4;1218,9;22,3;57,09;17,98;6,1;Lettuce;HYDROPONIC;5,675
14648,7;925,4;1610,4;22,79;62,74;19,7;5,91;Bok Choy;SOIL_BASED;3,441
17184,3;1046,9;816,2;24,43;77,59;18,88;6,22;Bok Choy;AQUAPONIC;4,656
13011,4;953,6;1303,8;22,35;54,82;18,96;6,08;Kale;AQUAPONIC;5,348
15020,8;718,3;1024,6;20,52;79,87;15,54;6,18;Lettuce;HYDROPONIC;5,624
15732,7;545,1;1271,5;22,98;65,45;17,62;6,39;Bok Choy;AEROPONIC;5,27
14132,9;646,5;1348,6;24,03;60,28;19,36;7,08;Spinach;SOIL_BASED;3,424
10425,9;887,8;1411,5;17,55;65,65;14,4;5,76;Bok Choy;AQUAPONIC;4,57
18950,4;512,7;1316,9;24,6;73,02;18,81;5,3;Bok Choy;HYDROPONIC;5,114
14021,6;960,4;1641,5;26,23;68,75;21,3;5,92;Lettuce;AEROPONIC;5,62
7460,0;1036,6;1307,5;22,5;84,24;17,67;6,35;Lettuce;AEROPONIC;5,613
12843,3;835,5;1004,0;22,55;71,7;19,0;6,16;Chinese Cabbage;HYDROPONIC;4,524
20072,8;924,8;1549,0;21,43;72,34;17,49;5,69;Spinach;SOIL_BASED;3,543
18719,0;731,7;1367,5;23,07;72,59;20,06;6,28;Lettuce;AQUAPONIC;5,002
15463,6;763,4;1030,5;21,94;69,18;18,79;5,61;Kale;AEROPONIC;6,252
17465,1;754,0;1470,0;27,55;65,92;22,22;6,06;Spinach;AQUAPONIC;4,072
19451,1;715,7;1134,8;23,85;68,87;19,06;5,97;Spinach;AQUAPONIC;4,366
14899,1;862,8;1523,2;17,49;69,95;13,81;5,8;Lettuce;AEROPONIC;5,471
18212,9;956,7;952,0;25,1;67,54;20,98;5,91;Spinach;HYDROPONIC;4,35
11718,7;679,2;1247,5;28,31;78,68;23,02;6,37;Lettuce;AEROPONIC;5,704
10770,3;765,9;1391,8;24,93;77,8;19,87;6,15;Bok Choy;AEROPONIC;5,518
14560,5;809,9;1002,7;26,83;57,94;23,45;5,77;Chinese Cabbage;SOIL_BASED;3,027
17089,1;740,9;1416,0;25,4;76,24;21,74;5,79;Bok Choy;AQUAPONIC;4,491
18909,7;770,7;1548,5;26,27;67,84;22,0;5,78;Lettuce;HYDROPONIC;5,663
14156,2;652,3;1227,1;26,14;65,41;21,26;5,6;Lettuce;AQUAPONIC;5,352
11607,8;781,4;1382,2;26,17;74,03;22,86;6,98;Bok Choy;AEROPONIC;5,207
22065,0;802,1;1073,2;24,39;70,42;21,2;5,33;Kale;HYDROPONIC;6,135
13834,5;745,0;2024,0;18,7;60,38;14,96;6,13;Kale;HYDROPONIC;5,791
10984,3;856,0;1281,6;20,45;74,86;17,5;5,59;Kale;HYDROPONIC;6,133
16527,7;752,8;1366,1;20,5;67,27;16,18;5,9;Lettuce;HYDROPONIC;5,566
25000,0;636,3;1210,3;16,43;74,72;13,52;6,47;Spinach;SOIL_BASED;3,525
14826,4;931,3;1108,2;22,28;67,88;16,68;6,37;Lettuce;HYDROPONIC;5,708
14771,2;896,8;1530,7;27,46;74,84;24,2;5,95;Spinach;AEROPONIC;4,527
17144,8;838,1;654,2;19,48;76,05;16,48;6,0;Bok Choy;SOIL_BASED;3,61
17780,0;1044,7;805,8;25,54;78,16;20,38;6,19;Chinese Cabbage;AEROPONIC;4,724
10393,6;505,9;1363,3;24,98;62,81;20,57;5,39;Spinach;AEROPONIC;4,988
19716,6;712,0;1184,4;24,14;83,53;20,54;5,7;Kale;AQUAPONIC;5,363
14082,6;583,5;1499,8;26,81;66,79;22,35;5,96;Lettuce;HYDROPONIC;5,915
14733,1;1050,0;1145,3;23,38;57,82;17,99;6,1;Bok Choy;HYDROPONIC;4,943
10542,5;964,9;845,4;27,76;69,55;23,26;5,93;Kale;AEROPONIC;6,026
13363,4;812,5;1262,7;22,94;66,48;17,95;6,2;Bok Choy;HYDROPONIC;5,054
19486,3;811,2;1210,3;24,46;63,04;21,43;6,48;Chinese Cabbage;SOIL_BASED;3,369
18513,1;616,2;998,6;23,1;68,44;18,54;6,24;Lettuce;AQUAPONIC;5,069
16106,1;806,5;1484,4;20,91;74,39;16,92;6,29;Lettuce;HYDROPONIC;5,591
5850,9;606,2;1372,8;19,73;70,85;15,32;5,73;Chinese Cabbage;HYDROPONIC;4,501
11988,4;1031,3;1023,7;25,11;79,34;21,06;5,43;Lettuce;SOIL_BASED;3,992
16025,2;876,5;881,4;27,27;66,97;24,12;6,26;Spinach;AQUAPONIC;4,311
12998,8;970,8;1372,3;24,18;71,61;19,8;6,38;Bok Choy;SOIL_BASED;3,594
16796,3;618,1;1031,4;24,94;70,12;19,99;6,34;Kale;AEROPONIC;6,267
17293,3;824,2;1030,6;19,15;83,81;15,36;6,13;Chinese Cabbage;AEROPONIC;4,085
19421,5;610,9;1251,6;24,58;59,37;19,4;6,52;Spinach;HYDROPONIC;4,509
8188,7;676,3;1292,3;17,68;63,2;13,63;5,59;Kale;AQUAPONIC;5,218
13210,2;984,9;1410,8;20,15;85,69;14,77;6,01;Kale;AEROPONIC;6,175
11812,8;759,9;1554,8;27,24;66,11;23,03;6,36;Chinese Cabbage;SOIL_BASED;3,258
12524,6;717,2;1159,4;23,54;54,63;18,9;5,33;Spinach;AEROPONIC;4,818
14221,0;842,8;1432,8;23,8;84,87;19,87;6,08;Kale;AEROPONIC;5,875
15357,7;1059,8;1234,7;25,05;59,75;20,7;5,83;Kale;SOIL_BASED;4,673
16797,8;857,7;1586,0;25,73;68,84;21,6;6,25;Spinach;HYDROPONIC;4,712
11796,5;898,6;1059,5;22,74;77,16;19,46;6,4;Lettuce;AQUAPONIC;5,345
13373,7;749,8;1416,3;24,32;75,66;19,69;6,37;Kale;HYDROPONIC;6,192
14941,1;757,2;1065,0;23,31;60,56;18,95;6,04;Bok Choy;SOIL_BASED;3,388
14747,2;454,8;1044,2;19,21;88,28;13,79;5,85;Spinach;AEROPONIC;4,623
12506,6;553,2;1161,3;22,51;72,48;18,9;5,88;Kale;AQUAPONIC;5,806
12342,3;1051,1;733,4;24,66;67,64;22,42;6,21;Chinese Cabbage;HYDROPONIC;4,269
13821,4;856,3;1536,5;22,42;59,52;16,96;6,32;Bok Choy;SOIL_BASED;3,67
9326,3;879,4;1053,0;22,45;72,09;18,86;6,55;Kale;AEROPONIC;6,307
9956,2;722,4;1160,2;25,69;80,76;21,42;5,76;Bok Choy;AEROPONIC;5,208
13858,0;790,8;1028,5;23,95;65,59;21,11;6,07;Bok Choy;HYDROPONIC;4,946
14761,3;864,4;1527,0;24,49;53,12;20,76;6,08;Lettuce;SOIL_BASED;3,868
18604,1;978,4;1349,4;18,95;62,01;14,41;6,07;Bok Choy;AEROPONIC;5,016
8887,5;950,6;1423,2;24,76;65,17;21,32;6,2;Lettuce;AEROPONIC;5,933
16038,9;770,9;1324,1;20,4;55,04;16,75;6,18;Spinach;AQUAPONIC;4,043
19428,4;897,6;1323,8;23,43;72,45;20,74;5,79;Lettuce;AEROPONIC;5,643
15496,6;795,1;1366,4;20,52;74,24;15,09;5,7;Chinese Cabbage;HYDROPONIC;4,282
12131,7;848,5;1526,8;26,11;61,92;22,81;6,3;Kale;SOIL_BASED;4,227
13305,3;945,3;981,7;28,62;75,17;25,53;5,75;Spinach;SOIL_BASED;3,403
20859,0;901,7;1131,6;23,09;60,22;20,87;6,45;Spinach;AQUAPONIC;4,708
18434,4;715,6;1006,6;23,06;56,68;19,6;5,81;Chinese Cabbage;SOIL_BASED;3,24
12248,5;875,4;1436,0;26,39;59,03;21,36;5,96;Lettuce;HYDROPONIC;5,489
11834,9;1067,7;1394,7;25,1;60,96;20,02;5,86;Kale;AEROPONIC;5,709
15919,0;564,1;1466,7;23,3;74,7;19,43;6,62;Lettuce;AQUAPONIC;5,154
16091,8;780,5;616,9;24,53;72,73;21,47;6,81;Bok Choy;SOIL_BASED;3,399
19445,1;635,3;1167,5;29,18;60,22;25,3;6,11;Lettuce;AQUAPONIC;5,15
13776,7;799,7;661,1;21,62;62,28;17,65;5,87;Spinach;AQUAPONIC;4,07
9257,6;889,5;1787,3;21,86;83,04;17,2;5,91;Kale;SOIL_BASED;4,106
13541,2;690,9;1313,0;25,73;74,96;21,44;6,42;Lettuce;AQUAPONIC;5,254
12815,5;645,6;1067,5;29,41;56,01;24,04;6,01;Kale;SOIL_BASED;4,09
5010,3;1006,5;1248,2;24,0;79,28;20,64;6,59;Kale;HYDROPONIC;5,925
13536,8;841,3;1275,3;18,71;87,18;15,56;6,06;Bok Choy;SOIL_BASED;3,36
17855,5;932,2;1794,0;24,59;67,78;20,55;6,56;Bok Choy;AEROPONIC;5,255
17119,5;907,5;1230,0;22,03;65,42;17,91;6,04;Spinach;SOIL_BASED;3,329
13363,2;652,5;1328,3;24,83;64,37;19,99;5,75;Chinese Cabbage;AEROPONIC;4,582
13008,5;928,7;1125,8;19,69;65,36;15,51;5,52;Kale;AQUAPONIC;5,145
12679,6;701,4;1828,5;19,37;74,53;15,35;6,3;Chinese Cabbage;SOIL_BASED;2,946
12605,6;678,9;1688,8;22,67;62,62;17,39;5,57;Spinach;AEROPONIC;4,991
17319,5;928,6;771,4;28,13;74,5;25,17;6,52;Kale;SOIL_BASED;4,333
19242,7;573,0;1502,0;19,66;68,0;13,67;5,71;Kale;SOIL_BASED;4,278
17137,5;619,4;1396,5;22,6;62,99;18,17;6,28;Chinese Cabbage;SOIL_BASED;3,305
11959,7;711,2;1078,3;19,4;71,04;16,73;6,71;Lettuce;HYDROPONIC;5,616
11643,5;537,5;1021,7;24,31;66,17;20,34;6,43;Bok Choy;AEROPONIC;5,222
19614,8;790,0;752,2;24,12;62,57;21,77;5,95;Lettuce;HYDROPONIC;5,378
14785,2;703,6;1447,1;19,51;67,76;15,95;7,03;Chinese Cabbage;HYDROPONIC;4,176
11931,0;818,6;926,6;27,11;67,87;23,42;6,65;Bok Choy;AEROPONIC;5,023
14822,9;1053,5;1360,6;18,12;63,94;12,05;6,47;Lettuce;SOIL_BASED;3,96
9814,8;604,4;997,0;27,91;61,07;23,84;6,09;Bok Choy;HYDROPONIC;4,822
10373,6;576,7;969,2;27,35;68,76;23,22;5,9;Kale;HYDROPONIC;5,979
12357,6;714,3;1293,1;24,36;69,76;21,06;7,0;Lettuce;HYDROPONIC;5,601
17633,1;657,8;1605,2;26,01;71,4;20,11;6,08;Bok Choy;SOIL_BASED;3,569
13496,8;779,2;1080,4;23,0;71,13;18,46;5,88;Bok Choy;HYDROPONIC;5,013
16939,2;1015,3;1264,6;19,19;79,22;15,7;6,03;Bok Choy;AQUAPONIC;4,885
15129,8;1040,0;1306,7;24,16;58,75;20,59;5,69;Lettuce;AEROPONIC;5,735
9676,4;705,8;1259,5;19,1;81,48;15,85;5,84;Spinach;AQUAPONIC;4,158
20012,1;644,3;1360,6;23,47;56,63;19,2;6,24;Lettuce;SOIL_BASED;4,119
10256,9;647,4;1284,2;20,04;78,61;16,47;6,2;Chinese Cabbage;HYDROPONIC;4,346
12451,3;831,2;827,2;26,23;72,26;22,47;6,25;Lettuce;AEROPONIC;5,834
12846,2;774,6;1619,2;24,56;63,61;19,46;5,66;Bok Choy;HYDROPONIC;5,124
17291,2;791,4;1382,7;25,4;47,43;21,91;6,29;Kale;SOIL_BASED;3,847
12318,7;702,1;1224,6;24,45;55,29;20,23;5,93;Lettuce;AEROPONIC;6,165
11448,5;804,2;1020,1;28,77;62,61;25,06;6,27;Lettuce;AQUAPONIC;5,098
17484,8;1063,0;1185,1;26,36;71,79;22,17;6,65;Bok Choy;AEROPONIC;5,257
13522,5;968,6;1507,2;28,27;63,46;24,19;6,59;Kale;HYDROPONIC;5,862
16725,9;1124,4;934,0;20,98;67,67;17,08;6,4;Kale;AEROPONIC;6,114
22948,7;795,6;1061,8;21,98;64,29;16,83;6,11;Chinese Cabbage;SOIL_BASED;3,265
12967,3;608,9;1257,8;16,71;69,43;12,0;6,12;Lettuce;SOIL_BASED;3,878
16040,3;474,6;862,1;22,4;56,24;19,58;5,89;Kale;AEROPONIC;6,115
10227,0;868,3;1027,6;23,4;65,76;21,29;6,38;Kale;SOIL_BASED;4,143
12454,2;572,0;1208,3;24,72;72,47;19,54;5,75;Spinach;SOIL_BASED;3,297
15559,1;1033,8;642,6;22,01;89,48;17,92;5,49;Spinach;SOIL_BASED;3,498
19520,5;781,9;1217,5;25,56;75,16;21,33;5,95;Kale;AQUAPONIC;5,591
9094,5;740,2;938,2;25,37;66,43;20,07;5,48;Chinese Cabbage;HYDROPONIC;4,354
15835,2;776,0;1587,6;22,17;62,57;18,7;5,8;Kale;SOIL_BASED;4,196
10508,9;816,0;1135,8;20,82;71,89;16,56;6,29;Bok Choy;AEROPONIC;5,383
13482,5;914,6;1472,0;23,68;60,88;19,48;5,3;Lettuce;SOIL_BASED;3,854
12515,7;769,0;1380,3;23,78;69,23;18,69;6,14;Chinese Cabbage;AQUAPONIC;3,804
11847,7;804,8;1074,9;21,8;70,69;17,57;6,31;Bok Choy;AEROPONIC;5,019
15116,3;857,5;1371,5;22,77;66,32;18,85;6,46;Chinese Cabbage;HYDROPONIC;4,36
10979,3;809,5;1722,1;19,53;76,26;15,83;5,81;Bok Choy;AEROPONIC;5,128
3138,2;559,3;1292,9;25,4;67,2;20,88;5,53;Lettuce;AEROPONIC;5,863
12971,3;708,3;1187,7;25,45;64,18;21,58;5,37;Lettuce;AEROPONIC;5,676
11664,6;939,9;1379,0;23,64;63,66;20,83;6,3;Spinach;AEROPONIC;5,025
12922,1;1031,5;1405,9;25,64;57,02;21,37;5,89;Bok Choy;SOIL_BASED;4,13
11674,8;1013,5;1183,9;23,87;55,92;21,79;5,88;Spinach;HYDROPONIC;4,206
16224,5;862,2;524,9;28,03;73,09;22,91;6,08;Bok Choy;SOIL_BASED;3,305
16488,9;720,2;1048,3;19,87;80,57;16,51;6,55;Spinach;AQUAPONIC;4,059
9934,7;980,2;940,9;24,07;86,26;19,52;5,21;Lettuce;AQUAPONIC;4,842
18622,4;731,6;1273,9;26,03;77,5;21,17;5,87;Chinese Cabbage;AEROPONIC;4,337
16789,9;711,7;1585,8;27,68;72,43;22,82;6,4;Spinach;SOIL_BASED;3,079
12848,3;845,2;1406,8;25,72;70,62;20,09;6,3;Bok Choy;SOIL_BASED;3,491
14009,1;429,5;1150,6;20,59;79,13;16,74;6,05;Bok Choy;HYDROPONIC;4,971
17781,2;785,4;1348,1;18,87;64,87;14,29;6,78;Lettuce;HYDROPONIC;5,66
12885,7;789,0;1274,9;23,02;83,31;18,81;6,17;Bok Choy;HYDROPONIC;4,619
17063,1;759,7;1415,3;24,51;67,66;20,32;5,57;Kale;SOIL_BASED;4,707
15508,1;758,0;1429,8;26,15;70,2;21,83;5,87;Chinese Cabbage;HYDROPONIC;3,954
17391,0;997,3;1618,6;20,43;68,21;16,95;6,7;Spinach;HYDROPONIC;4,347
16513,5;544,4;1243,8;25,21;77,56;20,49;6,16;Chinese Cabbage;HYDROPONIC;4,401
12352,4;843,3;812,6;16,0;67,9;12,14;6,36;Lettuce;AEROPONIC;5,899
14991,7;872,9;935,5;21,43;71,44;16,29;6,69;Spinach;AQUAPONIC;4,482
17388,4;1017,6;1284,5;25,91;57,64;21,69;7,02;Spinach;AQUAPONIC;4,147
17070,2;828,4;1210,1;20,16;66,35;15,81;5,63;Kale;SOIL_BASED;4,583
16770,1;855,1;1467,8;20,41;76,9;15,71;6,06;Lettuce;SOIL_BASED;4,045
13693,3;778,2;1549,7;22,03;60,82;18,16;6,16;Bok Choy;AEROPONIC;4,879
19586,5;825,8;1289,4;24,0;67,77;21,19;6,17;Kale;AQUAPONIC;5,164
15672,7;781,9;955,0;20,38;67,66;15,02;6,43;Kale;HYDROPONIC;6,214
20298,2;606,6;1426,1;23,41;63,03;18,2;6,52;Chinese Cabbage;HYDROPONIC;4,124
10367,1;823,2;1352,6;22,29;76,66;18,24;6,16;Chinese Cabbage;SOIL_BASED;2,998
13444,6;815,7;1445,0;26,74;72,21;22,99;6,1;Chinese Cabbage;AQUAPONIC;3,924
13895,8;695,9;1091,5;22,15;75,67;19,59;5,48;Kale;SOIL_BASED;4,132
17404,5;817,4;2055,0;23,58;76,94;19,05;5,94;Bok Choy;SOIL_BASED;3,718
11754,6;967,2;826,2;23,97;68,26;20,76;6,57;Spinach;HYDROPONIC;4,595
11725,5;736,1;1304,3;22,32;81,38;17,89;5,74;Chinese Cabbage;HYDROPONIC;4,345
17847,1;1030,9;1465,8;25,66;57,66;21,52;6,5;Bok Choy;AQUAPONIC;4,446
13970,7;996,2;1494,9;26,24;66,72;22,23;5,63;Lettuce;SOIL_BASED;4,265
16482,2;671,1;1282,5;22,13;69,27;18,11;6,3;Chinese Cabbage;AEROPONIC;4,379
11594,0;700,3;1441,5;24,32;53,22;20,1;6,21;Spinach;AQUAPONIC;4,351
16945,8;754,4;1515,3;20,9;80,03;17,97;5,8;Lettuce;SOIL_BASED;4,233
17468,1;595,4;1308,1;25,08;60,62;19,9;4,94;Lettuce;AQUAPONIC;5,09
18948,7;645,2;1339,4;24,15;68,58;20,4;6,14;Spinach;AQUAPONIC;4,5
10989,6;462,0;1446,7;22,48;74,42;18,54;6,08;Chinese Cabbage;AQUAPONIC;3,996
10312,8;872,9;1285,6;24,42;87,7;21,1;6,39;Kale;AEROPONIC;6,312
14174,6;887,3;1626,8;25,16;53,85;20,65;6,2;Spinach;AEROPONIC;4,475
18748,3;553,9;1539,3;26,95;73,07;22,62;5,68;Spinach;HYDROPONIC;4,476
11369,0;559,8;1200,4;24,61;65,65;22,1;5,64;Spinach;HYDROPONIC;4,699
10713,1;769,9;1093,2;25,99;73,51;21,26;6,91;Lettuce;SOIL_BASED;3,686
12755,6;792,2;1481,0;28,83;75,97;23,37;6,09;Bok Choy;AQUAPONIC;4,381
15148,9;962,4;1302,4;20,6;71,55;16,54;6,0;Kale;SOIL_BASED;4,332
14903,5;681,1;1125,8;26,78;68,67;23,94;5,99;Chinese Cabbage;HYDROPONIC;4,069
11392,8;683,4;1155,3;21,04;59,02;17,34;6,24;Chinese Cabbage;AEROPONIC;4,304
11936,2;796,4;1448,5;21,5;59,62;18,24;6,22;Bok Choy;HYDROPONIC;4,784
14175,1;952,2;1159,1;23,47;74,85;18,82;5,58;Spinach;SOIL_BASED;3,552
11888,4;999,3;1655,9;21,69;60,7;17,73;5,63;Kale;HYDROPONIC;6,017
10813,0;642,1;1020,6;21,22;71,62;16,89;6,7;Chinese Cabbage;SOIL_BASED;2,986
16353,5;941,1;1149,7;23,33;79,07;17,96;6,23;Chinese Cabbage;SOIL_BASED;3,437
12475,9;652,0;1038,1;22,57;56,97;18,09;5,83;Spinach;SOIL_BASED;3,52
12752,8;518,9;963,1;21,64;79,1;18,4;5,55;Bok Choy;SOIL_BASED;3,374
13288,8;811,9;1073,0;20,83;78,81;16,9;5,81;Kale;HYDROPONIC;6,106
15523,4;962,4;1147,8;27,49;70,91;23,37;5,56;Bok Choy;SOIL_BASED;3,44
14698,1;747,5;1170,8;20,14;62,77;16,82;5,81;Bok Choy;SOIL_BASED;3,781
12547,7;939,7;717,2;23,03;72,52;18,15;6,27;Kale;AQUAPONIC;5,409
13992,9;666,0;969,7;26,63;66,49;21,85;6,51;Kale;SOIL_BASED;4,302
13758,2;800,5;1326,8;25,77;61,98;22,5;6,02;Chinese Cabbage;HYDROPONIC;4,486
19589,0;912,8;1097,4;24,15;69,17;20,27;5,8;Chinese Cabbage;SOIL_BASED;3,225
14436,9;829,3;1550,7;21,75;60,56;17,02;5,89;Kale;AEROPONIC;6,245
11635,1;758,2;1217,2;23,45;57,95;18,95;5,78;Lettuce;AEROPONIC;5,644
8931,8;696,3;1434,0;20,35;63,38;15,94;5,18;Chinese Cabbage;SOIL_BASED;3,207
17812,4;742,5;1183,3;22,7;53,37;19,24;5,88;Lettuce;AEROPONIC;5,597
14204,8;932,3;1518,0;22,66;78,19;19,03;6,16;Kale;AEROPONIC;6,102
15611,5;761,3;673,3;22,93;72,39;19,73;6,27;Chinese Cabbage;HYDROPONIC;4,204
17229,2;537,3;1307,7;21,29;60,69;17,61;6,83;Bok Choy;AQUAPONIC;4,533
11860,9;817,8;1677,9;18,75;63,67;15,32;6,13;Kale;AEROPONIC;6,048
11778,8;777,8;901,1;27,01;74,45;20,76;6,37;Spinach;AEROPONIC;4,733
14707,8;835,9;1475,6;26,38;78,82;21,22;5,93;Lettuce;AQUAPONIC;5,163
22580,5;762,2;1381,9;25,95;68,91;21,02;6,07;Kale;AQUAPONIC;5,474
11983,9;764,8;908,9;24,56;65,81;19,34;6,25;Kale;AEROPONIC;6,252
12668,7;904,2;1370,5;23,98;54,11;18,79;6,23;Chinese Cabbage;SOIL_BASED;3,469
17427,3;1108,6;1368,7;21,56;65,27;18,04;6,74;Chinese Cabbage;AEROPONIC;4,751
16580,5;755,0;1256,3;21,86;58,33;17,09;6,25;Chinese Cabbage;SOIL_BASED;3,062
12752,5;923,6;1576,8;27,57;58,08;23,51;6,96;Spinach;SOIL_BASED;3,229
8944,2;583,2;1540,8;28,21;78,48;24,95;5,95;Chinese Cabbage;SOIL_BASED;3,061
13584,2;769,3;1491,9;22,98;67,0;18,38;4,96;Kale;AQUAPONIC;5,751
20852,7;740,5;1644,5;23,51;69,2;19,05;6,79;Chinese Cabbage;AEROPONIC;4,658
12947,8;607,5;1068,9;25,55;71,46;21,71;5,93;Bok Choy;AEROPONIC;5,368
17336,2;853,2;1144,0;23,76;66,49;19,32;6,27;Chinese Cabbage;HYDROPONIC;4,192
10636,2;920,0;1108,7;23,97;68,58;19,77;6,79;Spinach;AQUAPONIC;4,398
17434,2;853,5;1147,1;23,33;68,17;19,13;5,8;Bok Choy;HYDROPONIC;5,387
17602,5;794,6;1152,1;20,87;64,38;15,53;6,12;Kale;HYDROPONIC;5,864
14602,6;714,9;1244,7;22,46;70,33;17,44;6,2;Kale;SOIL_BASED;4,307
18802,4;983,6;1179,8;23,13;67,25;20,92;6,28;Lettuce;AQUAPONIC;5,025
14118,7;838,2;997,2;16,44;68,75;13,26;7,23;Bok Choy;HYDROPONIC;5,047
21434,1;718,3;1486,4;23,75;68,04;19,73;6,16;Lettuce;AEROPONIC;5,563
14083,7;1048,6;1052,3;30,0;84,62;24,7;5,93;Bok Choy;HYDROPONIC;4,623
13327,5;402,9;1689,3;22,3;76,41;20,07;6,53;Bok Choy;AQUAPONIC;4,628
15656,3;787,3;1489,8;23,59;74,59;19,42;5,61;Spinach;AEROPONIC;4,854
10294,9;818,6;973,7;21,15;72,0;16,61;6,9;Lettuce;AEROPONIC;5,793
15333,2;1088,1;1274,8;20,44;71,62;16,53;6,12;Spinach;AEROPONIC;4,989
11634,5;752,0;911,9;22,63;65,6;19,0;5,83;Bok Choy;SOIL_BASED;3,704
17898,1;696,1;1611,3;25,26;77,53;21,87;6,05;Kale;AEROPONIC;6,248
17607,0;849,2;1281,3;22,85;70,8;20,01;5,23;Bok Choy;SOIL_BASED;3,783
11837,8;375,7;1271,3;22,45;72,96;17,53;5,42;Spinach;SOIL_BASED;3,573
12945,0;513,6;1337,5;24,89;65,5;20,71;5,96;Lettuce;HYDROPONIC;5,851
17894,7;507,0;1235,2;24,06;60,6;18,72;6,35;Lettuce;HYDROPONIC;5,41
21320,9;756,3;1108,7;24,28;77,65;19,58;5,55;Spinach;AEROPONIC;4,925
14538,9;837,9;1255,0;26,83;69,1;23,35;5,91;Lettuce;AQUAPONIC;4,865
17410,4;962,7;1606,1;26,48;63,93;23,23;6,32;Chinese Cabbage;AEROPONIC;4,261
17141,6;848,4;1135,3;27,69;70,91;22,28;6,33;Kale;HYDROPONIC;5,977
17166,8;728,2;1642,4;20,1;67,11;14,46;5,87;Kale;AEROPONIC;6,144
6456,5;776,9;1157,3;25,9;81,17;21,02;6,37;Kale;HYDROPONIC;5,92
11318,8;856,4;1326,7;28,11;64,97;24,01;6,02;Lettuce;AEROPONIC;5,955
19648,8;877,8;1789,9;18,93;71,79;15,26;6,13;Lettuce;AQUAPONIC;5,161
11758,2;716,3;1426,8;23,44;77,24;17,82;5,95;Bok Choy;AEROPONIC;5,059
13760,9;881,1;1372,0;21,98;73,58;17,62;6,35;Bok Choy;AQUAPONIC;4,533
21397,5;754,9;1449,9;23,43;72,61;20,13;6,14;Kale;AQUAPONIC;5,633
12782,8;671,0;1539,7;26,71;63,69;22,83;5,89;Chinese Cabbage;AEROPONIC;4,118
14981,2;772,7;1062,4;19,59;68,99;16,64;6,21;Bok Choy;AQUAPONIC;4,379
15975,6;935,1;1409,6;24,19;71,92;20,08;6,59;Bok Choy;AQUAPONIC;4,609
18585,5;643,5;1347,1;21,92;69,44;17,3;5,0;Lettuce;HYDROPONIC;5,677
16649,8;668,9;716,7;26,8;80,6;22,18;6,19;Chinese Cabbage;HYDROPONIC;4,254
12699,1;798,6;1344,4;24,68;66,59;21,15;5,68;Kale;AQUAPONIC;5,657
14537,7;929,8;1022,6;23,06;68,28;18,59;5,61;Bok Choy;SOIL_BASED;3,907
13706,0;694,6;1309,3;21,49;89,96;16,74;5,35;Chinese Cabbage;AEROPONIC;4,413
17674,1;923,4;1535,9;30,94;75,06;27,03;6,21;Chinese Cabbage;AQUAPONIC;3,59
14349,6;918,0;1037,1;24,28;59,77;19,79;6,27;Kale;AEROPONIC;6,157
15278,6;822,7;1249,1;19,52;72,23;15,88;6,54;Chinese Cabbage;HYDROPONIC;4,194
12828,1;952,2;1169,3;21,23;74,74;17,92;5,94;Chinese Cabbage;AEROPONIC;4,449
21513,9;704,2;1576,7;24,66;61,19;19,74;6,73;Chinese Cabbage;AQUAPONIC;3,991
11608,2;998,4;1137,0;21,46;65,44;17,85;6,15;Bok Choy;AQUAPONIC;4,927
21933,8;996,5;1336,5;21,8;57,87;16,52;5,76;Kale;AQUAPONIC;5,476
13875,2;987,8;1444,2;26,26;70,5;21,96;6,16;Chinese Cabbage;AQUAPONIC;3,731
17697,5;873,6;1477,5;26,01;54,22;21,88;5,46;Chinese Cabbage;SOIL_BASED;2,882
14911,6;597,3;1028,1;21,9;61,3;17,16;6,19;Bok Choy;SOIL_BASED;3,942
10337,5;875,8;1213,9;26,78;56,24;22,77;5,97;Kale;SOIL_BASED;4,58
12801,9;985,9;1696,4;21,51;70,79;17,39;6,73;Lettuce;AQUAPONIC;4,873
18429,1;402,1;1276,0;28,24;65,12;23,66;5,71;Bok Choy;SOIL_BASED;3,887
10832,9;848,4;1547,9;25,01;71,38;21,39;4,89;Kale;AEROPONIC;6,367
5442,3;839,4;1815,1;24,31;52,4;18,88;5,82;Chinese Cabbage;AQUAPONIC;3,426
8168,2;685,0;1262,4;22,42;61,36;17,28;5,97;Kale;HYDROPONIC;6,024
14526,1;502,4;1496,1;21,8;74,71;17,05;5,2;Kale;AQUAPONIC;5,283
11063,7;714,5;1528,0;16,99;58,22;13,89;5,59;Kale;AEROPONIC;5,811
14704,5;852,5;926,8;22,68;76,69;17,75;6,31;Lettuce;SOIL_BASED;4,079
16566,3;689,8;1384,5;23,47;66,71;18,64;6,05;Kale;AQUAPONIC;5,395
16705,2;1004,8;1670,9;18,39;60,89;14,52;6,8;Lettuce;SOIL_BASED;3,888
15813,4;784,1;869,7;25,81;61,43;20,89;5,89;Chinese Cabbage;AQUAPONIC;4,235
21595,9;799,6;1250,4;23,05;69,82;18,74;6,98;Lettuce;AEROPONIC;5,783
20033,5;741,3;1309,8;26,9;86,66;23,96;5,92;Chinese Cabbage;AQUAPONIC;3,744
11164,0;738,4;1254,2;21,59;91,1;17,82;5,74;Chinese Cabbage;SOIL_BASED;2,952
16688,9;744,1;1227,8;26,96;56,65;22,05;5,71;Lettuce;SOIL_BASED;4,344
16499,0;775,8;991,2;22,24;73,72;17,85;5,45;Bok Choy;AEROPONIC;5,298
10637,0;736,4;1380,2;23,36;82,17;20,6;6,54;Spinach;AQUAPONIC;4,331
12576,2;697,5;1086,1;24,1;57,42;19,89;5,65;Kale;HYDROPONIC;6,014
8807,0;877,6;1092,7;23,38;62,69;19,4;6,73;Spinach;AQUAPONIC;4,148
12570,5;763,1;789,3;24,35;70,47;21,34;6,37;Kale;AEROPONIC;6,617
16755,6;919,0;909,7;18,11;68,35;14,27;6,26;Kale;HYDROPONIC;5,816
18242,3;794,6;1664,3;23,11;56,23;18,32;6,25;Chinese Cabbage;AEROPONIC;4,765
22252,3;664,6;1300,2;23,27;74,36;20,09;6,22;Kale;AQUAPONIC;5,617
17269,6;608,4;1472,3;17,94;71,69;13,57;5,75;Kale;HYDROPONIC;5,895
15927,4;776,6;1049,3;25,3;76,0;21,32;6,29;Lettuce;AEROPONIC;5,836
20919,5;931,2;774,5;20,95;72,53;15,42;5,82;Spinach;SOIL_BASED;3,393
19935,7;1002,2;1109,2;26,14;72,48;21,31;6,21;Lettuce;HYDROPONIC;5,717
12547,1;1050,1;782,3;23,74;68,25;20,18;6,16;Kale;HYDROPONIC;5,941
14069,0;937,0;1097,9;21,89;78,27;16,02;6,05;Chinese Cabbage;AEROPONIC;4,405
16930,6;1036,6;1579,1;26,31;56,72;23,16;6,1;Lettuce;SOIL_BASED;4,06
9771,0;661,9;1254,3;28,15;58,67;23,4;6,06;Lettuce;HYDROPONIC;5,557
15866,1;845,1;1656,7;23,61;77,32;19,73;6,18;Bok Choy;AEROPONIC;5,162
16035,6;668,0;1428,3;27,35;65,6;22,25;6,34;Kale;HYDROPONIC;5,699
17070,8;847,5;1557,2;23,01;60,29;19,31;5,36;Chinese Cabbage;HYDROPONIC;4,069
17560,2;924,8;1216,7;26,19;75,18;22,25;5,96;Lettuce;HYDROPONIC;5,577
13311,3;710,3;918,1;22,47;73,74;17,53;5,78;Lettuce;SOIL_BASED;3,905
16036,3;837,9;1015,9;28,61;51,09;24,92;6,56;Chinese Cabbage;AQUAPONIC;3,913
13049,4;793,4;1598,6;26,52;73,8;22,37;6,33;Kale;AQUAPONIC;5,304
17856,7;818,6;1326,5;24,82;62,64;20,03;5,67;Bok Choy;SOIL_BASED;3,765
15219,9;757,3;922,6;16,41;72,17;12,56;7,02;Lettuce;SOIL_BASED;3,774
17893,4;588,3;1448,9;24,76;67,33;22,0;5,64;Bok Choy;AEROPONIC;5,295
8132,0;988,1;874,9;20,04;73,22;16,28;5,83;Spinach;HYDROPONIC;4,633
9979,7;845,0;1399,8;24,49;67,91;20,61;6,06;Kale;SOIL_BASED;4,576
15619,5;871,1;1212,7;27,08;57,4;23,47;5,44;Spinach;AEROPONIC;4,841
10112,3;982,0;1459,2;25,43;54,32;20,75;6,23;Spinach;AQUAPONIC;4,195
18045,6;925,2;1211,3;25,9;56,55;22,56;6,05;Spinach;AQUAPONIC;4,319
18073,3;558,1;1468,5;22,46;58,54;17,7;6,16;Kale;AQUAPONIC;5,239
16113,8;954,8;882,0;19,23;71,73;14,54;5,64;Kale;AQUAPONIC;5,671
13401,4;820,7;1366,9;21,34;76,16;17,19;6,24;Chinese Cabbage;AEROPONIC;4,436
13283,1;800,6;1164,6;22,58;65,35;17,05;6,16;Bok Choy;HYDROPONIC;4,967
17634,0;862,6;1377,1;23,46;60,38;19,93;5,81;Bok Choy;AEROPONIC;5,064
16640,4;836,1;1200,0;27,05;68,26;23,03;5,7;Chinese Cabbage;HYDROPONIC;4,437
11485,4;677,9;1047,4;25,55;51,22;22,42;5,97;Chinese Cabbage;AQUAPONIC;3,924
15971,3;601,9;1252,7;29,72;73,26;23,73;5,8;Spinach;SOIL_BASED;3,568
19695,8;350,0;1601,8;20,7;67,39;15,91;5,99;Chinese Cabbage;SOIL_BASED;3,002
16486,2;907,8;1123,0;26,76;68,63;23,06;6,54;Lettuce;SOIL_BASED;3,983
13199,4;1093,9;1332,0;25,95;63,44;21,31;6,1;Bok Choy;HYDROPONIC;4,859
13720,7;704,0;1104,9;23,17;62,7;17,6;6,12;Chinese Cabbage;AQUAPONIC;4,166
13194,7;940,5;769,2;20,81;53,98;16,36;5,83;Lettuce;AEROPONIC;5,713
12953,4;652,3;1299,5;21,78;75,38;18,66;6,69;Lettuce;SOIL_BASED;3,891
10261,2;707,3;2291,8;21,64;57,29;16,92;5,85;Lettuce;HYDROPONIC;5,47
14878,0;962,7;932,4;28,29;61,87;24,76;5,89;Lettuce;SOIL_BASED;3,878
9045,3;668,8;1529,2;25,82;59,94;21,19;6,28;Spinach;AEROPONIC;4,77
17227,7;723,0;663,5;25,92;75,08;22,31;5,7;Lettuce;AQUAPONIC;5,066
13349,9;727,8;1265,6;23,75;63,03;19,21;6,18;Spinach;AEROPONIC;5,045
19126,5;745,8;917,9;22,86;76,19;18,63;5,86;Spinach;AQUAPONIC;4,409
11021,0;935,0;1392,5;24,44;72,95;21,52;6,78;Lettuce;AQUAPONIC;5,034
14025,4;607,4;1136,4;23,79;59,97;19,75;5,75;Bok Choy;AQUAPONIC;4,574
14887,3;724,6;1127,0;23,23;67,14;18,81;5,9;Lettuce;SOIL_BASED;4,398
10458,2;664,9;985,5;24,53;53,58;19,39;5,92;Lettuce;AEROPONIC;5,688
16212,8;487,1;721,1;20,52;71,4;17,08;6,16;Lettuce;SOIL_BASED;4,156
10480,8;828,5;1203,5;24,25;62,43;19,98;6,17;Bok Choy;AEROPONIC;4,942
16000,8;758,2;1095,3;23,19;59,02;18,88;5,72;Kale;HYDROPONIC;6,085
19691,2;359,1;1171,6;21,5;65,67;18,49;6,01;Kale;HYDROPONIC;5,904
16576,9;861,1;1191,0;25,29;64,06;19,03;6,18;Spinach;AEROPONIC;4,823
12946,8;845,0;1061,5;28,53;70,4;25,14;6,46;Spinach;AEROPONIC;4,777
18580,8;708,0;1310,9;27,08;84,15;23,19;5,83;Bok Choy;AEROPONIC;4,953
22630,8;610,6;1223,3;22,71;79,24;18,03;5,33;Chinese Cabbage;AEROPONIC;4,532
15371,8;776,7;1494,6;25,36;57,85;20,72;6,17;Kale;AQUAPONIC;5,429
12204,1;1179,2;1898,6;25,86;81,05;20,13;5,8;Spinach;SOIL_BASED;3,036
14769,1;746,5;1339,3;23,83;68,4;20,09;6,43;Kale;AQUAPONIC;5,401
10241,1;689,2;1567,8;23,43;46,38;18,61;5,67;Bok Choy;SOIL_BASED;3,622
18466,9;716,8;1312,6;24,46;66,07;20,58;5,8;Bok Choy;SOIL_BASED;3,553
15574,9;571,8;1401,0;30,54;54,76;25,85;6,47;Chinese Cabbage;SOIL_BASED;2,836
12655,3;963,8;1195,2;24,22;64,28;19,79;5,35;Chinese Cabbage;AQUAPONIC;4,169
16324,2;627,6;1253,3;19,95;84,22;16,99;5,82;Bok Choy;AEROPONIC;5,52
12763,0;571,5;1073,3;20,57;56,86;16,79;6,28;Spinach;AQUAPONIC;3,936
13819,5;700,5;1648,6;23,02;56,61;19,48;5,09;Kale;AQUAPONIC;5,351
14506,4;989,6;1531,7;20,01;67,16;15,5;5,49;Lettuce;SOIL_BASED;4,244
20825,6;890,5;1346,3;23,13;61,05;18,92;6,0;Chinese Cabbage;HYDROPONIC;4,45
10556,0;737,5;1013,4;29,73;65,83;24,86;5,9;Lettuce;HYDROPONIC;5,263
17218,3;713,1;1234,1;22,07;68,92;16,67;5,71;Spinach;AQUAPONIC;4,4
12037,2;691,7;1531,5;20,46;55,41;17,16;5,89;Chinese Cabbage;SOIL_BASED;2,971
20675,2;694,0;1915,9;22,92;69,94;19,48;6,61;Lettuce;AQUAPONIC;4,911
11291,5;739,5;1300,1;23,21;61,53;19,32;6,49;Spinach;AQUAPONIC;4,081
11372,6;921,8;1598,6;20,73;77,11;15,89;5,95;Kale;AEROPONIC;5,938
17187,1;657,8;1325,1;20,03;60,57;17,03;5,73;Spinach;SOIL_BASED;3,442
14505,0;1071,3;1611,7;27,3;61,95;21,6;6,98;Chinese Cabbage;HYDROPONIC;4,269
17358,7;944,7;736,5;24,9;60,08;19,9;6,46;Bok Choy;HYDROPONIC;4,63
18772,9;1094,8;1056,1;22,15;64,48;17,89;6,87;Kale;HYDROPONIC;5,859
15168,5;538,3;1361,5;20,26;55,75;15,05;5,29;Lettuce;AQUAPONIC;5,081
18068,9;708,0;963,6;22,05;72,44;18,02;5,65;Chinese Cabbage;SOIL_BASED;3,294
7695,2;828,1;1390,4;20,07;63,52;17,2;6,07;Bok Choy;AEROPONIC;5,462
15780,0;787,4;1290,3;21,88;74,9;16,68;6,14;Spinach;HYDROPONIC;4,917
13816,8;896,9;862,6;29,29;68,5;24,4;6,25;Bok Choy;SOIL_BASED;3,725
19778,1;863,5;814,1;24,17;82,55;19,51;5,93;Chinese Cabbage;HYDROPONIC;4,488
6894,1;628,0;1366,6;21,77;65,81;17,17;6,38;Chinese Cabbage;AEROPONIC;4,283
11944,0;679,5;981,8;25,4;64,96;21,71;5,93;Bok Choy;SOIL_BASED;3,75
9898,5;766,3;1161,1;20,9;73,0;18,07;6,52;Spinach;AQUAPONIC;4,093
15252,0;555,9;1444,0;22,36;50,35;20,05;6,3;Bok Choy;AQUAPONIC;4,574
15385,6;726,1;1258,7;18,31;63,92;15,67;5,61;Chinese Cabbage;HYDROPONIC;4,25
14631,9;848,1;1170,0;27,07;67,26;22,89;5,93;Chinese Cabbage;HYDROPONIC;4,447
17309,6;971,1;885,6;22,94;74,16;19,87;6,03;Lettuce;SOIL_BASED;4,076
18364,0;823,5;1670,0;21,21;75,91;18,28;5,66;Lettuce;AEROPONIC;5,936
15773,7;391,5;1489,4;25,32;77,51;22,04;5,75;Kale;HYDROPONIC;5,973
9836,8;781,7;1112,5;20,57;65,49;16,33;5,93;Chinese Cabbage;SOIL_BASED;3,341
12555,4;939,0;1045,2;20,74;61,74;15,79;6,68;Lettuce;AEROPONIC;5,567
16896,9;537,0;1133,9;22,44;68,5;16,38;6,32;Bok Choy;HYDROPONIC;4,874
15381,5;760,0;1025,4;20,15;65,74;14,45;6,21;Spinach;HYDROPONIC;4,486
12248,2;936,2;1202,9;21,67;53,76;17,75;5,52;Bok Choy;SOIL_BASED;3,484
18125,6;768,6;1570,2;22,95;69,39;19,71;6,32;Spinach;HYDROPONIC;4,732
16567,6;741,0;1543,0;23,2;60,22;18,43;5,68;Lettuce;AQUAPONIC;5,119
18077,1;972,6;1542,2;19,79;66,06;15,73;6,11;Kale;AEROPONIC;5,823
15831,5;768,9;942,6;22,82;65,55;18,67;6,83;Bok Choy;AEROPONIC;5,189
12003,7;764,9;1010,7;25,13;86,2;21,15;6,58;Bok Choy;AQUAPONIC;4,665
19594,7;757,0;1530,2;25,59;75,65;21,88;6,49;Bok Choy;SOIL_BASED;3,701
16889,2;953,2;1397,2;22,11;73,45;17,33;5,8;Spinach;AQUAPONIC;4,124
16369,8;785,3;1167,0;22,97;76,26;18,02;5,87;Lettuce;AQUAPONIC;5,252
17663,7;753,9;1465,0;22,81;65,06;18,69;6,11;Bok Choy;AEROPONIC;5,293
13588,3;738,0;1411,2;19,6;57,43;15,12;6,15;Bok Choy;SOIL_BASED;3,41
16503,0;496,4;881,5;21,99;49,63;18,38;6,2;Kale;HYDROPONIC;5,861
14125,4;850,9;692,9;25,73;72,6;21,76;5,63;Kale;AQUAPONIC;5,523
11921,4;777,1;1276,6;25,77;72,71;22,0;6,45;Lettuce;AQUAPONIC;5,091
9797,8;809,7;718,6;24,65;61,54;20,08;6,31;Lettuce;SOIL_BASED;3,885
7443,1;657,4;1564,9;16,05;62,58;12,0;6,27;Chinese Cabbage;AQUAPONIC;3,994
15845,1;610,0;1412,7;21,31;61,19;16,89;5,45;Kale;SOIL_BASED;4,55
11910,4;682,1;1184,3;24,81;61,21;21,16;5,92;Chinese Cabbage;HYDROPONIC;3,992
12744,5;509,6;959,6;28,29;63,71;22,46;5,4;Spinach;SOIL_BASED;3,274
11805,6;687,4;1036,4;23,46;70,86;19,45;5,58;Chinese Cabbage;HYDROPONIC;4,294
9170,2;1163,2;492,9;23,77;77,03;20,77;5,93;Bok Choy;SOIL_BASED;3,323
18234,9;856,5;1642,5;23,18;67,8;18,12;5,71;Chinese Cabbage;AQUAPONIC;4,18
21598,3;808,4;1330,4;19,84;78,76;16,84;5,77;Lettuce;HYDROPONIC;5,615
8211,3;628,2;1233,1;24,49;88,16;20,95;5,96;Spinach;AQUAPONIC;4,189
15855,6;645,7;1757,1;19,24;71,4;14,96;6,22;Bok Choy;HYDROPONIC;4,857
10355,7;746,1;1033,5;23,26;67,48;19,5;6,07;Chinese Cabbage;SOIL_BASED;3,213
17331,4;445,9;1227,5;23,75;48,23;19,76;6,24;Spinach;SOIL_BASED;3,373
19443,5;812,3;1099,2;23,64;73,13;19,73;6,38;Spinach;SOIL_BASED;3,402
17224,4;703,8;1821,0;19,86;68,53;15,94;5,81;Bok Choy;AEROPONIC;4,969
11278,6;1178,6;1204,8;21,51;68,74;18,77;5,75;Chinese Cabbage;AEROPONIC;4,619
12037,9;988,6;1328,1;25,43;66,11;20,63;5,9;Spinach;HYDROPONIC;4,706
12975,6;875,8;1701,4;23,7;64,3;19,32;6,22;Spinach;AEROPONIC;4,843
16928,0;709,6;1561,9;21,53;59,51;17,2;6,52;Kale;SOIL_BASED;4,166
13727,2;1021,4;857,4;20,5;74,86;16,47;5,39;Spinach;AEROPONIC;4,878
16919,8;618,4;1198,1;25,75;44,97;22,0;6,23;Kale;AEROPONIC;5,952
14543,6;880,2;1261,7;23,6;71,77;19,07;6,68;Chinese Cabbage;AQUAPONIC;3,996
14267,6;697,7;1321,7;20,33;55,12;15,18;6,1;Chinese Cabbage;HYDROPONIC;4,009
14926,5;848,6;1361,9;22,97;78,87;18,29;6,96;Chinese Cabbage;HYDROPONIC;4,583
14368,8;747,4;1044,4;21,24;65,17;15,55;5,95;Lettuce;HYDROPONIC;5,617
9047,4;613,5;1677,3;24,34;72,76;20,44;6,14;Chinese Cabbage;AEROPONIC;4,539
11170,7;758,8;1395,9;27,01;69,63;23,01;5,92;Spinach;SOIL_BASED;3,674
20273,3;935,1;1449,1;20,47;78,15;15,3;6,39;Bok Choy;AQUAPONIC;4,558
16167,4;1084,4;1636,9;23,94;83,68;20,38;5,77;Kale;HYDROPONIC;5,902
20807,9;962,0;1351,9;23,89;77,85;19,42;5,67;Lettuce;AEROPONIC;5,908
11398,0;735,3;1225,7;17,5;73,26;12,63;5,71;Chinese Cabbage;SOIL_BASED;3,3
14484,7;626,0;1185,6;25,83;65,59;20,56;5,73;Chinese Cabbage;AQUAPONIC;3,802
13809,3;746,7;1221,5;29,38;72,13;25,84;6,02;Bok Choy;AQUAPONIC;4,862
10843,3;1137,9;1238,0;23,89;76,74;19,68;6,36;Bok Choy;HYDROPONIC;4,969
8615,3;590,7;782,9;27,31;64,72;23,1;6,61;Lettuce;HYDROPONIC;5,309
11036,7;775,9;1118,5;19,99;68,58;17,32;6,45;Kale;SOIL_BASED;4,228
18166,8;632,1;995,7;21,49;61,52;17,9;5,82;Chinese Cabbage;AEROPONIC;4,868
12827,7;460,0;752,5;23,7;75,37;19,13;5,47;Lettuce;SOIL_BASED;3,772
13396,5;1087,2;1320,8;21,11;72,26;15,77;5,84;Spinach;HYDROPONIC;4,652
14467,4;793,1;1395,3;23,61;57,2;19,34;6,04;Spinach;SOIL_BASED;3,211
15069,7;863,1;1056,1;26,31;70,87;22,84;6,68;Lettuce;AEROPONIC;5,691
13445,5;795,6;1207,2;21,03;66,34;17,38;6,12;Chinese Cabbage;AQUAPONIC;4,037
13139,0;902,1;1427,1;26,43;69,08;23,51;5,71;Lettuce;AQUAPONIC;5,055
15892,1;929,5;1201,6;18,11;62,05;12,86;6,95;Chinese Cabbage;AQUAPONIC;3,931
20202,8;656,0;1244,5;21,91;79,2;16,79;6,3;Bok Choy;AQUAPONIC;4,903
12345,1;1080,6;1216,4;22,95;62,43;19,81;5,74;Lettuce;HYDROPONIC;5,635
9142,5;1003,5;1436,4;20,9;86,07;15,5;6,12;Chinese Cabbage;HYDROPONIC;4,121
12304,9;855,1;1275,6;21,95;69,27;17,1;5,57;Lettuce;AEROPONIC;5,755
14151,0;643,1;1195,4;27,41;65,5;23,21;6,62;Lettuce;AEROPONIC;5,872
8055,3;642,0;1156,6;26,97;71,82;23,71;6,48;Chinese Cabbage;AEROPONIC;4,267
14848,0;583,0;1062,2;25,52;70,63;21,71;6,88;Chinese Cabbage;AEROPONIC;4,746
16505,1;780,2;1435,2;26,42;84,83;21,93;6,2;Kale;SOIL_BASED;4,331
10885,7;927,0;1427,2;21,76;71,95;18,27;5,81;Lettuce;AEROPONIC;5,888
13465,9;847,1;1278,4;20,08;52,24;16,47;5,61;Spinach;AQUAPONIC;4,182
16869,8;710,8;1523,9;21,24;62,61;17,96;6,6;Lettuce;AQUAPONIC;5,231
14388,7;591,8;1282,8;21,65;74,89;17,57;6,09;Lettuce;AQUAPONIC;5,331
15048,9;967,4;1364,4;21,79;66,52;18,3;5,37;Chinese Cabbage;SOIL_BASED;3,1
14135,2;681,6;1131,9;24,98;63,73;20,84;5,83;Lettuce;AEROPONIC;6,027
14817,9;531,9;1591,8;24,4;62,3;19,74;6,32;Lettuce;AQUAPONIC;4,758
20026,9;820,3;1322,1;23,01;60,18;18,46;5,85;Spinach;AQUAPONIC;4,17
16511,8;732,6;1380,5;23,18;70,16;17,74;5,57;Chinese Cabbage;AQUAPONIC;3,794
7376,1;896,7;1297,4;26,57;62,35;22,05;6,3;Lettuce;AQUAPONIC;5,002
15079,7;701,0;1301,9;19,88;79,43;15,81;6,74;Bok Choy;HYDROPONIC;5,011
20675,7;793,0;1347,9;25,71;60,95;20,27;6,23;Kale;AEROPONIC;6,602
14670,8;786,8;746,1;17,59;56,93;13,31;6,09;Spinach;AEROPONIC;4,867
8175,5;739,8;1390,2;21,92;67,84;17,96;7,04;Lettuce;SOIL_BASED;4,209
10924,9;673,2;1095,0;27,73;50,7;23,87;5,79;Bok Choy;HYDROPONIC;4,61
14153,8;924,0;1219,8;24,34;47,55;18,92;6,02;Lettuce;SOIL_BASED;4,043
11724,6;829,8;1109,5;22,19;73,31;18,21;5,95;Lettuce;AQUAPONIC;4,984
20175,3;788,4;1496,0;26,06;68,46;21,94;5,73;Chinese Cabbage;SOIL_BASED;3,463
10777,4;772,0;1074,0;25,17;50,27;20,5;5,82;Chinese Cabbage;AQUAPONIC;3,572
14338,4;773,5;1203,4;25,05;68,77;21,21;6,04;Chinese Cabbage;AQUAPONIC;4,052
14480,0;670,9;1111,2;22,94;65,52;18,71;5,38;Bok Choy;AEROPONIC;5,189
19917,4;648,5;1087,1;26,19;55,05;22,43;6,25;Lettuce;AEROPONIC;5,683
14190,3;798,1;1090,1;21,7;74,22;17,51;6,46;Kale;AEROPONIC;6,166
18482,1;854,2;956,9;21,56;80,91;17,34;6,08;Spinach;AEROPONIC;5,114
13612,2;855,0;1133,6;28,75;84,36;24,77;6,65;Chinese Cabbage;AEROPONIC;4,42
14072,1;928,4;1330,1;22,1;70,78;17,18;5,82;Chinese Cabbage;HYDROPONIC;4,265
13196,8;897,6;1043,0;17,81;68,19;12,93;6,14;Lettuce;AEROPONIC;5,66
8407,2;720,4;1312,7;26,47;83,08;20,69;6,18;Lettuce;SOIL_BASED;3,944
18023,8;1152,7;1417,8;27,31;70,14;24,5;6,01;Bok Choy;AQUAPONIC;4,591
17019,0;1032,9;1244,1;22,84;65,1;19,21;6,0;Bok Choy;AEROPONIC;4,823
14439,1;639,2;970,5;17,64;62,42;13,32;6,23;Chinese Cabbage;HYDROPONIC;4,058
12863,8;820,9;822,6;23,35;72,71;18,91;5,75;Lettuce;SOIL_BASED;4,022
10192,1;672,4;1490,4;29,3;54,09;23,99;6,24;Kale;SOIL_BASED;3,848
12597,1;665,0;1681,2;24,07;77,86;21,27;5,81;Spinach;AQUAPONIC;4,277
14380,0;737,1;1646,6;25,65;56,18;20,61;6,27;Lettuce;SOIL_BASED;3,93
15605,7;955,9;1358,3;25,82;60,79;22,15;5,62;Lettuce;SOIL_BASED;4,486
16135,8;618,4;1360,6;26,22;70,63;22,85;5,91;Bok Choy;SOIL_BASED;3,784
11307,9;1121,7;1223,2;28,72;82,84;24,35;6,46;Spinach;SOIL_BASED;2,945
11455,4;867,6;1218,7;26,52;65,72;22,39;5,71;Chinese Cabbage;HYDROPONIC;4,687
14246,1;591,1;1090,8;23,27;59,07;16,9;5,75;Lettuce;AQUAPONIC;4,966
13305,8;868,2;1060,0;20,38;77,07;15,6;6,15;Chinese Cabbage;AEROPONIC;4,516
16868,6;705,6;793,2;24,7;64,25;19,87;6,23;Lettuce;SOIL_BASED;4,06
9589,2;700,0;1462,0;22,96;53,73;18,97;6,53;Chinese Cabbage;HYDROPONIC;4,34
16519,9;926,9;1423,2;25,51;73,15;21,46;5,83;Spinach;AQUAPONIC;4,054
14711,6;788,1;1181,4;21,08;66,11;17,97;5,51;Bok Choy;AEROPONIC;5,174
12335,7;734,3;1606,7;22,66;65,93;18,11;5,97;Spinach;AQUAPONIC;4,582
15625,4;820,8;1860,9;23,53;74,27;20,47;6,39;Kale;HYDROPONIC;5,661
16571,2;606,4;892,9;20,87;75,04;17,53;5,76;Bok Choy;HYDROPONIC;5,004
7839,9;784,9;1427,4;23,61;61,61;19,3;5,84;Spinach;HYDROPONIC;4,794
21320,9;1051,5;1274,4;25,7;69,04;21,95;5,84;Kale;SOIL_BASED;4,389
14348,9;511,0;1698,6;28,85;54,75;25,28;6,41;Lettuce;HYDROPONIC;5,143
16113,3;827,6;1144,9;21,44;65,81;17,66;6,0;Lettuce;AEROPONIC;6,005
16018,5;821,0;1556,1;26,04;60,54;21,39;6,09;Chinese Cabbage;SOIL_BASED;3,323
15085,8;758,7;1459,1;17,96;66,21;13,25;5,6;Bok Choy;AQUAPONIC;4,339
12673,4;400,8;1579,7;23,48;64,52;20,22;6,5;Lettuce;AEROPONIC;5,8
14822,7;709,6;1091,6;23,7;66,45;19,08;6,0;Bok Choy;SOIL_BASED;3,984
14512,9;867,7;1179,7;25,78;53,79;20,88;5,6;Lettuce;HYDROPONIC;5,609
15494,2;1000,0;1417,1;22,04;56,8;16,16;6,44;Chinese Cabbage;AQUAPONIC;3,959
19858,5;696,9;1574,2;24,19;66,16;19,57;6,52;Spinach;HYDROPONIC;4,573
13433,4;602,3;1337,7;26,6;80,7;24,07;6,52;Chinese Cabbage;AEROPONIC;4,485
11287,2;866,5;786,4;20,34;74,22;15,6;6,38;Kale;AEROPONIC;5,892
14656,1;882,8;1588,4;18,02;71,69;12,93;5,56;Lettuce;SOIL_BASED;4,166
11925,2;700,0;1616,9;26,52;62,94;21,42;6,24;Kale;AEROPONIC;6,24
10609,2;892,7;1137,2;20,71;59,97;15,38;6,29;Kale;AQUAPONIC;5,267
11903,9;642,2;1501,2;24,78;73,31;19,48;6,14;Bok Choy;SOIL_BASED;3,426
9619,9;795,4;1407,9;28,96;58,1;24,74;6,54;Lettuce;AQUAPONIC;4,905
9999,8;815,6;1048,2;25,84;81,87;21,49;5,81;Kale;HYDROPONIC;6,141
19612,5;639,1;1511,0;20,78;67,63;17,15;6,75;Spinach;AQUAPONIC;4,454
18192,5;781,6;1268,8;19,41;85,12;16,06;5,9;Kale;AQUAPONIC;5,387
14384,7;744,3;926,9;21,32;82,48;17,83;6,03;Spinach;AEROPONIC;4,83
10709,3;570,8;1513,6;23,98;71,58;19,04;5,88;Bok Choy;HYDROPONIC;5,079
7929,9;680,8;1829,8;22,8;71,24;19,28;6,38;Kale;AEROPONIC;5,919
13511,9;780,1;681,2;27,31;62,52;22,93;6,28;Chinese Cabbage;HYDROPONIC;4,112
16772,8;847,8;1359,5;25,37;79,24;20,74;6,61;Bok Choy;HYDROPONIC;4,71
14078,1;733,2;1349,3;21,45;64,76;16,76;5,27;Spinach;AQUAPONIC;4,565
17796,1;881,1;979,9;25,87;53,65;20,52;6,08;Bok Choy;AEROPONIC;5,127
12998,1;919,7;1546,9;27,72;77,81;23,14;6,29;Kale;AQUAPONIC;5,202
13491,2;777,3;996,1;22,62;72,64;18,27;6,32;Lettuce;AQUAPONIC;4,921
16384,2;1091,3;1302,0;24,84;63,62;19,35;5,94;Lettuce;AQUAPONIC;5,246
9817,0;918,3;1085,4;21,05;70,25;17,55;6,17;Spinach;HYDROPONIC;4,527
15205,0;802,6;1013,3;23,1;68,28;18,87;6,28;Spinach;AEROPONIC;5,074
15036,7;677,6;1376,5;21,0;80,56;16,97;5,77;Lettuce;AEROPONIC;5,847
13687,9;885,6;1095,0;26,97;59,44;22,39;5,75;Spinach;AQUAPONIC;4,391
19185,4;734,8;1612,9;22,1;80,67;17,54;6,39;Bok Choy;HYDROPONIC;4,982
16911,6;693,3;1285,7;24,73;79,31;21,6;6,1;Chinese Cabbage;AEROPONIC;4,604
8957,2;615,1;1503,7;25,28;62,56;22,21;6,06;Chinese Cabbage;SOIL_BASED;3,382
13164,9;720,8;1487,6;32,21;71,57;28,75;6,34;Bok Choy;AEROPONIC;4,777
12060,8;581,6;1589,1;22,76;72,66;18,53;5,72;Chinese Cabbage;AQUAPONIC;4,271
14090,0;1018,6;1204,4;21,32;93,32;18,09;5,5;Kale;SOIL_BASED;4,359
11042,3;799,5;1248,3;23,3;61,36;20,35;5,86;Bok Choy;HYDROPONIC;4,653
10803,3;654,3;1049,2;21,12;51,63;17,63;5,9;Spinach;SOIL_BASED;3,303
13912,9;807,6;1316,3;22,14;50,91;18,25;5,67;Bok Choy;SOIL_BASED;3,559
14781,9;796,2;1072,2;25,54;69,79;21,99;6,43;Lettuce;AQUAPONIC;5,088
11620,7;1039,3;1575,3;21,62;76,71;17,01;5,9;Spinach;AEROPONIC;5,109
11216,8;925,1;1041,7;25,07;60,44;20,43;6,36;Lettuce;HYDROPONIC;5,532
8957,4;662,7;1166,7;25,17;66,37;19,74;6,78;Spinach;SOIL_BASED;3,585
15615,0;645,9;1421,7;24,2;64,24;19,64;6,26;Chinese Cabbage;AQUAPONIC;3,983
13124,8;929,8;1411,2;25,37;58,28;21,9;5,8;Bok Choy;AEROPONIC;4,939
12411,4;746,5;982,3;22,68;73,13;18,26;6,22;Kale;SOIL_BASED;4,022
17416,7;557,9;1123,9;17,89;53,15;13,69;6,76;Spinach;AQUAPONIC;3,91
5556,8;724,9;1199,9;23,67;73,42;18,82;6,62;Spinach;AQUAPONIC;4,562
16338,3;756,5;1236,3;23,72;64,34;19,06;6,95;Lettuce;AQUAPONIC;5,016
19474,7;891,3;1331,2;22,46;76,37;17,97;5,95;Chinese Cabbage;HYDROPONIC;4,22
7178,5;792,8;1476,2;25,31;69,47;20,08;5,93;Lettuce;AEROPONIC;5,597
7656,1;662,0;1243,4;25,64;54,82;20,3;6,34;Lettuce;SOIL_BASED;3,982
9417,7;846,3;1304,3;24,11;70,66;20,53;5,68;Chinese Cabbage;AEROPONIC;4,495
10281,8;798,4;1075,9;23,78;64,74;20,45;6,14;Kale;AEROPONIC;6,258
18001,2;375,4;1670,4;26,91;77,29;23,87;5,81;Lettuce;SOIL_BASED;4,121
13557,7;853,2;1387,1;20,49;74,18;15,81;5,7;Lettuce;AEROPONIC;5,674
21609,3;631,3;1205,9;22,57;77,72;19,21;5,81;Spinach;HYDROPONIC;4,449
13190,9;736,0;1599,6;26,29;65,07;22,45;6,27;Chinese Cabbage;SOIL_BASED;3,086
13474,2;701,1;1376,3;25,0;60,21;20,24;5,88;Bok Choy;SOIL_BASED;3,626
19141,6;451,0;1337,2;22,84;67,88;17,57;6,21;Kale;AQUAPONIC;5,651
5553,7;835,6;1281,2;24,59;74,23;20,73;6,51;Kale;AEROPONIC;6,112
14882,8;574,1;1544,2;21,97;59,85;16,4;6,36;Chinese Cabbage;SOIL_BASED;3,278
16404,1;722,1;1699,4;23,95;70,62;19,95;6,56;Spinach;SOIL_BASED;3,567
18403,5;737,4;1539,8;25,43;71,2;19,86;6,32;Spinach;HYDROPONIC;4,486
17630,7;534,6;1288,4;27,12;79,69;23,78;6,02;Chinese Cabbage;AQUAPONIC;3,46
15417,8;914,9;1628,3;25,35;59,14;21,08;6,78;Spinach;SOIL_BASED;3,268
19034,9;723,4;1212,2;27,32;72,19;23,35;5,84;Kale;HYDROPONIC;5,809
19287,2;735,2;1050,7;19,46;63,82;14,61;5,94;Kale;SOIL_BASED;4,212
16774,1;803,8;1490,6;17,3;61,58;13,48;5,28;Bok Choy;SOIL_BASED;3,759
10958,9;727,8;1654,5;17,39;84,51;12,6;6,06;Chinese Cabbage;SOIL_BASED;2,717
15031,3;644,3;1279,9;26,62;71,79;21,98;5,29;Lettuce;HYDROPONIC;5,551
17374,3;613,0;1708,6;25,19;81,06;19,72;5,85;Lettuce;AEROPONIC;5,646
13527,5;1037,2;902,9;21,49;61,65;18,27;6,15;Bok Choy;SOIL_BASED;3,507
16945,2;774,3;1256,0;22,42;82,25;17,79;6,54;Bok Choy;SOIL_BASED;3,896
14261,5;666,7;1058,2;24,44;64,54;18,93;5,85;Spinach;AEROPONIC;4,747
12511,4;828,4;1053,1;21,47;74,76;16,71;6,47;Bok Choy;SOIL_BASED;3,681
15023,9;911,2;1271,8;21,21;59,97;15,96;5,51;Bok Choy;AQUAPONIC;4,363
9709,2;1183,9;1727,9;21,67;58,88;18,31;5,81;Lettuce;SOIL_BASED;4,111
15384,6;777,3;1622,6;21,43;67,77;18,41;6,08;Spinach;AQUAPONIC;4,545
11994,0;705,8;1642,8;23,62;81,17;18,82;6,27;Bok Choy;AEROPONIC;5,126
16523,0;441,8;1395,6;28,16;78,74;23,34;6,54;Bok Choy;HYDROPONIC;4,81
10523,4;767,9;1205,3;20,68;69,2;17,45;5,98;Spinach;AEROPONIC;4,696
21203,9;697,7;1367,2;23,29;65,25;19,27;6,18;Chinese Cabbage;SOIL_BASED;3,21
10919,1;793,3;911,9;24,79;70,71;20,84;6,15;Spinach;AQUAPONIC;4,389
17498,5;790,5;1681,7;25,0;59,06;20,79;5,82;Lettuce;HYDROPONIC;5,406
13976,8;956,3;816,2;22,08;69,19;18,1;6,57;Chinese Cabbage;SOIL_BASED;3,179
16322,6;809,0;1246,7;25,23;68,4;20,99;6,51;Kale;HYDROPONIC;6,305
17063,6;793,9;1279,9;24,68;68,44;19,28;5,66;Spinach;HYDROPONIC;4,723
13800,7;805,8;1500,2;22,24;71,95;17,4;6,31;Lettuce;SOIL_BASED;4,263
13920,5;733,8;1394,2;19,71;74,73;15,92;6,55;Chinese Cabbage;AEROPONIC;4,17
13840,9;983,5;1411,5;20,3;47,68;14,53;6,35;Spinach;SOIL_BASED;3,054
7638,6;838,7;669,0;25,59;60,94;21,51;5,68;Bok Choy;SOIL_BASED;3,548
17419,1;891,2;1236,4;27,5;62,43;23,21;5,68;Spinach;AEROPONIC;4,889
14645,8;744,7;1115,3;23,5;66,65;19,3;5,73;Kale;AQUAPONIC;5,795
13310,0;623,3;1318,8;27,43;67,4;23,43;6,12;Spinach;SOIL_BASED;3,323
14040,3;637,4;1245,7;23,35;73,39;19,23;5,42;Chinese Cabbage;HYDROPONIC;4,1
12950,7;997,3;1337,6;20,3;70,74;17,46;6,51;Chinese Cabbage;SOIL_BASED;3,161
7359,4;1051,8;969,9;22,91;78,19;19,13;6,15;Spinach;SOIL_BASED;3,513
12967,3;669,7;1306,4;27,68;65,45;21,53;4,84;Chinese Cabbage;HYDROPONIC;4,311
14474,1;621,2;1734,9;21,81;62,23;17,36;6,93;Bok Choy;AEROPONIC;5,08
11659,5;892,3;1833,5;23,12;66,81;19,04;5,58;Spinach;AQUAPONIC;4,305
14679,6;710,8;1631,1;26,82;68,25;21,81;6,64;Bok Choy;AQUAPONIC;4,431
17468,7;548,6;804,3;26,63;68,85;22,78;6,28;Bok Choy;HYDROPONIC;4,829
12416,0;599,2;1204,7;24,36;65,82;19,63;6,54;Lettuce;AEROPONIC;6,255
9463,5;769,2;1150,2;25,0;77,23;19,62;5,68;Spinach;SOIL_BASED;3,156
14674,6;1110,0;1319,8;26,48;76,38;22,07;6,23;Chinese Cabbage;SOIL_BASED;3,256
15992,8;1026,3;1624,9;24,36;77,24;21,53;6,25;Bok Choy;SOIL_BASED;3,597
20508,6;692,9;1268,0;27,09;59,61;23,24;6,56;Lettuce;SOIL_BASED;4,074
12800,9;576,6;1041,0;25,38;74,16;20,76;5,67;Spinach;SOIL_BASED;3,378
14619,4;716,0;1582,0;23,09;81,65;18,47;6,14;Spinach;HYDROPONIC;4,993
18749,2;755,3;1376,6;24,72;77,52;19,92;6,42;Kale;SOIL_BASED;4,0
11491,9;793,8;1480,7;22,42;63,63;19,45;5,69;Kale;SOIL_BASED;4,46
16446,9;688,3;1542,7;20,8;65,18;16,26;5,6;Bok Choy;AEROPONIC;4,846
16331,2;693,8;1191,8;20,3;54,66;16,32;5,61;Kale;SOIL_BASED;4,081
16663,1;867,7;972,9;22,92;78,93;18,87;5,91;Bok Choy;AQUAPONIC;4,893
12448,7;727,7;1336,4;24,38;59,7;20,72;5,89;Chinese Cabbage;HYDROPONIC;4,616
11282,0;740,0;1190,6;28,54;63,93;23,61;6,31;Bok Choy;HYDROPONIC;4,826
13606,3;816,7;1299,1;24,67;72,75;20,16;6,19;Kale;HYDROPONIC;5,864
14455,7;895,3;1648,4;24,04;69,23;19,33;6,1;Chinese Cabbage;AQUAPONIC;3,962
9813,2;808,1;1331,9;23,22;71,1;18,2;5,84;Kale;SOIL_BASED;4,559
16320,2;865,0;1758,4;22,5;63,1;18,98;6,12;Bok Choy;HYDROPONIC;4,807
17439,0;1006,7;1356,6;23,87;57,3;18,9;6,33;Lettuce;AQUAPONIC;5,07
10127,4;733,5;1205,6;22,73;69,84;17,73;5,46;Spinach;AEROPONIC;4,997
17646,2;881,9;952,3;22,59;60,52;18,57;5,87;Kale;SOIL_BASED;4,559
10415,7;657,4;1338,3;25,8;72,42;20,8;6,26;Bok Choy;AQUAPONIC;4,511
11949,1;779,3;1041,8;20,96;60,42;16,87;6,2;Chinese Cabbage;SOIL_BASED;2,932
14594,8;704,6;1418,8;22,8;66,73;19,94;6,25;Kale;AEROPONIC;6,064
14839,0;802,2;1250,5;21,57;82,59;17,1;5,86;Kale;AQUAPONIC;5,611
19239,7;920,7;1242,0;23,83;69,86;20,34;6,13;Spinach;SOIL_BASED;4,025
16718,6;653,0;1302,1;25,89;61,2;21,71;6,13;Bok Choy;AQUAPONIC;4,37
15467,6;950,1;1340,6;24,48;72,24;19,1;6,28;Lettuce;HYDROPONIC;5,717
12151,3;750,1;1271,1;22,88;66,79;18,77;6,14;Chinese Cabbage;SOIL_BASED;3,519
12752,5;781,4;1835,5;26,13;61,3;20,73;5,97;Bok Choy;AQUAPONIC;4,214
11136,2;675,0;1079,3;25,97;68,21;22,13;5,84;Chinese Cabbage;HYDROPONIC;4,293
12825,4;564,9;1546,3;23,61;78,54;19,03;5,79;Kale;AEROPONIC;6,024
20539,3;687,9;1606,5;27,96;73,13;23,51;5,49;Spinach;SOIL_BASED;3,087
14108,3;873,4;992,1;24,67;66,45;20,6;5,99;Spinach;SOIL_BASED;3,496
15137,4;626,1;1294,7;24,6;57,69;20,52;5,47;Lettuce;AEROPONIC;5,896
12958,8;856,9;1372,6;20,13;74,24;16,74;5,99;Spinach;HYDROPONIC;4,843
11223,0;606,7;1324,5;18,79;72,06;14,16;5,32;Kale;AEROPONIC;6,717
15016,1;577,0;1314,4;23,68;54,18;18,62;6,48;Lettuce;SOIL_BASED;3,824
15022,8;693,0;1442,6;26,29;55,41;23,97;6,43;Bok Choy;AQUAPONIC;4,589
18562,1;694,6;734,9;24,42;81,37;19,53;6,15;Spinach;HYDROPONIC;4,903
12786,6;957,9;1254,4;26,16;70,72;22,83;5,33;Lettuce;HYDROPONIC;5,24
12961,2;916,8;1170,7;22,34;56,17;17,33;6,03;Kale;HYDROPONIC;5,826
11787,3;701,3;1093,0;23,73;77,66;20,34;6,18;Chinese Cabbage;AEROPONIC;4,485
15271,4;927,8;1508,6;23,55;78,34;19,2;5,72;Chinese Cabbage;AEROPONIC;4,312
18250,6;798,0;1548,4;18,46;61,97;15,68;5,34;Kale;AQUAPONIC;5,354
18117,0;605,5;1575,6;28,51;60,16;24,9;6,82;Kale;AQUAPONIC;5,342
20499,6;736,8;1501,3;26,85;68,68;21,68;6,06;Chinese Cabbage;HYDROPONIC;4,573
10064,8;686,6;968,7;26,1;69,36;21,43;6,23;Lettuce;AQUAPONIC;5,086
15662,3;865,7;1317,9;27,1;66,66;22,47;6,09;Chinese Cabbage;AEROPONIC;4,538
16067,0;636,2;1568,5;22,19;58,88;18,01;6,51;Kale;AQUAPONIC;5,278
9333,4;725,1;625,1;25,73;65,01;21,38;6,22;Spinach;AEROPONIC;4,467
17858,5;831,5;1702,7;22,19;64,39;16,79;6,31;Bok Choy;AQUAPONIC;4,668
6480,2;754,1;953,9;23,91;55,35;19,82;6,09;Spinach;SOIL_BASED;3,547
13652,4;890,1;1048,7;18,62;76,43;14,41;5,97;Spinach;AEROPONIC;4,964
8721,7;809,1;1479,2;23,08;58,98;18,0;5,96;Kale;SOIL_BASED;4,326
25000,0;612,8;1786,8;19,22;79,1;15,04;5,68;Chinese Cabbage;AEROPONIC;4,778
14099,0;848,1;1037,1;19,99;69,3;16,11;6,11;Lettuce;AQUAPONIC;5,248
17824,5;973,6;1075,8;23,35;62,54;19,36;6,25;Spinach;SOIL_BASED;3,57
14593,1;784,1;1606,3;21,52;71,29;17,46;6,31;Chinese Cabbage;AQUAPONIC;4,155
12023,8;825,0;1322,8;24,45;66,87;21,12;5,99;Lettuce;AEROPONIC;5,824
18375,1;631,1;1215,5;28,19;79,26;25,28;6,52;Spinach;SOIL_BASED;3,138
14383,2;669,8;1334,5;21,76;86,03;17,59;5,59;Lettuce;HYDROPONIC;5,416
10360,5;1024,7;1848,0;22,76;71,34;18,27;6,54;Chinese Cabbage;AQUAPONIC;3,957
12284,5;958,8;1480,2;25,36;66,48;20,48;5,75;Bok Choy;AEROPONIC;5,303
10987,5;802,1;1372,4;21,62;81,62;18,25;5,85;Chinese Cabbage;SOIL_BASED;3,031
14187,5;790,6;1430,8;21,5;66,26;16,11;5,37;Kale;AQUAPONIC;5,677
13516,8;868,4;1388,1;22,26;63,52;19,51;5,67;Lettuce;SOIL_BASED;4,309
13774,8;629,8;1517,5;25,97;78,46;21,16;6,19;Bok Choy;AQUAPONIC;4,335
16167,5;951,8;1114,1;18,55;75,14;14,32;6,22;Lettuce;AQUAPONIC;5,264
23888,3;889,5;1262,3;21,13;63,63;17,06;6,52;Lettuce;AQUAPONIC;4,923
14758,6;733,2;1274,8;27,79;70,68;24,44;6,62;Spinach;SOIL_BASED;3,343
11648,1;768,6;1039,1;15,0;65,08;12,0;5,78;Kale;SOIL_BASED;4,027
22428,7;764,5;994,5;23,14;73,14;19,18;6,07;Lettuce;AQUAPONIC;5,136
19669,3;713,4;1643,1;27,78;72,29;22,74;5,32;Chinese Cabbage;HYDROPONIC;4,238
16426,6;742,2;1464,3;28,85;57,13;25,2;5,79;Chinese Cabbage;HYDROPONIC;3,96
14980,5;876,3;1739,9;25,74;68,35;22,02;6,11;Spinach;HYDROPONIC;4,949
15883,4;819,7;1411,2;26,78;55,39;22,25;5,2;Kale;AEROPONIC;6,023
6302,0;770,3;1363,1;20,84;55,91;16,91;5,53;Kale;HYDROPONIC;5,385
8910,3;899,0;1227,0;21,07;63,8;17,67;6,15;Chinese Cabbage;SOIL_BASED;3,328
17558,9;958,6;1542,1;28,3;62,93;25,58;5,77;Bok Choy;HYDROPONIC;4,773
19553,2;667,2;949,1;22,76;53,47;17,18;5,85;Spinach;SOIL_BASED;3,219
8175,6;1028,5;1359,2;18,24;57,91;13,88;6,31;Spinach;AEROPONIC;4,699
11432,0;927,6;1520,4;24,67;54,9;19,23;5,95;Chinese Cabbage;SOIL_BASED;3,121
12174,2;969,0;1258,0;22,97;61,7;18,58;5,75;Chinese Cabbage;SOIL_BASED;3,032
11218,5;1212,6;1394,7;23,73;72,47;18,76;6,51;Bok Choy;SOIL_BASED;3,598
15565,1;904,6;1692,0;16,83;80,55;12,0;7,0;Bok Choy;HYDROPONIC;4,733
17107,2;538,9;1220,2;16,09;76,99;12,0;6,3;Kale;AQUAPONIC;5,17
10933,3;660,8;1389,1;24,35;71,69;18,86;6,19;Spinach;SOIL_BASED;3,602
9529,1;588,5;1546,1;22,65;71,21;17,27;6,68;Spinach;HYDROPONIC;4,414
10386,9;986,8;1197,2;22,22;67,1;18,72;5,6;Chinese Cabbage;HYDROPONIC;4,353
12912,3;977,6;999,5;24,59;67,15;20,48;6,53;Kale;HYDROPONIC;5,871
20059,3;1040,3;1469,7;21,32;79,77;16,09;6,48;Spinach;AQUAPONIC;4,4
14733,8;894,9;1310,1;22,76;73,26;19,06;5,63;Kale;AQUAPONIC;5,484
21251,2;1026,7;1273,1;22,24;69,69;18,03;6,19;Kale;AQUAPONIC;5,695
17273,4;549,7;1324,2;25,98;53,08;21,81;5,95;Chinese Cabbage;AQUAPONIC;4,034
12309,8;774,7;972,7;18,24;74,19;14,08;5,78;Kale;AEROPONIC;6,157
14973,6;647,0;1215,0;21,69;74,3;17,21;5,18;Bok Choy;AQUAPONIC;4,362
12662,7;544,9;1465,8;26,55;62,73;22,37;6,36;Bok Choy;AQUAPONIC;4,539
10670,2;1040,0;1279,3;21,16;69,92;17,44;5,72;Lettuce;AQUAPONIC;4,879
13423,8;606,3;1145,8;23,84;66,86;19,28;6,07;Chinese Cabbage;SOIL_BASED;3,155
17268,5;757,5;1087,8;28,17;63,42;24,07;6,25;Lettuce;SOIL_BASED;4,236
12481,4;851,4;1350,7;23,94;71,49;18,75;6,26;Bok Choy;AQUAPONIC;4,462
13667,9;662,4;1498,8;29,49;58,81;25,4;6,38;Lettuce;AEROPONIC;5,432
12431,5;511,9;1546,8;27,42;85,33;22,73;5,97;Chinese Cabbage;SOIL_BASED;3,278
19229,9;802,3;1135,4;21,68;72,52;17,65;6,51;Chinese Cabbage;HYDROPONIC;4,349
13871,2;702,7;1702,5;19,96;67,07;17,28;5,6;Kale;SOIL_BASED;4,406
13378,9;1053,3;1309,6;21,81;76,15;17,13;6,7;Spinach;HYDROPONIC;4,752
13461,7;823,9;853,7;24,56;74,66;18,97;6,45;Kale;SOIL_BASED;4,567
15646,1;866,0;1310,9;24,47;61,67;20,15;5,45;Chinese Cabbage;AQUAPONIC;4,165
14805,5;350,0;1019,2;25,36;63,71;20,66;6,37;Bok Choy;SOIL_BASED;3,863
17868,9;848,9;1386,4;20,91;48,56;16,57;5,77;Bok Choy;AQUAPONIC;4,445
13158,5;764,4;1352,3;21,32;58,89;17,12;5,64;Kale;AQUAPONIC;5,625
20708,3;992,0;884,0;25,06;73,67;19,66;6,76;Chinese Cabbage;SOIL_BASED;3,003
11965,2;680,0;1653,8;29,07;69,56;24,27;5,76;Bok Choy;HYDROPONIC;4,865
14926,1;854,9;1112,3;20,43;63,81;16,43;5,58;Chinese Cabbage;HYDROPONIC;4,029
16144,1;625,5;807,2;23,3;70,95;19,77;5,71;Bok Choy;SOIL_BASED;3,667
14431,9;567,4;1613,0;22,49;63,48;16,8;5,57;Chinese Cabbage;AQUAPONIC;3,851
14550,3;702,9;1438,8;23,91;55,67;19,55;5,63;Lettuce;HYDROPONIC;5,612
11419,1;723,8;1213,4;20,15;59,95;15,22;7,19;Chinese Cabbage;AEROPONIC;4,59
16854,2;623,4;1292,6;23,75;87,51;20,43;6,22;Chinese Cabbage;AQUAPONIC;3,684
15057,8;742,6;1249,7;26,92;66,71;24,49;5,62;Kale;SOIL_BASED;4,325
14596,6;830,3;867,6;18,95;67,2;15,49;6,66;Lettuce;AQUAPONIC;4,938
7847,6;909,3;916,5;26,29;72,45;21,58;5,68;Spinach;AEROPONIC;5,15
16481,3;487,5;1527,6;20,15;76,32;16,42;5,89;Kale;AEROPONIC;5,965
16692,5;787,7;1387,3;24,22;66,08;20,93;6,07;Spinach;HYDROPONIC;4,659
4846,5;486,0;1518,0;24,87;77,43;20,65;6,34;Bok Choy;AEROPONIC;4,706
16739,0;992,3;1594,0;24,55;66,13;20,39;6,18;Spinach;AQUAPONIC;4,25
13693,0;954,3;419,7;22,57;67,91;17,6;5,96;Chinese Cabbage;HYDROPONIC;4,153
8686,4;762,5;1174,0;25,35;63,9;21,26;6,41;Spinach;AEROPONIC;4,484
11115,8;655,1;979,7;19,98;74,54;14,7;6,43;Kale;HYDROPONIC;5,846
10172,5;765,9;1246,7;26,06;56,26;21,09;5,44;Kale;HYDROPONIC;6,175
11527,1;595,9;798,3;22,2;69,95;18,68;6,29;Spinach;SOIL_BASED;3,373
16378,6;1025,4;1435,3;24,4;73,03;18,78;5,65;Kale;HYDROPONIC;5,908
16557,6;628,1;1451,7;22,52;76,71;17,1;5,88;Kale;HYDROPONIC;5,927
16523,2;881,7;1871,2;27,79;72,64;23,67;6,32;Spinach;AEROPONIC;4,692
13601,2;687,3;1254,0;24,73;60,18;19,66;6,1;Lettuce;AQUAPONIC;5,108
23699,2;854,5;1456,1;25,33;72,91;19,56;6,33;Lettuce;AQUAPONIC;5,16
5904,6;739,3;1532,3;25,71;74,29;20,91;6,01;Bok Choy;AEROPONIC;4,978
10973,5;886,2;1726,9;22,83;73,52;18,57;5,41;Kale;AQUAPONIC;5,654
15386,0;941,0;985,9;24,31;65,97;20,07;5,55;Spinach;HYDROPONIC;4,751
12154,8;727,5;1512,8;23,96;66,7;20,63;6,06;Kale;SOIL_BASED;4,539
13535,7;818,8;1383,4;25,31;76,46;20,23;6,42;Chinese Cabbage;HYDROPONIC;4,388
14653,9;1059,5;859,6;22,25;68,02;17,51;5,66;Kale;HYDROPONIC;6,301
13466,1;782,9;1401,5;21,52;59,89;17,63;5,97;Kale;SOIL_BASED;4,458
9672,5;862,7;1472,8;26,81;64,52;23,59;6,19;Lettuce;AEROPONIC;5,721
17396,7;894,0;841,5;25,7;80,68;22,62;6,33;Spinach;HYDROPONIC;4,623
17419,8;617,6;1260,2;21,15;56,58;17,49;6,19;Kale;HYDROPONIC;5,906
20021,7;570,4;1300,4;28,83;79,05;24,58;6,14;Lettuce;AEROPONIC;5,59
7906,3;788,7;1292,4;21,9;68,21;17,12;5,94;Bok Choy;HYDROPONIC;4,97
17193,1;720,6;1442,5;23,83;56,73;18,65;5,54;Lettuce;HYDROPONIC;5,263
11478,6;637,5;1124,1;26,77;74,73;21,95;6,27;Lettuce;AQUAPONIC;5,342
14071,1;487,2;995,4;26,75;61,95;21,55;6,16;Lettuce;AEROPONIC;6,111
12218,5;731,7;1406,7;21,52;68,8;17,19;6,36;Kale;HYDROPONIC;5,88
11148,5;757,6;1688,7;24,95;52,38;20,78;6,75;Kale;HYDROPONIC;5,819
16676,1;861,1;1669,6;22,63;79,44;18,31;6,08;Bok Choy;SOIL_BASED;3,51
20378,8;762,2;1901,5;24,67;65,5;21,58;5,71;Chinese Cabbage;SOIL_BASED;3,005
21404,8;556,2;1183,7;23,15;62,79;18,08;6,17;Chinese Cabbage;SOIL_BASED;3,238
18124,9;726,9;1236,4;22,37;69,63;18,66;6,46;Chinese Cabbage;HYDROPONIC;4,685
10597,6;627,5;720,4;20,81;75,53;16,99;5,99;Bok Choy;HYDROPONIC;4,878
14045,3;874,1;1119,9;26,82;66,39;22,85;6,0;Chinese Cabbage;SOIL_BASED;2,989
14309,6;1000,2;869,1;21,42;75,26;15,81;6,52;Chinese Cabbage;AQUAPONIC;3,841
16364,4;779,8;1190,2;27,61;67,78;24,08;6,85;Lettuce;AQUAPONIC;5,281
17071,8;736,9;1634,1;22,68;68,75;18,41;5,99;Kale;AQUAPONIC;5,609
12876,8;818,2;1556,9;24,86;61,19;20,69;5,78;Kale;AQUAPONIC;5,198
18878,4;970,4;1194,3;27,81;76,98;23,89;6,05;Lettuce;AEROPONIC;5,636
22736,8;421,3;1130,5;22,29;73,7;17,54;6,42;Lettuce;SOIL_BASED;4,134
15753,7;655,0;1068,8;24,82;72,67;21,73;6,59;Lettuce;HYDROPONIC;5,717
12520,2;665,7;1504,3;24,88;77,07;19,65;6,31;Kale;SOIL_BASED;4,685
18260,9;789,8;1198,5;21,63;59,08;17,4;5,89;Chinese Cabbage;AQUAPONIC;3,953
18395,4;839,1;1348,6;24,12;68,6;19,81;5,88;Lettuce;HYDROPONIC;5,562
16934,3;829,7;1454,0;25,59;77,42;20,4;6,37;Bok Choy;AEROPONIC;5,258
14487,8;824,7;1472,9;28,26;67,7;23,18;5,98;Lettuce;SOIL_BASED;4,026
19419,2;788,6;555,9;22,34;69,26;18,57;5,96;Spinach;HYDROPONIC;4,6
11134,0;716,2;1425,8;24,47;69,01;21,78;5,33;Lettuce;HYDROPONIC;5,715
14273,3;787,5;1305,8;23,14;72,02;18,91;6,07;Kale;AQUAPONIC;5,6
21164,7;440,7;811,2;24,04;51,65;19,95;6,19;Lettuce;AQUAPONIC;4,861
14424,9;657,5;1639,2;21,84;69,01;18,11;6,87;Spinach;SOIL_BASED;3,553
14595,7;802,6;1331,4;23,03;71,37;18,57;5,68;Bok Choy;AEROPONIC;4,966
15268,3;579,3;877,4;27,75;71,34;23,17;6,36;Chinese Cabbage;HYDROPONIC;4,337
11315,6;596,1;1128,6;23,86;81,6;19,86;6,46;Lettuce;AQUAPONIC;5,135
10496,6;754,7;1225,3;23,71;63,03;19,29;6,19;Spinach;SOIL_BASED;3,229
12625,6;963,8;1959,3;21,11;82,01;16,0;6,75;Spinach;AQUAPONIC;4,306
13855,7;783,4;1052,8;26,55;64,92;21,01;6,39;Bok Choy;SOIL_BASED;3,485
18612,0;561,1;1100,9;25,87;56,53;22,23;6,34;Kale;AQUAPONIC;5,649
15418,9;787,2;1326,8;23,86;80,8;18,77;5,89;Lettuce;AEROPONIC;5,837
19813,4;892,6;1836,7;28,82;76,95;24,88;6,22;Spinach;HYDROPONIC;4,407
16378,9;836,6;1219,7;22,01;69,16;18,53;5,74;Bok Choy;AQUAPONIC;4,554
17529,2;697,2;1163,8;20,58;63,02;15,84;5,74;Chinese Cabbage;HYDROPONIC;4,263
16712,7;750,1;1326,8;23,23;66,23;19,73;6,26;Spinach;SOIL_BASED;3,345
20061,5;816,6;1194,2;21,13;70,17;18,17;6,4;Bok Choy;AEROPONIC;5,239
14707,3;863,3;1190,4;24,17;79,8;20,16;6,14;Kale;HYDROPONIC;5,744
14825,1;753,6;1530,2;23,7;56,81;19,94;6,45;Kale;AQUAPONIC;5,36
10782,5;631,6;1150,7;26,73;66,21;22,37;5,87;Spinach;HYDROPONIC;4,749
17624,8;762,8;1188,7;22,22;65,76;17,91;6,62;Spinach;HYDROPONIC;4,784
12785,5;730,3;1540,0;24,43;63,88;19,6;6,53;Lettuce;SOIL_BASED;4,1
17050,1;820,9;908,4;24,02;62,49;21,12;6,49;Bok Choy;AEROPONIC;4,892
15173,4;989,6;1189,8;25,83;81,66;21,83;5,79;Spinach;AEROPONIC;4,95
10480,3;951,8;847,3;20,33;61,18;17,56;6,25;Lettuce;HYDROPONIC;5,27
14838,6;759,7;1150,3;20,99;69,15;16,47;6,95;Lettuce;HYDROPONIC;5,803
13001,7;802,6;1188,8;21,88;57,97;16,96;5,36;Spinach;SOIL_BASED;3,811
9498,1;591,1;1193,2;20,46;75,38;16,46;6,06;Kale;HYDROPONIC;6,204
15674,4;868,4;1178,5;25,21;63,81;21,45;6,34;Bok Choy;SOIL_BASED;3,586
20496,4;810,6;1353,0;25,24;49,27;21,93;5,83;Bok Choy;AEROPONIC;4,802
11087,5;853,8;989,3;26,56;76,27;21,34;5,91;Kale;AEROPONIC;6,339
5128,2;659,9;1381,4;23,09;63,29;18,18;5,93;Spinach;SOIL_BASED;3,504
21635,7;792,4;1148,4;22,21;79,14;17,39;5,78;Bok Choy;HYDROPONIC;5,067
8869,3;696,2;1477,1;20,85;77,26;16,06;6,31;Spinach;AEROPONIC;5,08
20683,3;926,7;1263,8;27,15;67,05;22,73;5,59;Spinach;AQUAPONIC;4,167
19121,7;842,6;1126,1;22,88;71,37;17,02;5,7;Lettuce;SOIL_BASED;4,246
14791,5;952,6;939,3;21,47;68,8;16,63;5,83;Kale;AEROPONIC;5,981
12253,8;625,4;1357,1;25,6;56,09;21,8;6,68;Spinach;AEROPONIC;4,574
18498,2;760,4;1230,0;22,55;80,1;19,64;6,68;Chinese Cabbage;AEROPONIC;4,867
15069,5;751,2;1660,3;20,51;65,83;18,32;6,16;Kale;AQUAPONIC;5,281
20948,8;829,9;1680,0;21,07;68,2;17,12;6,78;Bok Choy;AQUAPONIC;4,35
16388,4;814,7;1153,6;23,75;68,32;19,07;6,08;Lettuce;AQUAPONIC;4,729
20705,6;794,3;667,1;20,5;66,08;15,54;6,75;Bok Choy;HYDROPONIC;5,076
17319,8;566,8;1510,5;23,26;73,44;19,22;6,3;Bok Choy;SOIL_BASED;3,73
19137,1;631,2;1141,6;21,08;67,17;17,73;6,19;Kale;HYDROPONIC;6,352
15775,9;733,3;1189,0;20,85;63,64;17,73;5,83;Bok Choy;AQUAPONIC;4,413
14303,3;828,4;1590,6;22,13;64,48;17,95;6,11;Spinach;SOIL_BASED;3,473
13038,0;994,7;1370,3;23,95;82,13;19,63;5,94;Bok Choy;HYDROPONIC;4,935
11311,7;809,4;1500,5;24,39;68,5;22,12;5,73;Lettuce;HYDROPONIC;5,615
14104,9;942,4;1556,5;26,09;81,81;21,87;5,79;Lettuce;HYDROPONIC;5,633
10993,5;726,0;1236,2;21,31;59,87;16,38;6,19;Chinese Cabbage;AQUAPONIC;4,025
13071,1;570,4;1457,9;27,4;62,51;23,08;5,7;Lettuce;AEROPONIC;5,789
15316,8;844,5;1307,4;31,12;63,89;26,92;6,37;Bok Choy;SOIL_BASED;3,448
16351,5;777,6;1420,3;22,32;67,3;17,91;5,94;Lettuce;AQUAPONIC;5,219
19296,5;719,4;1320,5;18,55;61,93;13,96;6,06;Kale;SOIL_BASED;4,045
15389,1;550,5;1633,8;18,62;66,91;14,96;6,36;Lettuce;AQUAPONIC;5,127
16197,8;484,1;946,9;22,11;69,71;16,72;5,52;Spinach;HYDROPONIC;4,967
13763,7;949,5;1167,2;21,56;76,54;16,91;5,04;Kale;HYDROPONIC;5,971
14526,7;687,9;1256,9;23,51;56,58;19,28;5,75;Chinese Cabbage;AEROPONIC;4,528
14768,9;894,0;1311,4;24,92;75,9;20,65;6,44;Spinach;AEROPONIC;4,906
21859,3;1021,8;946,5;19,9;74,28;16,0;6,35;Bok Choy;SOIL_BASED;3,631
15981,5;726,0;1086,7;23,02;59,72;17,67;5,6;Bok Choy;AEROPONIC;5,121
10330,8;941,2;1289,6;22,08;61,3;16,83;5,81;Bok Choy;AEROPONIC;5,332
15314,6;850,1;1138,6;29,2;71,05;24,96;6,14;Spinach;SOIL_BASED;3,247
11534,5;937,4;834,1;19,63;62,64;14,99;5,99;Spinach;AQUAPONIC;4,458
12223,8;787,9;1185,2;21,38;79,65;15,44;6,31;Spinach;AEROPONIC;4,845
14681,4;835,2;964,5;23,59;67,94;18,99;6,28;Kale;AQUAPONIC;5,633
16058,0;883,4;1436,2;21,39;57,72;18,28;6,68;Kale;HYDROPONIC;5,957
15840,0;558,9;1356,6;26,67;58,51;21,91;6,52;Bok Choy;AEROPONIC;5,228
12147,5;737,8;1514,2;20,64;55,33;17,75;6,18;Lettuce;HYDROPONIC;5,496
9128,1;562,8;1334,2;20,94;67,11;17,49;6,16;Bok Choy;HYDROPONIC;5,021
14047,1;760,6;1000,9;26,91;67,51;22,78;6,48;Chinese Cabbage;AQUAPONIC;3,884
14273,6;719,8;462,0;20,17;72,36;15,77;6,84;Kale;SOIL_BASED;4,045
14190,4;989,6;1577,2;25,84;78,73;20,77;5,66;Spinach;AEROPONIC;4,724
15246,1;1062,4;1169,1;22,23;68,1;16,42;6,02;Kale;AQUAPONIC;5,532
13008,4;841,4;699,6;21,77;78,77;17,41;5,73;Spinach;SOIL_BASED;3,312
17699,1;1015,6;1687,5;22,08;61,8;17,63;6,55;Chinese Cabbage;HYDROPONIC;4,053
16851,7;804,4;1430,1;20,36;55,49;15,62;6,38;Chinese Cabbage;AEROPONIC;4,648
17379,8;680,7;1683,8;26,04;74,74;22,49;5,79;Kale;HYDROPONIC;5,773
19634,5;890,4;1391,1;23,88;74,16;20,37;6,31;Spinach;HYDROPONIC;4,894
16162,2;733,5;1452,8;25,99;70,15;22,19;5,8;Chinese Cabbage;AEROPONIC;4,541
14687,8;758,7;1147,8;26,79;73,79;22,66;6,18;Bok Choy;SOIL_BASED;3,503
14149,4;858,7;1465,0;25,01;48,38;21,61;6,67;Bok Choy;SOIL_BASED;3,367
16961,3;712,8;1783,4;19,43;64,01;15,52;6,32;Spinach;AEROPONIC;4,453
14769,2;1075,2;1495,8;20,79;77,51;16,19;6,63;Kale;AEROPONIC;6,083
8093,3;464,4;1187,4;25,88;65,81;21,22;6,65;Chinese Cabbage;AQUAPONIC;3,975
12419,4;610,2;939,3;23,66;73,53;19,9;5,73;Kale;AQUAPONIC;5,373
19669,6;806,6;1577,6;25,32;90,12;21,79;6,79;Bok Choy;HYDROPONIC;4,8
7995,3;822,1;1295,2;23,25;76,69;20,3;5,72;Chinese Cabbage;AEROPONIC;4,636
15703,1;764,8;1306,6;22,3;64,94;17,75;5,3;Kale;SOIL_BASED;4,251
16417,8;773,1;765,4;25,32;52,99;20,91;6,01;Lettuce;HYDROPONIC;5,413
14196,8;594,6;746,6;18,66;74,08;14,96;5,55;Spinach;HYDROPONIC;4,661
12142,2;887,7;1302,2;22,6;50,8;19,78;5,99;Spinach;HYDROPONIC;4,838
10789,6;803,0;1046,2;23,69;61,29;19,09;6,31;Lettuce;HYDROPONIC;5,283
15163,7;777,6;1334,4;24,08;61,71;19,57;6,83;Bok Choy;SOIL_BASED;3,634
13413,1;877,7;1527,9;19,88;66,97;16,3;5,76;Chinese Cabbage;HYDROPONIC;4,104
19899,5;868,9;1132,6;19,99;70,34;16,66;5,76;Spinach;AEROPONIC;5,088
16174,2;663,0;1340,7;22,4;60,67;16,78;6,26;Lettuce;AQUAPONIC;5,374
13118,3;817,5;1249,6;23,32;76,95;19,18;5,87;Lettuce;SOIL_BASED;4,072
15541,4;782,0;2047,5;27,85;80,06;24,35;6,25;Bok Choy;AEROPONIC;4,988
12131,4;874,1;1142,7;21,04;65,94;16,4;7,01;Bok Choy;AEROPONIC;5,137
13856,4;942,9;1098,6;22,12;77,11;18,96;5,38;Kale;AEROPONIC;6,09
8268,8;743,0;1161,7;27,96;62,13;23,74;6,25;Spinach;AQUAPONIC;4,243
13245,7;873,7;1582,7;26,48;59,19;21,93;5,64;Kale;AQUAPONIC;5,408
16407,4;805,7;1151,2;20,38;77,19;16,03;5,83;Lettuce;AQUAPONIC;5,238
13910,2;598,8;1472,5;25,39;70,26;21,21;6,14;Chinese Cabbage;AEROPONIC;4,694
17624,7;668,3;1289,2;25,83;71,34;21,97;6,1;Chinese Cabbage;AQUAPONIC;4,22
18930,8;670,9;1296,2;24,05;83,65;20,23;6,13;Bok Choy;HYDROPONIC;4,954
17012,5;936,8;1696,1;20,22;73,66;14,9;6,28;Chinese Cabbage;AQUAPONIC;3,947
21466,8;606,6;810,4;21,83;88,42;18,17;5,86;Chinese Cabbage;SOIL_BASED;3,183
18123,2;555,4;1314,6;21,74;68,79;17,77;6,71;Chinese Cabbage;AEROPONIC;4,466
14623,1;908,7;1461,3;24,98;80,85;22,3;5,71;Lettuce;AEROPONIC;5,998
13789,5;811,8;1382,3;22,3;67,57;16,63;6,15;Chinese Cabbage;HYDROPONIC;4,33
13072,2;737,5;898,8;22,76;58,19;18,68;6,52;Chinese Cabbage;AQUAPONIC;3,64
12018,4;509,7;983,7;21,81;75,07;17,32;5,76;Chinese Cabbage;AQUAPONIC;3,869
15660,6;514,4;1352,3;19,14;67,69;13,59;5,95;Kale;SOIL_BASED;4,097
13221,9;422,3;672,8;30,77;85,63;27,04;6,04;Lettuce;HYDROPONIC;4,976
9805,3;656,3;1142,3;24,63;72,79;21,26;5,98;Bok Choy;SOIL_BASED;3,741
17293,1;1113,6;960,1;27,62;76,09;23,03;5,9;Kale;SOIL_BASED;4,377
12464,9;813,9;1330,1;20,38;54,67;15,95;6,3;Spinach;AEROPONIC;4,872
9223,6;841,1;1239,1;27,75;74,16;22,08;6,11;Lettuce;AEROPONIC;5,804
18407,8;771,1;1378,5;22,39;67,4;17,99;6,0;Lettuce;AQUAPONIC;5,156
18533,7;587,0;1054,5;24,98;61,4;20,2;5,67;Spinach;AQUAPONIC;4,433
10498,8;710,8;1349,0;26,28;79,94;21,95;5,3;Spinach;SOIL_BASED;3,73
12623,0;942,5;1281,0;27,73;57,01;24,19;6,54;Spinach;AQUAPONIC;4,359
11683,2;839,7;1056,7;23,37;71,02;20,31;6,03;Bok Choy;SOIL_BASED;3,63
12250,8;429,7;1564,7;20,69;62,78;15,88;5,67;Chinese Cabbage;AQUAPONIC;4,072
7231,6;1032,7;1461,8;23,46;70,32;20,03;6,48;Lettuce;AQUAPONIC;5,315
13035,3;766,2;1114,1;25,15;65,62;20,49;5,23;Chinese Cabbage;AEROPONIC;4,333
13177,6;668,6;1075,2;22,0;66,46;17,75;7,14;Chinese Cabbage;AEROPONIC;4,38
20029,2;739,2;1521,5;22,32;68,49;18,18;6,42;Spinach;AEROPONIC;4,908
14991,8;715,8;860,9;19,16;59,85;15,22;5,54;Bok Choy;AEROPONIC;4,972
12608,5;675,6;943,9;20,76;76,73;17,14;5,79;Kale;HYDROPONIC;5,967
15274,6;860,8;1404,8;24,74;73,66;20,22;6,2;Bok Choy;AEROPONIC;5,242
9775,4;660,2;1751,9;25,97;59,6;22,06;6,07;Chinese Cabbage;HYDROPONIC;4,509
14767,5;654,0;1122,9;26,58;80,0;22,39;6,44;Bok Choy;AEROPONIC;5,195
12180,4;798,9;1152,7;29,87;74,47;24,53;6,54;Spinach;AQUAPONIC;4,532
14944,9;831,8;1222,9;27,67;68,87;23,03;5,76;Kale;SOIL_BASED;4,258
16114,7;881,9;1156,9;23,07;55,92;19,06;6,02;Spinach;AQUAPONIC;4,076
12567,9;874,5;1168,9;20,88;62,51;16,96;6,07;Kale;AQUAPONIC;5,516
15452,3;801,0;1120,6;22,78;51,96;19,07;5,34;Chinese Cabbage;HYDROPONIC;4,189
12080,1;522,4;1328,7;21,96;69,53;18,43;6,17;Kale;AEROPONIC;6,275
10805,0;961,5;1460,4;23,96;75,2;19,43;5,39;Kale;SOIL_BASED;4,511
17704,9;923,7;1321,1;25,99;61,85;23,08;6,45;Kale;SOIL_BASED;4,131
18098,3;818,4;1237,8;24,84;68,05;20,3;5,81;Bok Choy;AEROPONIC;5,221
15223,7;748,5;1122,0;27,91;76,44;22,27;6,04;Bok Choy;HYDROPONIC;5,095
17233,6;694,8;974,2;24,61;62,7;19,56;6,02;Chinese Cabbage;HYDROPONIC;4,136
9089,3;893,7;942,3;19,93;72,74;16,6;5,72;Kale;HYDROPONIC;5,742
17375,9;515,8;890,5;21,9;85,89;16,05;5,97;Lettuce;SOIL_BASED;4,024
19493,6;836,6;1444,3;24,63;74,26;19,81;5,95;Chinese Cabbage;HYDROPONIC;4,103
16613,3;859,8;1128,6;24,14;59,24;20,82;6,26;Kale;HYDROPONIC;5,974
14053,2;461,0;1383,2;27,16;67,79;24,13;5,24;Kale;SOIL_BASED;4,312
9831,1;1056,4;1094,3;23,52;74,15;19,83;5,9;Bok Choy;SOIL_BASED;3,879
16402,3;1120,4;1261,0;23,01;72,25;18,76;7,2;Chinese Cabbage;AQUAPONIC;4,17
16445,9;1088,4;1191,9;19,09;58,88;14,48;6,23;Kale;SOIL_BASED;4,39
18321,6;880,3;1689,1;21,24;71,73;17,44;6,0;Kale;AEROPONIC;6,27
13367,1;1047,0;1156,2;24,36;66,2;20,51;6,23;Chinese Cabbage;SOIL_BASED;2,969
12506,0;741,9;1499,0;24,09;64,13;19,61;5,88;Lettuce;SOIL_BASED;4,133
11837,3;1116,4;916,8;25,17;72,7;21,51;6,63;Chinese Cabbage;HYDROPONIC;4,402
11262,0;804,2;1632,0;24,76;82,99;20,45;6,29;Chinese Cabbage;AQUAPONIC;3,834
16223,2;484,8;1495,6;23,18;61,66;18,35;5,59;Lettuce;HYDROPONIC;5,345
14377,1;672,8;1127,2;20,7;71,85;16,54;6,16;Chinese Cabbage;AQUAPONIC;3,963
16135,9;837,9;1123,2;23,5;67,32;18,19;6,07;Kale;HYDROPONIC;6,072
15035,9;807,7;1590,0;23,38;73,18;19,26;6,48;Chinese Cabbage;AEROPONIC;4,574
13049,0;610,7;1522,0;27,34;68,91;23,92;5,59;Lettuce;HYDROPONIC;5,633
11442,2;970,1;1218,6;27,22;63,09;21,47;5,95;Spinach;HYDROPONIC;4,7
19135,6;941,2;1056,5;22,16;62,76;17,38;5,8;Chinese Cabbage;AEROPONIC;4,411
15287,4;684,1;1559,7;21,76;71,92;17,49;5,58;Bok Choy;AEROPONIC;4,864
18646,3;506,0;1157,3;19,71;69,11;15,47;5,64;Kale;SOIL_BASED;4,665
16161,7;878,6;1367,2;23,04;73,28;19,48;5,93;Kale;HYDROPONIC;5,835
13220,9;709,3;1131,8;22,17;54,43;17,91;6,73;Bok Choy;AEROPONIC;4,981
13055,9;697,3;1222,9;30,8;77,29;27,11;6,09;Bok Choy;AEROPONIC;5,015
11695,5;617,8;1775,1;20,38;80,03;15,19;6,3;Chinese Cabbage;SOIL_BASED;3,178
18947,8;975,7;1260,1;23,66;69,29;19,12;5,95;Bok Choy;AQUAPONIC;5,022
19409,7;558,0;1654,0;21,7;73,61;17,33;5,71;Spinach;AEROPONIC;5,001
13424,3;669,4;884,3;23,57;76,3;19,75;6,01;Lettuce;AEROPONIC;5,93
16815,9;714,2;829,3;22,57;66,46;18,27;6,06;Bok Choy;HYDROPONIC;4,631
13266,9;716,0;1431,6;25,77;69,97;22,64;6,65;Bok Choy;SOIL_BASED;3,644
9300,6;469,8;1080,0;24,73;72,13;20,04;6,39;Spinach;HYDROPONIC;4,875
12504,9;704,8;1273,9;25,68;63,55;21,87;6,17;Kale;AQUAPONIC;5,264
17049,2;844,4;728,9;21,39;69,17;17,72;5,49;Kale;SOIL_BASED;4,135
18043,9;821,9;751,6;26,52;50,83;20,85;6,29;Chinese Cabbage;HYDROPONIC;4,101
14489,4;415,7;1283,7;22,15;62,69;17,41;6,45;Spinach;AEROPONIC;4,729
12108,6;920,5;1154,0;19,56;80,45;16,29;5,95;Lettuce;AEROPONIC;5,745
10556,2;863,5;1192,9;22,99;71,28;17,94;6,33;Lettuce;SOIL_BASED;4,082
13394,3;526,9;1713,7;23,82;61,23;21,03;6,39;Spinach;AEROPONIC;4,768
13641,7;737,4;1403,8;20,0;57,51;16,49;6,0;Lettuce;HYDROPONIC;5,771
13626,2;587,7;1837,7;25,95;89,44;21,43;5,98;Kale;SOIL_BASED;4,167
10397,9;940,2;1299,7;21,23;62,04;17,04;5,7;Lettuce;AEROPONIC;5,841
15743,0;972,0;1668,7;21,11;63,77;17,42;6,47;Lettuce;AEROPONIC;5,853
14848,1;885,0;1535,7;23,5;73,09;19,09;6,48;Spinach;AQUAPONIC;4,483
13521,1;1022,6;1148,6;25,9;60,94;22,13;6,52;Spinach;AQUAPONIC;4,22
14509,4;847,6;1235,1;20,1;71,2;15,75;6,16;Lettuce;SOIL_BASED;3,889
16365,0;791,6;1187,8;26,13;68,24;21,55;6,11;Bok Choy;AQUAPONIC;4,224
16436,3;870,2;1559,3;17,45;58,03;12,12;6,36;Spinach;HYDROPONIC;4,57
18911,8;653,3;1351,8;24,43;68,43;19,78;6,28;Chinese Cabbage;AEROPONIC;4,733
18963,6;621,4;1040,9;20,34;70,77;16,27;6,12;Chinese Cabbage;AEROPONIC;4,303
16306,2;750,7;945,3;21,26;59,01;16,73;6,51;Kale;AEROPONIC;6,088
13940,6;716,0;954,2;28,37;72,43;25,57;6,75;Lettuce;SOIL_BASED;4,285
12241,1;667,0;1047,1;20,73;73,92;15,3;6,95;Bok Choy;SOIL_BASED;3,553
17504,6;1011,6;1033,4;23,34;59,31;18,9;5,69;Kale;AQUAPONIC;5,638
10358,9;669,1;966,2;20,51;72,13;13,76;6,24;Lettuce;AEROPONIC;5,915
14800,1;559,7;1571,6;25,65;69,95;21,22;6,29;Spinach;AEROPONIC;4,763
11230,2;562,3;882,1;24,65;65,08;20,19;6,22;Chinese Cabbage;AEROPONIC;4,71
17918,8;800,3;1385,4;25,04;65,8;22,07;6,72;Bok Choy;AEROPONIC;5,129
17333,7;1017,3;1872,9;26,67;71,35;23,05;6,26;Chinese Cabbage;AEROPONIC;4,572
14604,5;481,1;1302,6;22,55;62,98;18,35;7,12;Spinach;HYDROPONIC;4,807
24644,8;860,7;1303,5;26,51;72,92;22,62;6,47;Lettuce;AEROPONIC;5,975
11902,0;963,5;1339,3;27,67;61,18;22,04;5,51;Spinach;HYDROPONIC;4,601
16065,6;647,5;896,1;24,3;61,8;19,9;6,29;Spinach;AEROPONIC;4,63
16440,7;640,4;1392,7;20,4;57,07;16,34;5,93;Chinese Cabbage;SOIL_BASED;3,09
15335,6;1064,3;1367,2;20,13;53,38;15,43;6,66;Bok Choy;SOIL_BASED;3,447
13528,7;965,9;1269,4;24,74;69,28;20,81;6,09;Spinach;HYDROPONIC;4,837
14891,4;705,3;840,8;20,4;51,38;15,76;5,83;Chinese Cabbage;AEROPONIC;4,23
20729,4;838,6;1772,3;19,74;70,78;16,54;6,19;Bok Choy;SOIL_BASED;3,556
14664,8;779,8;1341,7;25,97;67,28;20,58;5,98;Lettuce;SOIL_BASED;4,109
16785,5;914,4;962,1;22,22;84,03;17,7;5,66;Lettuce;AEROPONIC;6,048
8877,2;770,4;1018,8;30,27;73,16;25,7;5,66;Kale;AEROPONIC;6,053
13993,0;680,0;1077,9;21,66;72,34;17,87;6,43;Chinese Cabbage;SOIL_BASED;3,099
22501,1;683,4;1692,8;22,11;62,28;17,14;5,98;Bok Choy;AEROPONIC;5,153
12742,7;967,7;1247,8;24,51;63,2;21,35;6,52;Spinach;AQUAPONIC;4,257
12558,1;814,3;1247,9;24,07;64,42;20,27;5,34;Lettuce;AEROPONIC;5,611
20581,1;789,4;1142,2;23,26;67,7;18,74;6,03;Bok Choy;SOIL_BASED;3,634
12371,6;872,0;1546,6;23,2;63,04;19,05;6,64;Chinese Cabbage;SOIL_BASED;2,746
11956,3;862,3;1560,3;32,58;72,85;29,19;6,38;Kale;HYDROPONIC;5,633
16963,3;601,1;886,6;28,15;64,69;24,12;6,34;Lettuce;AQUAPONIC;4,962
22829,2;714,7;1253,9;25,86;77,48;22,06;6,32;Bok Choy;SOIL_BASED;3,723
17720,3;599,3;1224,0;20,07;61,01;16,4;5,62;Bok Choy;AQUAPONIC;4,541
14747,0;650,3;1032,0;23,29;74,34;17,88;6,29;Bok Choy;AEROPONIC;4,996
19205,5;998,3;1128,7;25,35;84,41;21,71;6,51;Chinese Cabbage;SOIL_BASED;2,946
13832,7;1199,8;1204,1;25,6;83,03;22,27;5,74;Chinese Cabbage;HYDROPONIC;4,377
12746,8;635,0;1018,0;27,08;60,69;23,72;5,68;Chinese Cabbage;SOIL_BASED;2,731
19746,3;694,9;1356,0;21,7;77,8;17,88;6,41;Spinach;HYDROPONIC;4,521
19140,6;747,7;1350,4;23,39;49,12;19,09;6,18;Bok Choy;AQUAPONIC;4,229
13241,8;380,2;1414,6;21,39;54,77;16,87;5,76;Lettuce;HYDROPONIC;5,814
18141,6;1137,5;1158,3;27,24;73,11;21,61;6,8;Chinese Cabbage;AEROPONIC;4,468
19061,8;593,9;721,1;25,46;71,72;22,86;5,94;Chinese Cabbage;AEROPONIC;4,388
13967,7;736,7;1094,4;22,08;73,12;18,87;6,38;Bok Choy;AEROPONIC;4,917
15077,5;836,4;1006,5;24,13;63,87;20,5;5,36;Chinese Cabbage;SOIL_BASED;2,856
10351,1;783,8;1235,9;23,64;58,52;20,05;6,2;Spinach;AEROPONIC;5,032
14457,8;788,5;1428,9;21,04;52,63;17,97;5,86;Spinach;AEROPONIC;4,623
12441,9;830,8;1771,4;26,1;60,68;21,91;6,33;Chinese Cabbage;SOIL_BASED;2,978
13783,3;582,1;1044,5;23,72;73,53;17,98;6,59;Bok Choy;AQUAPONIC;4,764
9898,5;773,8;1313,2;22,02;75,31;17,12;6,58;Bok Choy;AEROPONIC;5,158
19096,0;964,8;1325,4;20,99;70,52;17,56;6,06;Bok Choy;AEROPONIC;5,095
18295,7;701,9;1654,5;25,89;69,67;21,78;6,38;Kale;SOIL_BASED;4,134
19091,4;794,2;1337,2;24,25;82,39;20,16;7,07;Chinese Cabbage;AQUAPONIC;4,172
14637,5;845,7;1185,3;21,55;79,96;16,99;6,06;Bok Choy;AQUAPONIC;4,253
13410,2;863,4;1268,9;22,11;76,02;17,96;6,05;Spinach;AQUAPONIC;4,795
15565,8;802,0;1370,5;23,52;77,83;19,7;5,7;Lettuce;SOIL_BASED;4,064
15798,7;821,6;1472,1;23,68;70,97;18,01;6,25;Lettuce;HYDROPONIC;5,706
19727,9;641,2;1722,4;24,04;72,07;20,09;5,92;Bok Choy;HYDROPONIC;4,91
15145,1;585,5;1695,9;18,55;61,43;14,76;5,84;Lettuce;AEROPONIC;6,048
14904,3;836,3;1081,7;23,84;71,23;18,36;5,39;Lettuce;AEROPONIC;5,651
17298,8;720,5;888,9;20,09;62,51;15,73;5,73;Kale;AEROPONIC;5,89
7991,3;822,8;955,3;27,47;78,54;23,04;5,77;Spinach;HYDROPONIC;4,506
19720,7;776,6;1342,4;26,42;73,31;20,95;6,58;Spinach;SOIL_BASED;3,414
17156,7;673,6;1573,0;26,74;64,36;22,38;6,03;Kale;AEROPONIC;5,869
16122,2;698,0;1216,6;16,62;73,97;12,95;5,77;Kale;SOIL_BASED;4,25
16735,8;522,8;1030,7;22,66;77,54;18,05;6,75;Lettuce;AEROPONIC;5,731
17766,8;762,4;898,9;23,28;60,59;20,75;6,38;Chinese Cabbage;SOIL_BASED;3,108
23792,3;636,8;1692,3;25,11;65,81;19,05;5,75;Lettuce;SOIL_BASED;4,291
13259,0;851,0;1153,9;26,02;59,74;22,85;6,23;Kale;HYDROPONIC;5,992
18553,0;770,8;878,8;27,1;67,66;22,92;6,58;Spinach;SOIL_BASED;3,14
16040,4;837,2;1273,2;17,01;79,35;12,5;5,89;Lettuce;AQUAPONIC;4,844
11842,2;810,3;1280,9;21,26;68,01;18,96;6,18;Chinese Cabbage;HYDROPONIC;4,212
18569,7;876,6;1510,1;23,66;72,94;20,05;5,43;Lettuce;AEROPONIC;6,262
15826,8;874,4;969,7;25,82;63,36;20,21;6,3;Bok Choy;HYDROPONIC;4,962
15905,9;722,3;1582,4;25,75;75,23;20,56;6,85;Lettuce;AQUAPONIC;4,822
15420,9;866,5;1622,4;24,83;67,46;19,39;6,59;Kale;AQUAPONIC;5,521
16205,8;927,5;1304,0;21,72;74,48;17,79;6,06;Spinach;SOIL_BASED;3,542
17609,5;751,2;1437,6;22,07;75,38;16,86;5,81;Spinach;AQUAPONIC;4,431
13120,6;881,4;1491,2;21,74;59,04;17,07;6,23;Kale;AQUAPONIC;5,209
14401,4;816,6;1123,9;20,75;62,19;16,64;6,71;Bok Choy;AQUAPONIC;4,806
18345,5;866,6;919,1;20,71;64,5;16,0;6,0;Kale;AQUAPONIC;5,655
11248,0;865,2;1126,9;20,45;83,09;16,06;6,12;Lettuce;AEROPONIC;5,596
18369,1;946,2;823,1;24,44;79,54;19,81;5,73;Kale;AEROPONIC;6,14
14672,4;526,2;1402,9;23,85;68,85;20,62;5,85;Kale;HYDROPONIC;6,115
18353,6;880,6;1695,8;20,9;91,29;16,01;5,99;Bok Choy;SOIL_BASED;3,434
16563,6;873,0;1056,5;18,71;56,86;16,24;5,98;Lettuce;AEROPONIC;5,522
13141,5;973,0;1159,9;22,47;66,0;18,8;5,82;Chinese Cabbage;AQUAPONIC;4,2
13135,6;831,8;1214,5;27,64;77,99;24,72;5,84;Chinese Cabbage;SOIL_BASED;2,772
12274,2;893,0;1816,4;23,52;68,38;17,62;6,56;Spinach;AEROPONIC;4,844
10642,2;758,3;1161,8;25,74;60,79;18,45;6,32;Kale;HYDROPONIC;6,099
15094,7;649,9;1571,0;24,0;71,38;18,22;6,46;Spinach;AQUAPONIC;4,336
15376,7;784,1;1289,4;23,34;90,75;18,16;6,4;Bok Choy;SOIL_BASED;3,75
16885,0;766,6;455,9;19,38;60,9;15,94;6,47;Chinese Cabbage;AEROPONIC;4,243
13728,6;824,1;1149,7;22,36;61,78;19,02;6,4;Kale;SOIL_BASED;4,494
16786,4;1111,3;1508,6;22,0;58,86;17,65;6,72;Bok Choy;AEROPONIC;5,068
18586,5;820,8;1151,1;27,65;64,43;23,62;6,93;Bok Choy;HYDROPONIC;5,218
21311,0;785,0;1413,2;24,01;77,2;20,56;6,25;Kale;AQUAPONIC;5,757
11651,2;784,5;1730,6;27,08;81,32;22,91;6,54;Bok Choy;HYDROPONIC;4,723
19298,3;843,6;1414,6;26,66;57,24;24,03;5,47;Kale;AQUAPONIC;5,251
16087,1;801,7;1114,8;21,13;73,17;17,48;6,05;Kale;AQUAPONIC;5,619
15837,0;808,7;1464,8;23,5;74,58;20,07;6,52;Lettuce;SOIL_BASED;4,114
13548,4;760,1;1406,8;28,22;62,2;23,56;5,36;Spinach;AEROPONIC;4,802
18976,3;882,0;1532,4;25,08;74,31;21,85;6,66;Bok Choy;HYDROPONIC;4,949
15840,6;647,8;1255,9;24,91;71,2;21,05;5,45;Bok Choy;HYDROPONIC;4,991
10490,1;720,2;1069,7;26,06;77,28;22,21;6,77;Lettuce;HYDROPONIC;5,698
8835,1;953,3;1419,8;24,85;49,08;20,4;6,88;Lettuce;SOIL_BASED;3,476
15084,4;736,8;1428,0;25,03;70,47;20,62;5,4;Lettuce;SOIL_BASED;4,238
16595,3;658,5;1142,0;24,35;74,92;20,62;6,35;Chinese Cabbage;SOIL_BASED;3,142
12549,5;806,1;878,9;22,55;76,9;17,91;6,14;Chinese Cabbage;AQUAPONIC;4,022
13649,2;708,1;1161,2;20,54;74,85;17,26;6,53;Chinese Cabbage;HYDROPONIC;4,337
18522,7;624,3;974,1;18,3;57,74;14,69;6,08;Kale;AQUAPONIC;5,22
13743,5;912,5;1210,0;22,58;80,13;18,59;6,06;Bok Choy;HYDROPONIC;4,915
16601,6;708,1;1482,2;24,72;74,34;19,33;6,46;Spinach;HYDROPONIC;4,867
13050,1;804,7;758,8;24,17;68,16;18,95;6,57;Kale;AEROPONIC;6,212
18880,0;768,0;1360,7;25,28;68,31;22,75;5,53;Bok Choy;HYDROPONIC;5,037
16019,6;718,8;1387,1;23,15;82,99;18,5;6,51;Bok Choy;SOIL_BASED;3,591
15311,5;723,9;1039,7;31,12;74,05;26,72;6,38;Lettuce;SOIL_BASED;3,891
19711,2;778,2;1370,5;29,18;69,32;24,51;6,03;Lettuce;SOIL_BASED;4,118
9858,6;950,7;1584,2;19,25;60,78;15,83;5,52;Kale;AEROPONIC;6,137
17162,2;826,1;1392,4;25,34;66,07;18,92;5,95;Lettuce;AEROPONIC;5,629
9519,8;998,7;1814,9;26,21;60,75;22,5;6,25;Bok Choy;AQUAPONIC;4,369
15372,7;700,8;1301,6;17,56;53,12;13,29;5,3;Lettuce;HYDROPONIC;5,298
15235,6;794,6;1540,8;23,97;69,9;17,99;6,43;Chinese Cabbage;HYDROPONIC;4,371
16269,7;607,5;1808,5;24,95;53,09;20,85;6,02;Lettuce;SOIL_BASED;3,836
9031,7;875,3;1412,1;23,48;62,65;19,73;6,86;Bok Choy;SOIL_BASED;3,865
15898,0;931,4;1735,8;24,58;65,37;19,63;6,22;Kale;SOIL_BASED;3,926
19341,7;884,6;1398,7;23,72;55,59;19,76;5,62;Spinach;SOIL_BASED;3,064
12927,3;912,3;1658,7;25,47;76,66;21,17;6,43;Lettuce;SOIL_BASED;4,569
12710,0;777,6;989,4;27,84;67,03;24,71;6,17;Bok Choy;SOIL_BASED;3,512
13243,2;844,4;1296,0;25,66;48,47;22,25;6,07;Spinach;HYDROPONIC;4,469
17971,9;909,7;1922,3;26,79;75,14;22,39;6,82;Spinach;AEROPONIC;4,668
12228,6;946,1;806,8;20,54;83,04;16,75;5,75;Chinese Cabbage;SOIL_BASED;3,126
13749,0;779,4;1079,8;29,18;69,53;25,98;6,55;Spinach;HYDROPONIC;4,736
17859,9;691,7;1845,4;24,38;73,27;20,65;6,1;Bok Choy;SOIL_BASED;3,785
12167,3;980,5;1252,1;22,41;70,75;18,61;6,27;Bok Choy;AQUAPONIC;4,732
18410,5;793,9;1251,8;24,66;72,85;20,45;6,48;Lettuce;AQUAPONIC;5,072
13082,2;774,3;1518,1;21,98;63,41;17,72;5,51;Lettuce;HYDROPONIC;5,244
14526,0;678,2;1606,0;23,89;61,66;19,24;6,18;Lettuce;AEROPONIC;5,907
18038,6;767,6;1184,0;24,34;59,05;21,06;6,18;Spinach;AQUAPONIC;4,345
17929,9;729,0;853,4;21,58;69,02;18,1;5,98;Spinach;AQUAPONIC;4,093
13553,5;646,4;1039,0;23,94;73,48;20,58;5,78;Chinese Cabbage;AEROPONIC;4,226
11819,8;662,1;1134,2;21,54;73,38;17,88;6,19;Lettuce;AQUAPONIC;5,133
19909,2;867,3;974,5;21,52;64,43;17,84;6,44;Kale;SOIL_BASED;4,627
14175,3;741,7;1056,2;20,67;66,35;17,56;6,71;Chinese Cabbage;AEROPONIC;4,691
16448,1;801,6;1282,4;22,45;66,32;16,84;6,5;Kale;AQUAPONIC;5,864
17376,6;746,7;1059,3;21,96;63,72;17,63;6,0;Spinach;AEROPONIC;5,017
12378,3;646,7;1739,1;24,83;51,62;21,24;6,5;Chinese Cabbage;SOIL_BASED;3,087
10303,4;952,5;1174,9;26,57;66,34;22,7;5,91;Chinese Cabbage;AQUAPONIC;3,92
16984,2;818,4;882,5;25,35;65,46;21,19;5,46;Bok Choy;HYDROPONIC;4,98
9924,1;880,6;1585,3;26,22;67,6;22,16;6,66;Spinach;AQUAPONIC;4,271
11403,8;840,7;2117,9;25,99;63,47;22,3;5,62;Spinach;AQUAPONIC;4,442
17152,3;767,2;1194,2;20,91;70,47;15,84;5,79;Chinese Cabbage;SOIL_BASED;3,164
16202,1;708,9;1346,7;22,56;91,02;18,32;6,11;Spinach;HYDROPONIC;4,745
16041,3;546,6;1618,9;28,48;74,66;24,31;6,05;Chinese Cabbage;HYDROPONIC;4,026
13073,6;492,0;1181,9;21,98;63,96;16,54;5,34;Bok Choy;HYDROPONIC;5,016
19110,0;900,9;1767,4;28,69;66,11;22,65;5,89;Chinese Cabbage;SOIL_BASED;3,205
11601,6;927,7;862,8;22,33;67,03;18,07;6,42;Spinach;SOIL_BASED;3,396
7723,1;964,5;1249,2;17,77;68,98;13,29;6,26;Spinach;SOIL_BASED;3,523
8732,4;764,2;1068,1;22,81;67,96;19,89;6,32;Chinese Cabbage;SOIL_BASED;2,94
15128,2;682,6;985,9;25,87;64,16;21,6;5,31;Chinese Cabbage;SOIL_BASED;3,286
14525,3;868,1;1074,8;28,16;63,72;23,09;5,55;Chinese Cabbage;HYDROPONIC;4,198
17183,5;957,1;1413,4;19,36;73,48;16,79;6,32;Lettuce;AEROPONIC;5,747
16835,3;1029,5;1519,5;25,82;65,77;22,86;6,9;Spinach;SOIL_BASED;3,569
14417,0;736,8;1464,3;26,0;72,86;20,01;6,04;Spinach;AEROPONIC;4,876
9796,5;916,8;897,2;27,14;66,15;23,64;6,18;Lettuce;AQUAPONIC;4,952
12625,1;849,1;1423,3;16,02;52,67;12,0;6,2;Chinese Cabbage;AQUAPONIC;3,656
12885,7;787,3;1249,0;28,14;59,02;23,62;6,44;Bok Choy;SOIL_BASED;3,323
20164,5;686,5;1128,8;24,73;54,4;20,04;5,74;Chinese Cabbage;AQUAPONIC;3,876
14165,2;964,6;1223,2;24,78;69,76;20,02;6,87;Chinese Cabbage;AEROPONIC;4,592
18096,7;948,7;1713,1;26,41;53,56;21,54;6,65;Lettuce;AQUAPONIC;5,367
15233,8;757,2;1208,4;17,89;63,76;13,72;6,39;Spinach;AQUAPONIC;4,207
14245,8;888,9;1478,7;26,34;64,86;22,44;5,92;Chinese Cabbage;AEROPONIC;4,458
12872,5;869,4;1548,4;30,15;65,9;26,81;6,32;Spinach;AQUAPONIC;4,15
16326,4;872,2;1508,9;19,67;75,48;16,15;6,29;Kale;SOIL_BASED;4,47
10955,7;646,3;1161,1;23,32;76,96;19,5;5,81;Spinach;AEROPONIC;4,894
14397,8;646,7;1175,2;23,6;61,68;19,94;5,69;Bok Choy;AEROPONIC;4,971
14888,4;756,5;1351,3;24,5;67,84;20,06;6,27;Bok Choy;HYDROPONIC;5,267
15202,2;839,3;1135,9;24,69;64,42;20,34;6,02;Chinese Cabbage;HYDROPONIC;4,513
11572,1;1036,4;1058,6;21,62;71,59;18,48;6,52;Spinach;AEROPONIC;4,962
13159,0;568,9;1305,8;23,61;67,29;20,15;5,61;Chinese Cabbage;AEROPONIC;4,45
15598,2;942,2;1070,6;28,38;71,85;23,94;6,21;Lettuce;HYDROPONIC;5,383
15293,3;596,1;1167,8;24,64;58,37;21,91;6,6;Bok Choy;SOIL_BASED;3,837
18899,4;814,5;1208,7;24,53;69,94;20,26;6,3;Chinese Cabbage;AQUAPONIC;3,89
13793,3;513,8;1135,7;21,5;56,07;17,75;6,61;Lettuce;AQUAPONIC;5,132
10384,3;979,1;1213,4;27,25;61,36;23,06;6,55;Chinese Cabbage;AQUAPONIC;4,036
12877,1;819,5;1168,0;22,89;68,86;18,03;6,08;Spinach;AEROPONIC;4,802
10839,2;840,6;1811,2;17,76;51,42;13,94;5,95;Spinach;SOIL_BASED;3,189
20025,3;900,1;1739,8;24,68;49,41;20,56;6,55;Spinach;HYDROPONIC;4,871
17319,1;740,6;1169,4;25,48;58,17;22,16;6,28;Spinach;SOIL_BASED;3,85
15758,3;529,5;1161,1;22,66;60,02;18,35;6,24;Kale;SOIL_BASED;4,375
15893,5;523,3;1221,7;17,25;60,9;14,57;6,43;Lettuce;AQUAPONIC;5,037
14242,4;859,8;1342,1;20,37;63,54;16,48;6,07;Lettuce;HYDROPONIC;5,779
9741,7;741,4;1253,4;23,18;70,61;19,25;5,84;Spinach;SOIL_BASED;3,581
12981,0;954,9;1284,1;22,41;84,66;18,0;6,77;Kale;HYDROPONIC;5,929
6104,2;787,1;1485,6;24,74;62,66;19,62;6,16;Spinach;AEROPONIC;4,689
16934,3;877,1;1054,4;25,16;71,24;21,79;5,71;Kale;AQUAPONIC;5,516
14981,2;914,4;1125,5;22,28;78,58;17,99;6,31;Spinach;HYDROPONIC;4,923
14771,3;911,7;905,4;19,58;77,07;14,33;6,21;Bok Choy;AEROPONIC;5,021
11990,8;746,7;1175,8;27,57;61,32;23,58;5,98;Bok Choy;AEROPONIC;4,983
14156,3;794,6;1289,6;25,07;75,42;20,25;6,3;Chinese Cabbage;AEROPONIC;4,686
16613,1;900,9;1291,6;25,38;78,97;21,46;6,08;Spinach;SOIL_BASED;3,301
15885,3;817,4;1605,8;24,58;81,01;20,43;5,8;Lettuce;SOIL_BASED;4,353
10678,7;524,5;1052,7;26,57;81,33;23,14;5,74;Chinese Cabbage;AQUAPONIC;3,938
12075,8;467,0;855,7;22,43;58,65;17,55;5,66;Bok Choy;AQUAPONIC;4,171
16832,2;692,7;1303,5;25,82;70,04;21,41;6,55;Spinach;AEROPONIC;5,146
13569,3;916,9;1232,2;25,37;62,13;22,44;6,41;Chinese Cabbage;AQUAPONIC;3,968
20837,9;783,8;1502,2;25,28;56,9;20,63;6,4;Spinach;SOIL_BASED;3,2
11127,1;1011,0;1301,2;20,16;72,07;15,84;6,32;Bok Choy;AQUAPONIC;4,767
13828,8;896,4;1612,8;23,89;69,71;19,66;5,65;Chinese Cabbage;HYDROPONIC;4,415
13192,3;589,1;1243,7;24,58;69,45;22,39;5,55;Bok Choy;SOIL_BASED;3,897
13744,9;927,9;1145,8;28,48;63,96;24,54;5,62;Kale;AEROPONIC;6,29
11064,9;604,1;1464,4;23,78;88,82;21,08;6,33;Bok Choy;AEROPONIC;4,949
8041,3;1022,1;1405,4;26,53;80,83;21,63;5,66;Spinach;AQUAPONIC;4,178
16491,9;855,5;1094,4;19,34;64,44;14,05;6,43;Lettuce;SOIL_BASED;4,035
19721,4;988,3;1421,6;21,49;67,8;17,27;6,44;Bok Choy;AEROPONIC;5,158
12880,2;859,9;1394,7;24,73;72,21;19,2;6,32;Lettuce;AEROPONIC;6,017
15505,1;778,6;1266,5;24,71;76,73;21,13;6,02;Kale;SOIL_BASED;4,493
13920,4;801,5;1571,1;21,49;72,1;16,39;6,43;Chinese Cabbage;SOIL_BASED;3,141
13894,5;654,6;1659,2;26,18;68,98;21,93;6,04;Chinese Cabbage;AEROPONIC;4,554
12360,1;810,9;1129,2;23,03;55,95;19,28;6,62;Lettuce;AQUAPONIC;5,248
16934,7;797,4;1407,0;22,97;84,69;17,35;6,41;Chinese Cabbage;AQUAPONIC;4,292
15376,6;861,2;1298,9;23,28;62,64;18,03;5,76;Bok Choy;AQUAPONIC;4,511
12191,8;748,4;1163,3;27,25;77,02;22,95;5,78;Lettuce;HYDROPONIC;5,734
17222,8;654,4;1248,3;26,55;68,27;22,87;5,9;Spinach;SOIL_BASED;3,477
19503,9;779,2;820,8;28,77;78,63;24,87;6,0;Bok Choy;AEROPONIC;5,12
18618,1;657,9;1559,9;25,04;56,94;21,81;5,74;Bok Choy;HYDROPONIC;5,099
13973,8;649,1;1484,9;28,91;62,6;25,6;6,38;Bok Choy;AQUAPONIC;4,529
11542,8;597,3;780,3;24,17;66,81;20,61;6,32;Spinach;HYDROPONIC;4,465
11465,5;760,8;1231,7;23,15;60,21;17,7;6,0;Kale;AEROPONIC;6,475
12829,6;798,2;1367,4;22,27;63,44;18,32;6,56;Chinese Cabbage;AEROPONIC;4,516
13062,3;700,4;1502,3;23,01;78,97;18,76;6,11;Lettuce;SOIL_BASED;4,069
17545,2;833,7;1211,6;23,14;72,7;20,21;5,57;Kale;AQUAPONIC;4,958
7956,6;766,8;1215,8;21,58;80,31;16,29;5,74;Lettuce;AQUAPONIC;5,169
14282,5;730,0;1375,6;21,85;68,56;18,66;6,21;Chinese Cabbage;HYDROPONIC;4,359
12694,6;936,9;1103,0;25,2;66,65;19,46;6,62;Spinach;AQUAPONIC;4,479
11972,7;690,5;1712,5;22,13;56,88;17,24;6,24;Bok Choy;HYDROPONIC;4,91
16314,2;732,8;1306,9;18,74;76,91;14,53;5,74;Bok Choy;AEROPONIC;5,174
12178,4;824,0;1330,4;18,6;66,63;14,09;5,87;Spinach;AEROPONIC;4,955
14013,5;887,3;1630,4;17,63;69,65;13,54;6,25;Kale;AEROPONIC;6,664
17526,7;627,6;1273,8;19,53;63,25;15,69;5,73;Kale;AEROPONIC;6,24
13494,3;797,5;1633,0;20,14;92,19;15,34;6,78;Lettuce;AEROPONIC;5,461
18876,1;770,6;862,8;20,77;69,05;16,17;6,55;Spinach;HYDROPONIC;4,848
11701,8;880,4;1580,0;24,3;61,92;20,53;6,13;Kale;AEROPONIC;6,158
4495,2;689,6;1548,7;19,94;58,15;13,73;6,44;Spinach;HYDROPONIC;4,529
16233,9;783,4;746,1;20,93;72,49;17,05;6,15;Chinese Cabbage;AEROPONIC;4,24
15591,1;1015,8;1195,9;18,37;61,6;14,3;5,97;Bok Choy;HYDROPONIC;4,895
18071,4;719,7;1385,6;21,65;64,17;19,03;6,15;Bok Choy;HYDROPONIC;5,13
16002,5;942,1;1490,8;25,53;55,01;21,37;5,27;Bok Choy;HYDROPONIC;5,03
19741,2;728,7;1620,8;23,43;68,57;17,52;6,31;Spinach;AQUAPONIC;4,176
15592,1;762,0;890,9;23,73;68,48;19,08;5,95;Spinach;HYDROPONIC;4,905
18073,4;724,3;1300,8;23,49;83,79;18,62;6,68;Lettuce;HYDROPONIC;5,313
17442,5;633,1;1035,6;19,9;63,44;15,73;6,31;Bok Choy;AEROPONIC;5,122
12451,4;634,6;1095,6;22,36;49,32;17,9;6,18;Lettuce;HYDROPONIC;5,543
12928,4;874,8;1488,3;24,12;66,11;18,75;5,66;Bok Choy;HYDROPONIC;4,964
13655,7;706,3;1073,0;26,21;79,07;21,04;5,95;Lettuce;SOIL_BASED;4,009
22049,7;675,7;1280,7;24,52;73,19;20,6;6,18;Lettuce;AQUAPONIC;5,144
12525,0;683,2;1164,6;25,97;77,23;21,73;6,52;Chinese Cabbage;SOIL_BASED;3,32
15978,6;547,0;1540,8;20,46;71,84;15,69;6,26;Lettuce;AEROPONIC;5,715
14868,8;688,8;803,1;19,29;64,27;15,6;6,15;Spinach;AQUAPONIC;4,346
15309,2;750,2;1602,8;18,59;58,44;14,31;6,11;Lettuce;AQUAPONIC;5,011
14705,6;640,8;1667,1;25,79;59,65;21,91;6,66;Bok Choy;SOIL_BASED;3,691
13218,8;824,4;1434,7;19,47;62,88;15,27;6,53;Lettuce;AQUAPONIC;5,33
10566,1;758,7;1339,0;26,47;73,39;21,92;6,37;Kale;SOIL_BASED;4,189
11228,6;675,1;749,4;22,25;67,32;18,12;6,33;Bok Choy;HYDROPONIC;5,073
17111,5;804,6;1447,1;28,17;52,71;23,34;6,23;Kale;SOIL_BASED;4,442
16146,5;778,9;1542,3;22,24;70,72;17,34;6,29;Bok Choy;AQUAPONIC;4,239
15234,5;884,8;1306,4;22,4;78,39;17,8;5,47;Spinach;AQUAPONIC;4,202
20816,3;588,3;1110,1;23,69;54,59;19,16;6,0;Spinach;AEROPONIC;5,031
23072,7;1003,4;1660,4;22,34;72,67;17,57;6,38;Spinach;AEROPONIC;5,06
11206,4;744,3;1054,7;24,67;50,06;19,62;6,03;Kale;AEROPONIC;5,627
19441,4;897,1;1573,8;20,57;60,56;17,68;5,96;Chinese Cabbage;AEROPONIC;4,34
10300,7;617,1;1417,3;24,02;57,09;20,44;6,46;Bok Choy;AQUAPONIC;4,563
12970,5;779,2;1234,9;21,4;73,82;17,64;5,45;Spinach;AEROPONIC;4,729
15076,3;724,2;1914,2;22,92;82,15;19,59;5,86;Bok Choy;SOIL_BASED;3,419
17444,6;840,6;1405,5;19,65;77,03;15,78;5,53;Kale;HYDROPONIC;5,922
10085,8;991,2;1431,7;25,94;76,74;21,56;6,6;Chinese Cabbage;AQUAPONIC;3,944
14777,3;788,5;1412,9;22,5;60,08;18,46;6,06;Kale;AEROPONIC;6,143
14910,3;704,2;1358,7;26,07;72,95;22,07;6,63;Bok Choy;AQUAPONIC;4,628
9382,4;787,4;1254,9;21,44;70,04;16,53;5,99;Chinese Cabbage;AEROPONIC;4,717
16033,1;459,6;1476,9;23,47;58,01;18,92;5,54;Chinese Cabbage;AQUAPONIC;4,051
14070,7;718,9;1305,7;26,09;77,15;22,21;5,97;Kale;AEROPONIC;6,147
16500,3;480,5;806,3;20,21;71,69;16,44;6,74;Spinach;HYDROPONIC;4,953
12852,3;919,1;1065,6;21,03;66,14;17,39;6,41;Bok Choy;AEROPONIC;5,102
13195,5;898,9;1579,4;25,77;74,98;19,86;6,15;Lettuce;SOIL_BASED;4,164
22474,1;868,2;1509,9;27,27;69,26;23,9;6,15;Lettuce;AQUAPONIC;4,775
11762,0;660,9;1010,1;23,55;78,21;19,02;6,02;Kale;AQUAPONIC;5,052
13863,2;586,4;1138,8;20,79;84,05;18,22;5,9;Bok Choy;SOIL_BASED;3,39
12708,7;917,1;1120,3;22,61;65,63;18,82;6,22;Bok Choy;SOIL_BASED;3,483
14971,6;1144,9;1658,6;29,02;65,53;26,23;5,52;Kale;HYDROPONIC;5,73
15544,3;872,0;879,4;19,77;63,83;16,0;6,12;Bok Choy;AQUAPONIC;4,801
18755,0;1000,1;1120,5;24,98;68,15;20,45;6,0;Spinach;HYDROPONIC;5,111
12571,6;807,9;1300,6;23,85;79,48;20,36;6,02;Kale;AQUAPONIC;5,464
13614,0;737,7;904,6;20,26;58,98;17,02;5,76;Spinach;AQUAPONIC;4,491
15357,9;1027,3;1301,4;22,62;56,35;17,73;6,22;Bok Choy;HYDROPONIC;4,997
8216,0;771,6;1008,5;18,45;70,01;13,84;6,68;Kale;AQUAPONIC;5,529
18583,9;922,9;1062,2;24,31;67,68;20,04;5,88;Bok Choy;AQUAPONIC;4,37
3149,5;759,4;1144,9;24,71;69,64;22,06;6,24;Kale;HYDROPONIC;6,166
17018,0;736,6;1232,9;19,67;51,37;15,17;6,23;Bok Choy;AEROPONIC;4,933
25000,0;750,8;1133,3;25,06;81,1;20,14;6,68;Spinach;HYDROPONIC;4,55
16619,2;840,9;1304,8;21,64;69,75;17,85;5,59;Spinach;AQUAPONIC;4,345
16951,7;719,7;1603,9;21,38;88,8;18,56;6,2;Bok Choy;SOIL_BASED;3,926
14872,2;1081,2;1505,3;20,77;71,51;16,64;6,47;Kale;AEROPONIC;6,322
11572,4;823,7;1673,5;25,35;64,59;20,39;6,42;Lettuce;SOIL_BASED;3,968
17261,3;754,4;1260,5;18,81;70,17;14,34;5,86;Spinach;AEROPONIC;4,828
9575,9;682,0;1261,5;19,05;80,58;15,19;5,78;Spinach;SOIL_BASED;3,435
10363,7;864,1;1334,1;21,84;61,88;17,46;6,14;Lettuce;AEROPONIC;6,108
12907,1;453,5;881,4;21,94;72,97;16,89;6,45;Bok Choy;HYDROPONIC;4,834
16328,2;752,3;1548,9;25,25;71,72;21,49;5,36;Kale;AEROPONIC;6,102
10170,0;893,3;1182,5;23,24;73,05;18,5;5,69;Bok Choy;AEROPONIC;4,853
16859,6;615,0;1268,5;23,25;60,27;19,26;6,25;Chinese Cabbage;AEROPONIC;4,593
16037,4;836,4;1391,1;18,96;73,42;14,18;6,16;Spinach;AQUAPONIC;4,108
14779,7;851,3;1079,2;22,85;72,78;18,71;6,56;Chinese Cabbage;SOIL_BASED;3,442
8662,8;738,7;1087,4;16,76;81,32;13,35;7,09;Spinach;HYDROPONIC;4,402
17724,5;801,1;1381,5;24,16;83,07;21,94;6,71;Spinach;SOIL_BASED;3,412
13641,1;768,4;1393,5;25,4;71,17;21,64;6,07;Chinese Cabbage;SOIL_BASED;3,147
14253,4;646,7;1874,8;21,32;69,95;17,08;5,79;Chinese Cabbage;HYDROPONIC;4,261
12785,1;1027,8;1343,3;24,55;59,84;19,75;5,58;Bok Choy;AQUAPONIC;4,297
9033,7;841,9;1419,0;22,27;66,33;19,18;6,26;Chinese Cabbage;AEROPONIC;4,353
11045,7;764,2;1884,6;26,95;64,13;23,39;5,4;Bok Choy;AQUAPONIC;4,563
17826,9;775,2;1369,9;24,14;76,29;20,97;6,04;Bok Choy;AQUAPONIC;4,713
20082,7;908,5;1392,6;20,59;70,61;17,71;6,21;Bok Choy;AEROPONIC;5,241
16435,1;522,8;522,5;26,78;59,65;21,73;6,79;Spinach;SOIL_BASED;3,203
17139,6;754,7;1179,5;25,82;60,85;21,51;6,18;Spinach;AEROPONIC;4,748
20303,9;597,9;1333,0;22,35;89,69;16,73;5,79;Chinese Cabbage;HYDROPONIC;4,126
20213,5;889,3;1082,0;24,89;64,36;21,3;6,33;Spinach;AEROPONIC;4,907
16571,2;890,1;1335,5;24,84;73,76;20,09;6,17;Chinese Cabbage;SOIL_BASED;3,445
12404,4;735,1;1466,9;22,31;68,19;19,2;6,48;Spinach;AQUAPONIC;4,254
7576,3;847,9;1520,1;23,68;65,88;18,63;6,68;Kale;AQUAPONIC;5,306
14720,8;839,0;1251,6;24,18;77,97;20,86;5,99;Kale;AEROPONIC;6,259
15110,4;1018,9;875,0;21,61;64,14;17,82;6,35;Chinese Cabbage;HYDROPONIC;4,195
23659,5;862,4;1302,4;27,27;65,43;23,18;6,89;Spinach;SOIL_BASED;3,93
16826,6;615,8;1170,8;17,96;79,69;13,31;6,74;Spinach;AQUAPONIC;4,2
15223,0;674,4;1080,5;25,4;64,73;20,63;5,81;Bok Choy;AEROPONIC;5,189
11390,9;797,1;1206,6;20,09;56,05;15,4;5,6;Lettuce;HYDROPONIC;5,43
14807,4;484,1;1189,8;22,82;58,41;18,17;6,47;Chinese Cabbage;HYDROPONIC;4,17
18880,6;948,6;1223,3;19,03;72,37;14,35;5,94;Lettuce;AQUAPONIC;5,018
13778,6;832,5;1161,1;19,81;62,04;15,78;6,65;Lettuce;AQUAPONIC;5,303
9999,6;542,5;1653,9;23,26;77,6;18,56;5,55;Chinese Cabbage;SOIL_BASED;3,117
11499,2;774,9;1349,2;23,7;68,18;19,86;5,83;Spinach;HYDROPONIC;4,595
9750,9;1160,8;1350,3;26,47;74,48;22,52;6,02;Chinese Cabbage;SOIL_BASED;3,114
12093,0;705,2;1388,1;22,38;71,01;18,4;5,73;Lettuce;HYDROPONIC;5,65
10514,7;569,6;922,7;25,23;77,01;21,71;5,71;Spinach;HYDROPONIC;4,762
16423,2;700,6;1543,8;23,47;84,01;18,79;5,86;Kale;AEROPONIC;6,27
16900,8;529,5;2125,4;25,12;72,8;20,32;6,44;Chinese Cabbage;AQUAPONIC;3,494
19783,6;819,5;1029,8;20,44;72,39;16,11;5,99;Chinese Cabbage;HYDROPONIC;4,349
14323,1;629,3;1104,6;23,75;77,45;20,67;6,29;Spinach;SOIL_BASED;3,306
14261,4;875,0;1137,3;24,55;63,21;19,5;7,01;Kale;AQUAPONIC;5,433
15709,1;815,8;1357,7;22,11;72,6;18,26;6,6;Kale;SOIL_BASED;4,454
12531,1;684,3;1244,7;24,57;60,16;19,94;6,29;Spinach;AQUAPONIC;4,356
10555,0;566,3;1146,1;24,83;61,55;20,21;5,55;Bok Choy;AQUAPONIC;4,773
11342,7;824,9;1432,3;22,05;63,96;16,74;5,95;Chinese Cabbage;HYDROPONIC;4,25
16628,7;791,6;1380,8;25,67;78,78;21,38;6,42;Chinese Cabbage;AEROPONIC;4,38
17709,9;557,1;1597,9;17,05;66,81;12,7;5,98;Lettuce;HYDROPONIC;5,441
22865,0;665,1;1317,5;18,14;61,36;12,55;5,79;Spinach;AQUAPONIC;4,43
10905,7;554,3;1269,4;20,6;74,45;16,88;6,79;Lettuce;HYDROPONIC;5,419
10749,7;647,2;1167,2;24,29;54,0;19,04;5,63;Lettuce;HYDROPONIC;5,357
7836,3;744,8;1341,2;21,39;52,1;16,73;6,03;Kale;AQUAPONIC;5,627
15043,0;685,0;1009,0;19,75;65,85;14,53;5,92;Chinese Cabbage;AQUAPONIC;3,862
16390,7;598,5;1562,8;23,25;65,72;20,27;5,7;Lettuce;HYDROPONIC;5,754
12288,5;828,8;1442,7;23,78;76,87;20,22;6,76;Kale;HYDROPONIC;5,951
9161,2;855,2;1338,1;21,72;78,2;18,27;5,69;Spinach;HYDROPONIC;4,764
21499,4;886,7;1175,3;20,18;67,14;16,94;5,77;Lettuce;SOIL_BASED;4,165
15769,5;1018,1;1706,0;23,52;66,23;18,57;6,54;Chinese Cabbage;HYDROPONIC;4,063
10211,7;838,7;1137,5;25,73;61,4;21,55;6,19;Lettuce;SOIL_BASED;3,994
13237,3;633,1;1058,9;20,1;67,07;17,18;5,72;Spinach;AEROPONIC;4,925
22521,3;690,2;1199,6;27,93;46,27;25,09;6,08;Lettuce;SOIL_BASED;3,803
17819,4;831,0;1495,0;21,91;64,16;17,77;5,75;Chinese Cabbage;HYDROPONIC;4,545
13349,7;834,8;1652,6;21,72;67,31;17,35;6,05;Kale;AEROPONIC;5,929
11153,3;650,2;1555,7;23,88;61,33;20,98;6,01;Chinese Cabbage;SOIL_BASED;3,256
19265,7;905,7;939,5;23,79;62,53;20,14;5,62;Kale;SOIL_BASED;4,69
9500,5;610,0;1264,8;17,24;65,46;12,0;6,23;Bok Choy;AQUAPONIC;4,582
16247,9;557,4;1154,9;23,2;67,94;18,76;5,81;Chinese Cabbage;AEROPONIC;4,684
16187,7;862,6;1383,3;25,12;75,33;21,68;5,32;Chinese Cabbage;AQUAPONIC;3,948
18360,8;679,7;1204,1;26,38;71,62;21,81;6,32;Spinach;AEROPONIC;5,013
16467,7;700,2;1481,5;23,18;75,49;19,13;6,12;Lettuce;SOIL_BASED;4,372
16681,3;689,5;1161,6;22,5;72,87;18,82;5,63;Kale;AQUAPONIC;5,578
15681,3;799,7;1060,5;25,53;68,98;21,88;6,34;Kale;HYDROPONIC;6,051
15570,7;725,5;1620,0;28,52;86,97;25,04;6,39;Spinach;SOIL_BASED;3,217
21055,2;775,7;1271,8;23,76;61,91;19,31;6,1;Spinach;AEROPONIC;4,93
14553,4;893,1;1510,0;22,99;60,24;18,81;6,28;Lettuce;AEROPONIC;6,013
17539,4;705,4;980,5;27,02;66,7;23,29;5,6;Lettuce;AQUAPONIC;5,078
13096,5;846,2;1032,2;20,34;67,49;15,57;6,36;Chinese Cabbage;AQUAPONIC;3,76
10900,2;999,4;950,4;23,68;69,17;19,24;6,1;Bok Choy;AEROPONIC;5,085
12823,9;615,7;1078,8;30,24;59,89;26,85;6,69;Lettuce;SOIL_BASED;3,636
13641,7;967,5;1104,0;24,77;84,64;20,77;5,39;Spinach;AQUAPONIC;4,403
10827,2;641,6;1081,3;25,65;65,06;21,2;6,0;Lettuce;HYDROPONIC;5,466
9285,7;667,5;1269,8;22,58;59,81;17,9;5,71;Kale;AEROPONIC;6,302
18692,8;557,1;1020,1;25,14;70,25;21,74;5,86;Bok Choy;HYDROPONIC;4,684
12404,8;696,8;1083,1;26,9;77,31;23,49;6,07;Chinese Cabbage;AEROPONIC;4,061
13514,3;830,4;1336,5;19,26;81,69;15,6;5,91;Kale;HYDROPONIC;5,65
12491,7;880,2;1789,9;23,23;47,61;18,22;5,77;Kale;SOIL_BASED;4,453
6398,1;915,2;1404,0;24,48;74,52;20,72;5,78;Bok Choy;AEROPONIC;5,085
20235,5;474,6;1379,7;23,34;82,93;20,1;6,71;Chinese Cabbage;SOIL_BASED;3,441
11273,9;533,8;1210,4;22,14;62,94;17,18;6,18;Spinach;AQUAPONIC;4,261
18042,2;819,0;765,0;27,41;66,03;24,29;5,43;Chinese Cabbage;AEROPONIC;4,857
11026,6;853,4;1228,1;24,07;59,94;20,22;5,77;Lettuce;SOIL_BASED;4,153
15294,4;921,8;1014,2;21,54;63,25;18,54;6,27;Kale;HYDROPONIC;6,081
17832,7;826,8;1546,0;26,26;58,95;21,82;6,01;Lettuce;SOIL_BASED;4,336
10379,7;602,3;1688,7;27,39;75,95;23,32;6,14;Spinach;AEROPONIC;5,001
13068,0;639,7;1043,5;26,69;67,1;22,25;6,35;Lettuce;SOIL_BASED;4,041
12328,5;794,8;1274,5;22,34;42,47;18,75;5,43;Chinese Cabbage;HYDROPONIC;4,033
12924,0;567,1;926,3;22,46;62,88;17,02;6,32;Lettuce;HYDROPONIC;5,636
17207,3;637,3;1495,3;20,59;62,13;16,64;6,51;Spinach;HYDROPONIC;4,825
19356,7;763,6;1604,6;24,21;75,27;19,47;5,5;Spinach;AQUAPONIC;4,403
13250,4;741,8;1428,1;26,58;67,42;22,53;6,18;Spinach;AEROPONIC;5,254
15443,6;775,8;1363,1;25,08;67,2;21,23;5,19;Chinese Cabbage;HYDROPONIC;4,126
9913,3;820,8;1268,6;28,41;73,46;24,05;6,19;Spinach;AQUAPONIC;4,333
23143,6;570,4;1408,5;18,07;76,99;12,23;6,21;Kale;HYDROPONIC;5,906
16252,0;787,9;1208,9;23,89;70,27;19,55;5,71;Spinach;SOIL_BASED;3,765
17439,2;590,6;1183,1;25,83;62,44;22,12;5,92;Lettuce;AEROPONIC;5,773
12814,7;763,6;1606,2;21,8;55,21;16,86;6,02;Lettuce;SOIL_BASED;4,081
18246,2;866,4;1483,3;20,33;80,32;17,66;6,1;Lettuce;AQUAPONIC;4,866
14986,3;835,0;1131,7;20,12;95,0;13,88;5,92;Chinese Cabbage;SOIL_BASED;2,653
17876,3;633,5;1749,3;23,79;69,05;19,19;6,51;Lettuce;SOIL_BASED;4,031
11271,4;617,9;1099,0;20,05;70,69;16,58;6,23;Chinese Cabbage;HYDROPONIC;4,335
15133,1;990,9;1782,7;27,62;80,79;24,04;5,86;Chinese Cabbage;SOIL_BASED;2,982
7393,6;885,3;942,1;24,94;53,44;20,58;6,5;Spinach;HYDROPONIC;4,681
16683,9;750,0;1242,3;22,94;76,11;20,18;6,28;Kale;HYDROPONIC;6,079
16444,1;949,1;1398,3;23,27;71,19;18,15;5,64;Spinach;AEROPONIC;4,723
8026,3;757,7;1370,4;26,53;61,46;21,57;6,11;Spinach;AQUAPONIC;4,216
10536,1;1110,8;1327,6;27,25;63,58;22,49;6,32;Chinese Cabbage;AQUAPONIC;3,909
11630,5;742,3;1611,0;20,89;56,82;17,04;6,44;Chinese Cabbage;AQUAPONIC;4,011
16227,2;1137,6;1395,0;21,45;77,56;14,93;6,78;Lettuce;HYDROPONIC;5,803
4644,2;804,5;1413,9;22,5;59,16;19,01;6,53;Lettuce;AQUAPONIC;4,841
21323,3;603,6;1122,4;21,75;71,5;18,01;5,99;Spinach;HYDROPONIC;4,382
11894,4;784,8;1493,1;18,45;54,18;15,31;5,36;Bok Choy;AEROPONIC;4,871
24957,0;881,8;1165,1;21,22;79,85;16,93;6,35;Bok Choy;AQUAPONIC;4,365
14541,3;782,2;1576,4;21,53;66,26;17,81;6,01;Lettuce;HYDROPONIC;5,299
6253,4;695,2;1654,9;20,14;77,11;15,71;6,45;Bok Choy;AQUAPONIC;4,392
8967,4;818,3;1300,5;24,73;66,2;19,23;6,12;Lettuce;AQUAPONIC;5,015
14567,1;871,0;1416,2;23,15;62,84;18,19;5,68;Chinese Cabbage;AEROPONIC;4,832
9715,1;678,6;1353,9;25,23;56,61;21,42;5,92;Spinach;SOIL_BASED;3,283
10998,2;771,3;1261,7;20,74;76,96;16,65;6,21;Kale;AQUAPONIC;5,453
5860,6;634,9;1222,8;25,27;64,91;21,51;6,11;Spinach;AEROPONIC;5,036
12911,3;832,6;985,4;23,91;70,52;19,05;5,9;Lettuce;AQUAPONIC;5,493
19668,4;644,1;1108,1;21,96;61,98;18,66;6,16;Lettuce;AQUAPONIC;5,12
11974,2;813,9;1305,1;27,99;67,86;22,5;6,07;Spinach;AQUAPONIC;4,743
16365,5;944,9;1652,5;23,82;69,75;19,34;5,92;Lettuce;AQUAPONIC;4,996
10728,4;877,6;1369,2;22,03;53,08;19,26;6,41;Bok Choy;SOIL_BASED;3,428
18044,8;743,7;1575,9;24,29;62,2;20,29;6,4;Bok Choy;SOIL_BASED;3,61
12721,0;589,9;826,9;20,85;81,39;18,35;6,24;Lettuce;AQUAPONIC;4,926
15383,1;783,0;1634,4;23,01;61,05;18,82;5,98;Lettuce;AQUAPONIC;5,122
11738,6;726,2;1450,8;29,18;75,67;25,36;6,3;Bok Choy;AEROPONIC;5,081
13293,1;783,7;1550,2;18,55;70,77;15,79;5,85;Lettuce;AEROPONIC;5,636
9840,8;796,1;774,8;22,02;72,35;16,79;6,5;Lettuce;HYDROPONIC;5,97
20124,1;721,8;1177,5;23,09;73,39;17,39;6,21;Spinach;SOIL_BASED;3,155
14672,5;680,5;1007,4;22,47;68,17;18,45;6,23;Kale;AQUAPONIC;5,584
11714,9;841,4;1464,7;22,1;63,16;18,14;6,54;Bok Choy;SOIL_BASED;3,485
13554,4;1002,8;1412,5;28,24;61,67;24,06;6,07;Spinach;AEROPONIC;4,779
15967,0;807,3;1523,0;21,95;65,19;17,87;6,25;Kale;SOIL_BASED;4,353
16855,5;769,9;1181,5;24,61;78,63;20,78;5,9;Lettuce;SOIL_BASED;3,974
12453,5;929,2;1493,3;21,78;56,47;16,44;5,71;Lettuce;AQUAPONIC;5,172
16948,6;742,8;1280,8;24,62;65,35;20,19;6,37;Spinach;AQUAPONIC;4,417
14452,3;967,4;1585,0;26,12;55,13;21,98;5,92;Lettuce;AEROPONIC;5,903
11616,4;895,7;1459,1;23,29;63,05;18,56;5,86;Chinese Cabbage;AQUAPONIC;4,244
13134,1;384,3;1091,3;21,9;66,94;17,52;5,95;Spinach;AEROPONIC;4,982
12304,7;838,7;1355,1;23,15;79,86;18,86;6,51;Kale;AEROPONIC;6,02
21073,8;691,9;920,0;25,0;80,78;21,47;5,87;Spinach;HYDROPONIC;4,833
14911,1;894,6;1590,4;25,93;52,72;21,52;6,73;Bok Choy;HYDROPONIC;4,649
17097,9;545,6;1452,9;24,22;55,15;19,46;5,56;Spinach;HYDROPONIC;4,822
18700,8;770,1;1463,1;23,28;66,59;19,62;6,35;Lettuce;SOIL_BASED;3,852
14817,4;755,6;1518,9;27,08;74,47;22,17;5,89;Lettuce;HYDROPONIC;5,531
17801,4;723,3;1337,5;21,75;54,38;17,19;5,9;Chinese Cabbage;AQUAPONIC;3,704
14598,1;926,2;900,7;22,35;64,85;17,52;6,19;Chinese Cabbage;AQUAPONIC;4,081
14164,1;1187,8;1530,9;28,52;76,8;24,52;5,84;Chinese Cabbage;HYDROPONIC;4,154
13392,4;816,4;1088,6;23,23;77,83;19,72;5,83;Kale;SOIL_BASED;4,278
12905,3;971,9;1066,9;25,35;65,41;20,84;6,45;Chinese Cabbage;AEROPONIC;4,675
16340,9;974,3;1475,6;21,02;50,99;16,27;5,62;Kale;SOIL_BASED;4,186
10777,1;1131,4;1143,9;26,3;76,92;20,56;5,32;Chinese Cabbage;SOIL_BASED;2,957
10429,8;892,4;1323,6;20,28;60,17;17,07;6,16;Kale;AEROPONIC;6,423
17608,5;899,7;1468,9;20,07;72,57;15,75;5,87;Spinach;AEROPONIC;4,69
18576,4;763,1;1461,1;26,0;60,36;21,28;5,91;Spinach;AEROPONIC;4,724
20412,7;642,0;1566,3;22,49;68,86;17,72;5,74;Lettuce;AQUAPONIC;5,272
13075,7;945,0;1137,0;22,82;70,64;19,53;5,52;Kale;AEROPONIC;6,224
8458,3;701,3;1201,0;24,71;78,92;19,92;6,35;Bok Choy;AEROPONIC;5,281
7878,4;490,0;1371,3;22,69;56,03;19,63;5,64;Lettuce;SOIL_BASED;4,244
19153,3;1001,4;945,8;20,57;60,51;17,43;6,26;Spinach;SOIL_BASED;3,326
17538,8;754,1;1071,4;21,91;81,72;16,6;6,34;Kale;HYDROPONIC;5,544
16114,6;830,8;1049,3;20,77;69,97;17,27;5,97;Chinese Cabbage;SOIL_BASED;3,31
16727,9;620,9;734,1;26,75;60,69;21,73;6,0;Bok Choy;AEROPONIC;4,9
16895,3;905,5;1140,0;26,88;74,15;22,49;6,07;Spinach;AQUAPONIC;4,558
21135,7;741,9;1283,0;21,15;59,51;16,09;6,4;Lettuce;SOIL_BASED;4,051
10681,2;806,0;1321,8;24,72;69,66;20,88;6,24;Kale;SOIL_BASED;4,36
11432,9;870,3;1160,3;22,74;62,18;18,87;6,44;Bok Choy;AEROPONIC;5,071
16206,1;772,2;1056,6;27,59;78,56;22,98;5,79;Kale;SOIL_BASED;4,316
17194,5;676,9;1248,8;30,13;60,72;24,89;6,34;Chinese Cabbage;SOIL_BASED;2,836
10272,4;782,0;1147,8;25,55;45,44;20,44;5,93;Lettuce;AEROPONIC;5,737
17399,7;726,8;666,2;22,06;64,19;18,39;6,6;Kale;SOIL_BASED;4,405
12947,7;391,1;1055,1;20,26;62,33;14,45;6,62;Spinach;AQUAPONIC;4,126
16315,4;786,7;1359,9;24,19;65,92;20,89;5,52;Lettuce;HYDROPONIC;5,55
9976,0;907,4;1277,5;23,06;72,73;19,05;5,74;Spinach;SOIL_BASED;3,279
7741,8;517,0;1329,7;19,46;57,95;14,37;5,75;Kale;AQUAPONIC;5,218
16508,4;874,1;1440,0;23,72;61,39;19,2;6,03;Lettuce;SOIL_BASED;4,21
21503,0;874,5;1350,9;29,41;67,95;23,96;5,82;Spinach;HYDROPONIC;4,669
14644,8;955,4;1302,8;25,76;62,39;21,63;5,54;Chinese Cabbage;AEROPONIC;4,317
20889,0;822,2;1174,8;20,25;68,55;15,34;6,36;Chinese Cabbage;HYDROPONIC;4,161
9679,0;747,2;1102,2;23,45;72,57;20,09;6,13;Kale;SOIL_BASED;4,546
11407,4;780,9;1296,2;24,55;68,12;21,08;5,66;Lettuce;HYDROPONIC;5,691
16221,7;760,5;1013,8;24,88;77,35;21,1;5,78;Bok Choy;HYDROPONIC;4,732
16382,0;610,7;1464,0;18,92;59,94;15,62;5,5;Lettuce;AEROPONIC;5,927
12730,6;725,9;1032,3;23,17;63,08;19,83;5,41;Chinese Cabbage;SOIL_BASED;3,17
16553,9;851,4;1643,9;24,23;80,69;20,19;5,31;Spinach;HYDROPONIC;4,822
12618,9;767,7;1265,7;22,98;61,76;18,67;5,53;Bok Choy;HYDROPONIC;5,091
14911,9;714,3;1576,5;18,1;88,83;13,84;5,61;Kale;AEROPONIC;5,786
15721,0;792,4;1000,9;23,08;76,21;18,29;6,03;Bok Choy;AQUAPONIC;4,548
20980,8;673,6;1707,9;25,7;61,01;21,62;5,83;Kale;SOIL_BASED;4,142
11425,0;803,8;998,1;21,9;72,98;18,83;6,09;Bok Choy;AQUAPONIC;4,595
16591,5;843,9;1266,0;22,18;70,52;18,3;6,21;Kale;AQUAPONIC;5,616
17467,1;801,7;941,0;27,41;55,63;22,69;6,6;Kale;AEROPONIC;6,137
22509,1;633,1;1285,5;22,94;81,13;18,57;5,85;Bok Choy;AEROPONIC;5,282
19818,4;904,2;1243,5;23,81;74,98;20,68;6,22;Bok Choy;SOIL_BASED;3,736
16893,4;665,1;685,3;18,28;80,55;14,97;6,39;Kale;AQUAPONIC;5,075
7699,7;784,8;1317,7;20,55;76,9;16,71;5,65;Chinese Cabbage;HYDROPONIC;4,457
16187,5;977,5;1415,3;29,63;70,97;24,85;5,45;Bok Choy;AQUAPONIC;4,587
18390,8;533,9;1056,8;28,14;77,18;24,24;5,76;Lettuce;AEROPONIC;5,775
10690,2;658,2;1206,1;24,82;56,64;20,2;6,03;Spinach;HYDROPONIC;4,637
11471,1;789,1;1222,4;17,1;84,86;12,16;5,59;Kale;HYDROPONIC;5,72
20863,0;709,8;1709,8;19,77;74,33;15,12;6,16;Kale;AEROPONIC;5,894
18873,5;564,1;1331,6;19,7;51,4;15,17;6,54;Spinach;HYDROPONIC;4,727
9167,8;786,7;1137,9;19,66;55,3;16,93;6,39;Chinese Cabbage;AQUAPONIC;3,85
14592,8;461,0;994,8;22,42;70,45;19,06;5,49;Spinach;AEROPONIC;5,028
14462,4;1095,8;835,2;25,69;60,44;21,21;6,34;Bok Choy;SOIL_BASED;3,424
20053,1;907,8;1247,5;21,73;72,42;18,19;5,91;Spinach;AEROPONIC;5,352
20326,9;654,2;1310,4;22,63;59,62;18,53;6,3;Kale;SOIL_BASED;4,498
15559,4;735,5;965,4;22,64;57,18;17,43;5,93;Spinach;SOIL_BASED;3,351
10986,3;548,9;911,6;26,03;63,41;22,69;5,96;Lettuce;AEROPONIC;5,479
13011,8;977,3;1402,7;26,0;95,0;21,59;6,2;Bok Choy;AEROPONIC;5,011
8164,4;801,2;1534,3;23,95;58,69;18,7;6,7;Spinach;SOIL_BASED;3,42
9047,4;582,3;1204,8;27,08;78,68;24,42;6,18;Kale;SOIL_BASED;3,881
23946,8;726,4;1412,1;22,43;61,56;18,85;5,75;Bok Choy;HYDROPONIC;4,784
13430,0;883,8;1253,2;28,39;67,24;24,85;6,04;Kale;AEROPONIC;6,038
13462,3;861,1;1955,8;21,8;69,06;17,27;6,53;Chinese Cabbage;AEROPONIC;4,683
14024,6;862,2;1258,4;17,99;67,47;14,03;6,27;Lettuce;HYDROPONIC;5,536
14894,5;798,5;1637,7;19,96;68,48;15,32;5,48;Chinese Cabbage;AEROPONIC;4,669
15966,9;449,0;1427,1;19,71;70,87;16,43;6,19;Lettuce;HYDROPONIC;5,643
11229,3;1135,1;1139,0;21,43;55,3;17,6;6,43;Spinach;HYDROPONIC;4,795
19808,7;729,7;1433,3;26,66;66,88;22,85;6,86;Bok Choy;AEROPONIC;5,288
12203,0;830,3;1265,0;22,24;67,53;18,06;5,59;Spinach;AQUAPONIC;4,713
8518,3;1021,0;1015,0;19,71;72,72;15,37;5,77;Lettuce;SOIL_BASED;3,659
9680,2;813,6;1303,8;19,42;65,61;15,76;6,46;Lettuce;AEROPONIC;5,78
14456,4;993,2;1168,2;23,34;72,49;19,08;5,98;Lettuce;AQUAPONIC;5,264
17732,0;947,7;1267,1;27,77;62,45;23,44;5,97;Kale;HYDROPONIC;6,095
17301,8;1010,6;1261,7;24,12;63,31;21,62;5,89;Bok Choy;AQUAPONIC;4,628
18980,9;869,4;1222,3;26,14;70,65;21,77;6,22;Spinach;AEROPONIC;4,782
10094,3;734,5;1032,0;24,63;59,26;20,36;6,46;Spinach;AEROPONIC;4,727
19105,1;709,4;1597,4;19,23;63,2;13,22;5,91;Chinese Cabbage;AQUAPONIC;3,86
16242,8;1043,4;1261,1;25,18;63,8;20,82;5,57;Lettuce;AEROPONIC;5,893
13380,6;754,6;1337,5;20,31;64,24;16,26;6,32;Lettuce;SOIL_BASED;4,096
11886,5;919,8;1228,5;22,33;68,49;17,06;5,7;Lettuce;AQUAPONIC;5,12
11267,1;692,8;1174,5;21,48;60,43;17,74;6,31;Spinach;HYDROPONIC;4,68
16367,5;724,3;1331,7;23,21;73,32;19,68;6,11;Chinese Cabbage;AQUAPONIC;4,262
14742,2;805,5;1645,6;22,8;65,69;18,87;6,01;Kale;AQUAPONIC;5,255
8139,7;717,0;874,8;22,43;71,43;17,81;5,8;Bok Choy;AQUAPONIC;4,672
13447,4;689,3;996,4;22,73;57,56;16,94;5,99;Kale;AQUAPONIC;5,181
13009,3;737,3;1194,5;24,25;43,71;19,83;6,06;Spinach;HYDROPONIC;4,43
18637,3;887,7;1075,2;22,73;76,02;18,76;5,98;Lettuce;HYDROPONIC;5,5
15718,6;708,0;1804,0;23,02;69,77;19,24;6,63;Bok Choy;HYDROPONIC;4,643
13018,0;784,7;1189,5;29,08;72,65;26,33;6,12;Spinach;AQUAPONIC;4,049
11730,3;1027,0;1403,4;26,41;79,2;23,53;5,62;Spinach;SOIL_BASED;3,798
15441,5;859,8;1206,1;22,1;60,01;17,92;5,69;Spinach;SOIL_BASED;3,427
12276,5;972,6;620,5;23,8;52,63;20,21;6,18;Bok Choy;HYDROPONIC;4,199
9411,4;820,6;1174,3;23,58;76,31;19,38;5,42;Bok Choy;SOIL_BASED;3,658
15732,5;763,2;975,7;23,72;73,54;20,0;6,57;Chinese Cabbage;SOIL_BASED;3,35
14230,0;1002,0;1366,0;23,44;77,4;19,91;6,62;Chinese Cabbage;SOIL_BASED;3,275
13853,2;587,0;1202,3;23,74;82,1;20,58;5,58;Kale;SOIL_BASED;4,126
14745,2;905,4;1080,9;22,8;58,03;19,18;6,2;Bok Choy;SOIL_BASED;3,14
16416,3;968,0;1250,4;21,78;75,96;15,91;6,26;Bok Choy;AEROPONIC;5,119
9913,8;562,0;1168,7;22,41;65,84;18,52;6,68;Bok Choy;HYDROPONIC;4,975
11609,7;687,3;1545,5;18,64;76,21;14,68;6,55;Chinese Cabbage;AQUAPONIC;3,664
19666,2;815,9;1425,9;25,45;83,61;21,33;5,69;Spinach;SOIL_BASED;3,265
18398,7;849,1;1730,4;24,85;68,23;19,95;5,95;Lettuce;AEROPONIC;5,514
21627,6;940,7;1467,8;29,13;61,66;24,69;5,72;Chinese Cabbage;AQUAPONIC;4,275
17274,0;618,2;1407,3;20,15;56,47;16,1;5,9;Bok Choy;AEROPONIC;5,105
16966,8;677,9;1435,2;22,37;48,84;18,34;5,66;Chinese Cabbage;SOIL_BASED;2,863
14197,5;1011,7;1470,9;26,77;80,34;22,88;5,45;Kale;SOIL_BASED;4,249
9261,1;901,9;812,0;24,5;80,87;21,77;6,95;Bok Choy;SOIL_BASED;3,578
16882,3;868,9;1414,7;28,07;76,6;24,34;5,43;Kale;SOIL_BASED;4,121
14216,3;780,6;864,9;27,63;65,45;22,02;6,34;Bok Choy;AQUAPONIC;4,478
8566,4;773,0;782,9;16,7;74,69;12,0;5,69;Chinese Cabbage;AQUAPONIC;3,907
16532,3;908,9;990,8;24,22;70,6;20,86;5,4;Spinach;AEROPONIC;4,985
18423,5;900,4;1346,0;24,24;58,13;20,82;5,73;Lettuce;HYDROPONIC;5,656
11687,0;795,0;941,9;23,44;77,76;17,74;6,49;Kale;SOIL_BASED;4,415
13194,0;595,1;1412,2;22,28;72,33;19,0;6,4;Chinese Cabbage;AEROPONIC;4,059
15787,1;586,6;1705,2;27,87;74,26;24,9;6,68;Spinach;AEROPONIC;4,348
11385,6;898,6;1199,9;23,42;70,77;19,87;6,18;Chinese Cabbage;AEROPONIC;4,687
13985,9;838,9;1332,8;15,0;69,13;12,0;5,44;Kale;SOIL_BASED;4,225
15301,5;739,2;1097,4;22,26;71,0;17,65;5,93;Lettuce;SOIL_BASED;4,066
17309,1;565,0;961,4;29,3;65,58;25,94;6,3;Chinese Cabbage;AEROPONIC;4,098
14464,6;973,8;1229,4;20,37;73,16;15,53;6,09;Bok Choy;SOIL_BASED;3,499
16346,6;691,0;1077,4;26,91;84,59;23,24;5,81;Spinach;AEROPONIC;4,952
13778,8;725,4;1160,0;26,42;71,94;22,39;5,74;Chinese Cabbage;AQUAPONIC;3,949
15006,5;757,6;1090,0;22,78;77,49;17,4;6,21;Spinach;SOIL_BASED;3,349
15749,6;607,2;931,6;24,03;57,96;18,38;6,3;Bok Choy;AQUAPONIC;4,508
5857,5;583,3;1249,4;23,3;74,91;18,57;6,17;Lettuce;HYDROPONIC;5,65
12139,4;807,9;779,0;22,02;72,33;17,59;6,52;Lettuce;SOIL_BASED;4,003
18466,9;967,7;1411,4;21,63;77,14;18,72;5,36;Bok Choy;HYDROPONIC;5,003
7410,4;1136,2;840,6;27,48;64,39;22,01;5,98;Spinach;AEROPONIC;4,974
15881,1;864,7;1125,7;23,01;76,37;18,74;6,07;Chinese Cabbage;SOIL_BASED;3,209
19349,9;1048,9;1583,7;21,34;61,89;17,04;6,32;Bok Choy;SOIL_BASED;3,645
18480,8;871,0;1465,9;25,04;77,68;20,9;6,63;Kale;SOIL_BASED;4,39
17414,0;955,4;1279,6;24,69;78,26;20,6;6,32;Spinach;HYDROPONIC;4,946
20557,4;777,6;1849,8;19,32;58,6;17,07;6,18;Lettuce;HYDROPONIC;5,621
18774,4;829,2;1304,4;21,7;71,09;18,12;5,95;Bok Choy;AEROPONIC;5,213
13156,7;841,7;1555,0;18,74;66,13;14,81;6,36;Lettuce;AQUAPONIC;5,225
17012,6;796,4;1117,2;30,64;72,14;27,09;6,13;Spinach;AQUAPONIC;4,25
9656,2;733,6;529,5;22,48;68,34;18,54;5,94;Lettuce;HYDROPONIC;5,423
17910,5;890,2;1339,1;21,6;66,09;18,29;6,48;Bok Choy;SOIL_BASED;3,639
14254,1;724,9;1395,4;22,1;63,05;18,03;6,0;Spinach;AQUAPONIC;4,091
18272,1;842,9;1387,2;21,39;80,26;17,41;6,18;Kale;AQUAPONIC;5,202
15460,4;747,5;905,1;22,99;61,7;18,73;5,77;Bok Choy;HYDROPONIC;5,081
17990,6;1006,4;2054,3;26,96;63,36;21,29;6,26;Chinese Cabbage;AEROPONIC;4,644
15001,7;959,7;992,7;23,77;57,33;19,1;6,22;Bok Choy;HYDROPONIC;4,977
13617,2;697,7;1306,5;19,61;75,28;15,75;5,85;Spinach;HYDROPONIC;4,657
15580,2;741,8;1345,2;20,29;76,82;14,94;6,41;Bok Choy;SOIL_BASED;3,658
9141,3;734,2;1493,0;23,99;71,34;20,42;6,28;Kale;HYDROPONIC;6,003
14139,4;803,8;1100,7;21,17;61,45;16,49;6,01;Kale;SOIL_BASED;4,112
12941,7;476,3;1416,0;22,97;53,51;18,09;5,98;Chinese Cabbage;AEROPONIC;4,555
9675,9;846,5;1700,8;30,91;72,76;28,24;6,13;Lettuce;SOIL_BASED;3,904
12057,7;580,2;1160,8;20,68;75,64;16,49;6,67;Spinach;AEROPONIC;4,564
9959,5;696,9;1148,5;19,45;63,67;15,59;5,9;Spinach;AEROPONIC;4,943
9103,9;871,2;1017,4;21,43;68,63;16,77;5,84;Lettuce;AEROPONIC;5,922
12489,7;1032,8;1343,2;18,46;54,64;14,44;6,69;Kale;HYDROPONIC;5,562
16266,8;760,0;1049,2;27,1;61,28;23,31;6,92;Kale;SOIL_BASED;4,451
9260,8;842,6;1459,8;20,25;71,29;17,15;5,78;Bok Choy;AQUAPONIC;4,486
14336,7;615,7;1154,4;20,77;67,11;15,9;6,11;Chinese Cabbage;HYDROPONIC;4,488
15194,0;728,1;1217,8;19,77;69,61;16,03;5,6;Chinese Cabbage;AEROPONIC;4,475
14106,3;663,4;1021,1;18,76;77,68;15,5;5,86;Chinese Cabbage;AQUAPONIC;4,219
17433,7;812,1;1839,2;23,35;57,44;19,51;6,01;Bok Choy;HYDROPONIC;4,815
25000,0;626,6;1306,5;21,4;69,75;17,17;6,1;Chinese Cabbage;AQUAPONIC;4,081
20279,9;947,6;980,2;18,45;62,22;14,52;5,56;Lettuce;AEROPONIC;5,331
12260,7;679,7;1352,1;22,46;66,51;19,44;6,04;Bok Choy;AQUAPONIC;4,42
11118,8;745,0;839,4;24,52;70,47;20,34;6,19;Lettuce;AQUAPONIC;5,208
12874,6;673,3;1108,8;22,26;57,24;19,18;5,91;Bok Choy;AEROPONIC;5,314
16312,1;596,4;1390,6;25,18;62,45;21,7;6,49;Chinese Cabbage;AQUAPONIC;3,663
14646,2;544,0;1415,3;28,26;64,48;24,76;6,17;Lettuce;HYDROPONIC;5,442
14672,2;436,0;1512,7;25,78;71,37;20,45;6,37;Lettuce;AQUAPONIC;5,386
14844,3;761,2;1618,8;24,1;77,36;19,68;5,79;Lettuce;SOIL_BASED;4,035
14770,3;924,6;1234,2;25,77;53,79;21,59;5,93;Bok Choy;HYDROPONIC;4,755
15424,9;707,5;1512,3;29,74;62,33;25,3;5,82;Spinach;AQUAPONIC;3,868
17783,3;593,0;1488,8;19,46;66,75;14,67;6,2;Chinese Cabbage;SOIL_BASED;3,115
15722,7;662,0;1499,3;25,27;66,72;22,82;6,11;Lettuce;SOIL_BASED;4,286
10665,5;735,9;894,4;20,71;71,53;16,71;5,66;Spinach;SOIL_BASED;3,53
17740,8;672,2;1347,5;24,18;57,46;20,38;5,96;Chinese Cabbage;AQUAPONIC;4,021
18319,8;915,7;1204,5;19,8;66,28;16,15;6,82;Chinese Cabbage;AEROPONIC;4,764
13985,3;967,0;1619,0;25,62;64,5;22,12;5,3;Lettuce;SOIL_BASED;4,21
15581,1;741,4;1307,9;24,28;74,14;21,88;5,7;Lettuce;AEROPONIC;5,822
12866,0;544,7;1176,6;27,7;68,63;23,94;6,5;Bok Choy;HYDROPONIC;4,912
11784,3;632,8;1199,2;22,74;64,22;18,5;6,1;Spinach;AEROPONIC;4,74
12212,1;759,1;1184,2;22,65;78,35;18,49;6,52;Spinach;AEROPONIC;4,803
12448,9;581,2;1321,0;22,68;63,5;19,08;6,36;Lettuce;AEROPONIC;5,491
19549,0;778,9;1363,7;30,39;61,21;26,04;6,76;Chinese Cabbage;AEROPONIC;4,486
14241,1;837,4;1227,6;25,27;73,01;20,82;5,38;Lettuce;AEROPONIC;6,16
11639,2;750,2;1195,9;27,27;63,96;23,44;6,11;Chinese Cabbage;HYDROPONIC;4,634
13654,8;777,1;1031,7;25,53;68,56;21,29;6,52;Chinese Cabbage;HYDROPONIC;4,291
16825,4;640,8;1655,0;25,97;82,72;21,62;6,64;Lettuce;AEROPONIC;5,663
19585,7;671,4;1208,4;19,37;63,84;15,66;5,97;Kale;AEROPONIC;6,207
16395,9;770,8;1342,3;21,93;59,79;17,47;6,81;Spinach;SOIL_BASED;3,594
14414,8;701,5;1388,2;21,76;66,17;18,61;5,78;Chinese Cabbage;HYDROPONIC;4,05
20544,0;781,3;1351,1;23,67;65,39;20,53;6,04;Chinese Cabbage;AQUAPONIC;3,747
13731,3;616,9;1160,3;23,21;74,52;19,17;6,44;Kale;HYDROPONIC;5,707
13513,6;562,7;1434,6;19,0;56,37;14,0;6,26;Bok Choy;AQUAPONIC;4,374
10464,2;744,5;1652,0;23,62;90,85;19,49;6,14;Kale;SOIL_BASED;4,104
12358,2;945,2;1455,4;17,87;61,88;13,86;6,13;Kale;AEROPONIC;6,277
10441,9;547,9;1392,8;25,67;72,47;22,7;6,18;Chinese Cabbage;SOIL_BASED;3,009
9933,1;980,6;1448,6;23,79;75,94;18,86;7,15;Spinach;AEROPONIC;4,671
14215,4;991,8;1297,1;26,99;69,63;22,19;6,15;Kale;HYDROPONIC;5,865
12775,3;505,0;1208,2;24,1;73,26;21,09;6,21;Bok Choy;AEROPONIC;5,206
18715,3;962,3;1777,7;22,21;68,6;17,16;6,33;Lettuce;AQUAPONIC;4,978
15567,2;579,0;1678,6;19,09;73,37;15,48;5,83;Kale;AQUAPONIC;5,484
16923,2;844,2;1154,9;22,4;64,39;18,17;5,87;Kale;SOIL_BASED;4,156
16159,0;1006,0;1575,0;21,29;62,44;15,82;6,23;Bok Choy;HYDROPONIC;4,582
10721,0;834,6;1401,3;24,54;52,87;21,4;5,66;Spinach;AQUAPONIC;4,34
13788,9;857,6;1313,8;22,32;71,7;18,16;5,85;Kale;SOIL_BASED;4,348
15977,9;897,2;1672,0;25,19;65,08;21,67;6,18;Kale;HYDROPONIC;5,657
8401,4;1228,5;1310,4;27,29;71,18;24,55;6,23;Spinach;HYDROPONIC;4,452
8319,9;692,5;1346,2;19,54;65,3;15,83;6,72;Bok Choy;SOIL_BASED;3,402
15155,1;960,0;1407,1;23,49;78,55;20,39;6,14;Kale;AQUAPONIC;5,51
13642,7;595,9;959,0;23,37;66,6;19,2;6,08;Spinach;AQUAPONIC;4,443
2310,3;604,3;1351,0;24,38;62,72;19,23;4,81;Kale;SOIL_BASED;4,193
8217,4;832,3;920,1;25,42;64,61;21,32;5,78;Lettuce;AQUAPONIC;5,198
11075,5;919,2;1432,2;27,95;72,26;24,78;6,83;Chinese Cabbage;SOIL_BASED;2,847
16253,5;868,7;1421,2;20,39;92,81;17,2;5,39;Lettuce;AQUAPONIC;4,825
12760,8;721,8;1585,6;19,1;79,66;14,51;6,69;Kale;AQUAPONIC;5,384
18521,7;724,7;1442,7;24,03;57,73;18,89;6,02;Bok Choy;SOIL_BASED;3,751
11965,1;657,2;1949,9;24,76;70,01;20,16;6,41;Chinese Cabbage;SOIL_BASED;3,082
12554,7;824,5;912,8;25,52;61,34;23,33;6,11;Lettuce;AQUAPONIC;5,23
22596,5;855,2;1275,0;21,37;64,65;18,08;6,84;Spinach;SOIL_BASED;3,802
17467,7;942,9;1552,8;19,08;65,4;14,63;5,35;Bok Choy;AQUAPONIC;4,689
18194,3;574,0;1577,1;26,91;67,27;20,83;6,38;Lettuce;AEROPONIC;5,808
11903,4;1310,6;1130,9;24,93;75,46;22,59;6,8;Spinach;HYDROPONIC;4,57
13659,2;616,8;1588,4;22,44;65,78;17,59;5,98;Kale;HYDROPONIC;6,149
14601,0;638,2;899,4;17,49;69,43;13,92;6,32;Spinach;AQUAPONIC;4,069
13700,4;757,0;1070,6;21,63;67,93;17,78;6,2;Lettuce;HYDROPONIC;5,778
15083,1;780,0;1387,0;25,45;62,06;21,38;5,88;Lettuce;AQUAPONIC;5,077
15048,6;869,8;1352,9;24,72;63,4;19,78;5,89;Kale;SOIL_BASED;4,136
13840,7;873,3;1606,2;19,64;62,82;15,23;6,19;Spinach;AEROPONIC;4,689
13608,6;874,4;1511,9;25,23;73,64;21,46;5,51;Spinach;HYDROPONIC;4,149
19353,1;997,0;1166,2;23,25;64,84;19,47;5,98;Kale;HYDROPONIC;6,052
11471,4;924,1;1607,2;27,05;83,04;22,81;5,56;Spinach;SOIL_BASED;3,181
12894,9;593,5;1423,2;21,55;61,35;17,35;5,89;Kale;AEROPONIC;5,79
9472,4;724,2;1495,2;21,77;61,33;18,35;6,79;Bok Choy;AEROPONIC;5,134
11283,6;692,5;1488,5;23,82;58,93;18,92;5,69;Lettuce;AEROPONIC;5,796
12831,7;752,5;1216,9;22,33;67,09;16,73;5,94;Bok Choy;SOIL_BASED;3,528
14879,6;963,5;1537,2;21,05;63,42;16,5;5,9;Chinese Cabbage;HYDROPONIC;4,197
17430,1;891,0;1369,2;28,66;65,0;24,3;6,36;Chinese Cabbage;HYDROPONIC;4,445
17498,2;763,7;1515,8;27,48;76,71;22,32;6,19;Chinese Cabbage;AEROPONIC;4,454
19234,4;953,0;1667,3;20,81;66,58;16,37;6,17;Kale;SOIL_BASED;4,004
11022,1;924,8;1254,9;24,12;64,81;20,41;6,53;Spinach;SOIL_BASED;3,439
11508,5;580,8;1550,6;19,21;70,43;13,45;5,74;Bok Choy;SOIL_BASED;3,551
10678,8;645,4;1191,0;28,26;69,59;24,05;5,77;Bok Choy;AEROPONIC;4,764
20736,2;839,2;1159,3;25,63;74,41;21,31;6,73;Bok Choy;SOIL_BASED;3,53
16452,0;759,9;1278,0;26,31;75,11;21,42;6,87;Bok Choy;AEROPONIC;4,765
17590,1;891,1;1277,4;22,8;71,85;18,15;5,33;Chinese Cabbage;AEROPONIC;4,236
10462,1;720,7;1400,7;26,79;75,97;23,29;6,44;Bok Choy;AEROPONIC;4,747
14474,0;899,5;986,8;26,8;62,23;22,2;5,83;Spinach;AQUAPONIC;4,06
16453,4;779,1;1426,4;23,04;66,98;18,64;6,72;Chinese Cabbage;AEROPONIC;4,807
9513,9;866,4;1241,9;20,28;69,05;15,6;6,13;Bok Choy;SOIL_BASED;3,738
12768,5;836,8;788,2;24,72;68,74;20,14;5,26;Kale;AQUAPONIC;5,523
16022,7;738,8;1384,1;23,15;94,18;19,36;6,22;Lettuce;HYDROPONIC;5,317
6899,8;1027,5;1647,7;28,69;77,33;23,82;6,33;Lettuce;HYDROPONIC;5,388
19692,9;741,2;1556,9;23,64;77,01;19,87;6,16;Lettuce;SOIL_BASED;4,261
16836,2;1102,9;1279,8;23,8;65,56;19,58;6,61;Chinese Cabbage;SOIL_BASED;3,275
10495,2;516,6;1168,7;25,76;67,43;21,5;6,53;Bok Choy;SOIL_BASED;3,822
14331,0;623,3;1506,4;23,51;74,51;19,82;6,15;Chinese Cabbage;SOIL_BASED;2,997
16166,2;814,5;1168,9;25,44;80,78;19,64;5,33;Spinach;AQUAPONIC;4,428
14956,5;556,8;1268,7;21,99;60,74;18,41;6,19;Kale;SOIL_BASED;4,744
14295,7;702,8;1948,4;20,37;63,98;17,77;6,02;Kale;AEROPONIC;5,981
14098,7;901,1;1666,6;20,94;66,31;16,02;6,07;Lettuce;HYDROPONIC;5,487
17213,6;753,8;1233,2;22,56;70,21;18,7;5,88;Lettuce;SOIL_BASED;4,244
17355,7;886,8;1458,1;23,83;74,57;18,55;5,45;Lettuce;AEROPONIC;6,056
16946,9;985,3;1694,5;24,9;74,09;20,9;5,7;Bok Choy;SOIL_BASED;3,54
16971,2;852,1;1401,6;24,78;71,86;20,62;6,47;Spinach;AEROPONIC;4,605
16186,3;632,0;996,4;23,53;61,54;17,18;6,51;Spinach;AQUAPONIC;4,188
16571,6;761,3;1369,5;20,5;66,55;16,42;6,74;Spinach;HYDROPONIC;4,537
20381,5;772,1;1220,9;25,46;56,63;21,21;6,01;Spinach;HYDROPONIC;4,161
14105,8;800,6;1226,4;19,3;76,32;14,28;6,09;Lettuce;AQUAPONIC;5,244
8556,6;719,4;1106,1;20,23;68,29;15,92;5,75;Kale;AEROPONIC;6,041
18846,6;794,6;994,0;23,63;58,1;19,62;6,18;Lettuce;SOIL_BASED;4,103
16083,5;908,9;1132,8;25,73;88,0;21,84;6,08;Spinach;AEROPONIC;5,084
16350,3;414,2;1478,6;25,26;46,34;21,77;5,57;Lettuce;HYDROPONIC;4,986
11459,4;868,0;1538,2;23,22;67,47;19,41;6,28;Spinach;AQUAPONIC;4,327
8685,4;681,3;1835,0;24,75;79,17;19,95;5,44;Chinese Cabbage;AQUAPONIC;3,961
15492,7;507,7;1155,8;20,52;63,88;15,56;5,66;Kale;AEROPONIC;6,096
13589,7;537,6;1078,0;21,93;69,41;18,26;6,22;Chinese Cabbage;AEROPONIC;4,517
14435,5;839,5;1511,9;21,97;72,07;16,86;5,73;Bok Choy;AQUAPONIC;4,547
12663,6;739,3;897,7;20,77;48,56;15,97;5,88;Lettuce;HYDROPONIC;5,088
14694,3;1000,8;764,2;22,49;58,74;18,6;6,07;Bok Choy;SOIL_BASED;3,722
12142,2;984,4;1501,6;22,92;67,49;18,21;6,4;Lettuce;SOIL_BASED;4,164
19745,2;607,4;1042,5;22,21;67,3;16,96;6,6;Chinese Cabbage;AEROPONIC;4,422
13819,4;768,0;1104,2;22,78;56,56;18,39;5,79;Spinach;AQUAPONIC;4,116
17511,3;983,0;1448,0;15,49;67,83;12,0;6,43;Spinach;AQUAPONIC;3,878
16160,6;656,2;1301,5;24,58;72,55;21,09;5,96;Lettuce;AQUAPONIC;5,214
19043,9;1034,8;1212,6;22,36;78,96;18,46;5,99;Spinach;HYDROPONIC;4,775
15124,9;763,8;944,4;22,36;69,77;18,21;6,14;Chinese Cabbage;AEROPONIC;4,617
17721,7;832,3;1141,8;19,61;60,28;16,47;6,59;Spinach;AEROPONIC;5,158
17025,9;790,2;1153,8;27,84;72,86;24,46;6,19;Chinese Cabbage;AEROPONIC;4,441
19927,3;809,1;1176,3;27,98;73,86;23,22;6,04;Bok Choy;HYDROPONIC;4,859
16988,4;898,2;1439,8;18,83;66,61;15,05;6,23;Chinese Cabbage;AEROPONIC;4,304
11783,9;656,6;1367,0;22,84;64,8;20,14;6,25;Kale;SOIL_BASED;4,68
13856,8;803,1;1226,5;26,1;64,11;22,27;5,41;Kale;AEROPONIC;6,534
10241,3;799,8;1315,9;22,5;73,33;18,66;6,3;Kale;AEROPONIC;5,881
13412,3;822,3;1747,4;21,8;66,8;17,51;6,25;Lettuce;AEROPONIC;5,662
9675,3;948,0;1377,4;21,62;70,84;17,16;6,39;Lettuce;HYDROPONIC;6,084
17136,5;781,0;1660,0;24,38;61,66;19,72;6,03;Lettuce;SOIL_BASED;3,646
8208,2;846,1;1134,8;30,82;68,62;26,87;6,15;Chinese Cabbage;SOIL_BASED;2,81
10765,9;1020,0;1230,2;25,82;58,64;21,8;6,06;Lettuce;AQUAPONIC;5,182
15619,1;893,8;1197,4;20,4;63,03;17,19;6,13;Bok Choy;AQUAPONIC;4,872
17310,6;790,4;1383,2;21,74;68,4;17,96;6,25;Kale;SOIL_BASED;4,713
7464,9;719,1;1407,1;22,75;61,68;19,25;6,39;Chinese Cabbage;AEROPONIC;4,583
15809,2;967,9;1423,9;21,09;64,63;16,46;6,3;Kale;AEROPONIC;6,191
16755,5;607,8;672,8;20,57;74,45;14,59;6,18;Lettuce;AEROPONIC;5,855
8613,6;853,1;1049,9;25,6;65,47;21,09;5,59;Chinese Cabbage;HYDROPONIC;4,501
8227,6;806,9;1348,3;22,09;64,9;16,97;6,03;Spinach;AEROPONIC;4,861
14539,1;839,6;1765,9;24,54;60,45;19,76;6,31;Bok Choy;HYDROPONIC;5,039
16140,9;912,7;1149,1;28,49;63,57;25,48;5,46;Lettuce;SOIL_BASED;3,941
12869,7;706,1;1860,0;22,03;67,95;17,82;7,32;Lettuce;AEROPONIC;5,494
15226,3;665,8;933,6;24,27;73,38;20,99;5,99;Bok Choy;AEROPONIC;5,372
14523,2;589,0;1343,7;20,63;54,95;17,66;5,74;Bok Choy;AQUAPONIC;4,864
21496,8;786,9;1238,4;24,66;74,83;19,67;5,92;Spinach;SOIL_BASED;3,345
6659,2;928,3;1151,5;27,14;64,75;21,76;5,83;Lettuce;AEROPONIC;5,607
12855,1;671,1;1514,4;27,0;67,2;25,48;6,56;Lettuce;HYDROPONIC;4,932
13134,8;540,3;1260,3;23,62;73,99;19,92;6,52;Kale;SOIL_BASED;4,506
8506,7;664,8;888,6;22,05;86,91;17,72;6,7;Chinese Cabbage;AQUAPONIC;4,089
15751,6;851,5;770,2;24,16;72,63;20,27;5,88;Chinese Cabbage;SOIL_BASED;3,032
12530,8;778,8;1004,1;23,64;63,82;19,3;6,43;Kale;HYDROPONIC;6,125
11373,3;861,3;1444,5;24,79;69,57;20,48;6,04;Chinese Cabbage;AQUAPONIC;3,799
10119,1;892,0;1227,6;21,72;71,58;17,24;6,44;Bok Choy;HYDROPONIC;4,838
14844,0;927,0;1549,2;22,38;56,08;17,53;5,48;Chinese Cabbage;SOIL_BASED;2,694
16199,2;667,0;1241,6;22,89;58,79;18,24;6,1;Chinese Cabbage;AQUAPONIC;3,973
13878,4;1035,5;1352,3;25,37;71,42;21,42;5,74;Kale;HYDROPONIC;5,987
17688,0;781,0;1672,6;25,74;72,5;20,76;5,57;Spinach;SOIL_BASED;3,392
15808,5;870,3;1231,4;22,29;71,21;19,55;5,83;Chinese Cabbage;HYDROPONIC;4,513
20837,6;786,8;1789,4;20,28;73,54;15,29;5,66;Chinese Cabbage;AEROPONIC;4,713
10680,8;868,6;1456,7;24,52;64,85;20,44;5,66;Spinach;SOIL_BASED;3,409
9534,9;706,6;1034,9;25,55;77,18;22,01;6,56;Kale;AQUAPONIC;5,793
16614,5;686,3;966,6;23,12;83,48;19,88;6,08;Spinach;AQUAPONIC;4,215
13545,2;827,0;905,6;21,5;62,52;16,44;5,54;Kale;AEROPONIC;6,106
9813,8;921,1;1289,6;22,16;57,3;18,19;6,08;Bok Choy;HYDROPONIC;4,901
11036,4;971,9;856,2;28,09;67,38;24,82;6,02;Kale;HYDROPONIC;6,191
17113,8;725,1;1740,0;24,12;75,47;20,72;5,88;Bok Choy;AQUAPONIC;4,398
17814,5;909,2;1862,1;26,34;73,62;22,52;6,21;Bok Choy;HYDROPONIC;4,984
17198,1;829,2;863,5;21,25;69,22;16,04;5,99;Kale;SOIL_BASED;4,352
14847,1;789,2;1345,3;26,89;48,36;22,04;5,83;Lettuce;SOIL_BASED;3,967
13697,2;808,7;769,9;26,01;62,11;21,52;6,02;Kale;AQUAPONIC;5,223
13859,7;775,6;1464,8;23,21;77,39;19,17;6,48;Chinese Cabbage;SOIL_BASED;2,954
15395,6;849,9;1525,3;25,21;53,16;22,23;6,57;Chinese Cabbage;AQUAPONIC;4,065
15096,9;534,2;1279,3;27,12;68,18;20,72;6,31;Lettuce;HYDROPONIC;5,588
11065,8;559,5;1357,8;20,4;63,13;16,62;6,41;Bok Choy;HYDROPONIC;4,826
18054,3;677,8;1108,5;22,03;73,56;18,3;6,45;Lettuce;HYDROPONIC;5,272
14660,9;893,4;1291,4;24,97;53,83;20,73;6,52;Chinese Cabbage;AEROPONIC;4,329
6754,8;839,7;1465,6;23,56;65,44;18,03;6,87;Lettuce;AQUAPONIC;5,073
10117,7;799,5;1231,4;24,65;69,33;20,39;5,68;Kale;SOIL_BASED;4,65
13047,1;965,8;1598,5;25,43;65,01;21,46;6,38;Lettuce;HYDROPONIC;5,31
15235,7;714,9;1101,1;24,9;73,12;22,21;6,96;Bok Choy;AEROPONIC;5,292
14527,0;842,0;1197,1;22,79;54,9;18,83;5,51;Kale;SOIL_BASED;4,568
12064,4;727,2;743,3;22,98;58,46;18,77;6,71;Spinach;SOIL_BASED;3,21
18818,5;736,4;1883,7;27,85;65,23;24,27;5,68;Chinese Cabbage;SOIL_BASED;2,69
17126,0;1003,1;762,4;23,74;70,86;19,19;6,37;Chinese Cabbage;HYDROPONIC;4,51
14379,4;749,5;1569,5;27,29;72,36;23,68;6,13;Lettuce;SOIL_BASED;4,498
9026,2;814,5;1391,0;27,49;69,47;23,89;6,13;Kale;AQUAPONIC;5,293
13430,0;777,5;1278,5;21,31;60,18;17,14;4,69;Spinach;AEROPONIC;4,794
13180,4;774,0;1048,6;25,56;62,93;21,9;5,21;Kale;SOIL_BASED;4,212
8614,8;852,4;1159,9;20,48;77,4;16,45;5,9;Chinese Cabbage;SOIL_BASED;3,071
16323,9;626,8;1178,2;28,03;85,18;23,64;6,06;Kale;AQUAPONIC;5,268
15158,2;622,2;1143,8;24,03;73,18;20,32;6,27;Spinach;SOIL_BASED;3,529
11107,2;768,2;727,4;23,89;70,93;19,29;5,82;Lettuce;HYDROPONIC;5,276
15368,5;747,7;1431,6;21,08;58,19;17,73;6,0;Bok Choy;HYDROPONIC;5,002
17921,5;881,7;1450,0;21,8;69,67;18,29;5,69;Kale;HYDROPONIC;5,729
16287,7;922,4;1189,5;24,13;53,67;20,41;5,64;Bok Choy;SOIL_BASED;3,81
12451,1;623,8;1268,5;23,75;79,17;19,35;5,86;Chinese Cabbage;AEROPONIC;4,838
22888,9;627,7;1430,1;22,42;72,76;18,44;5,26;Lettuce;AEROPONIC;5,982
16026,3;734,2;920,8;25,96;67,51;22,43;6,28;Lettuce;SOIL_BASED;3,801
12310,6;717,8;859,3;23,49;58,16;19,6;6,36;Kale;AEROPONIC;6,195
20203,2;790,9;1282,4;20,67;69,54;16,63;6,59;Lettuce;AEROPONIC;5,754
8209,1;917,4;1194,7;25,52;55,23;20,38;7,1;Kale;SOIL_BASED;4,261
10416,8;827,5;1169,3;20,25;65,33;15,53;5,84;Kale;HYDROPONIC;5,66
12773,1;876,8;1437,1;18,11;71,53;14,93;6,64;Bok Choy;SOIL_BASED;3,597
17910,1;714,6;1177,2;23,77;61,94;18,76;5,97;Lettuce;HYDROPONIC;5,702
12182,5;671,3;1394,8;20,61;67,66;17,38;6,24;Kale;HYDROPONIC;6,121
14057,7;686,8;1741,4;24,0;87,81;19,06;6,27;Bok Choy;AEROPONIC;5,164
11279,1;734,6;1825,9;25,79;52,8;21,25;6,51;Spinach;AEROPONIC;4,561
16954,4;802,5;1504,9;26,26;61,44;22,56;5,99;Bok Choy;HYDROPONIC;4,872
16166,0;772,2;660,8;24,89;65,8;20,19;5,33;Bok Choy;HYDROPONIC;4,815
9417,1;698,3;1444,2;19,79;63,49;15,61;5,96;Kale;AEROPONIC;6,161
14335,9;779,5;1684,3;21,48;71,85;17,31;6,84;Chinese Cabbage;AQUAPONIC;3,945
15383,3;702,9;1349,4;23,52;72,59;19,9;6,2;Chinese Cabbage;HYDROPONIC;4,366
13839,4;604,4;1106,9;23,54;68,38;19,32;6,67;Chinese Cabbage;HYDROPONIC;4,375
14253,8;876,5;1173,4;20,86;69,16;18,0;6,66;Bok Choy;HYDROPONIC;4,896
12085,3;771,9;1599,7;22,21;52,72;19,7;6,21;Kale;AEROPONIC;6,124
17407,0;790,7;1141,7;25,77;72,02;21,15;5,91;Lettuce;SOIL_BASED;3,785
11826,3;815,8;1032,5;24,91;69,64;20,66;5,86;Bok Choy;HYDROPONIC;4,81
17801,3;757,2;1110,2;22,64;62,11;18,67;6,23;Bok Choy;HYDROPONIC;5,147
14493,4;823,1;1295,0;26,38;81,76;21,86;6,34;Kale;HYDROPONIC;5,873
12762,2;1062,2;1222,2;19,79;67,37;15,62;6,65;Spinach;SOIL_BASED;3,47
14287,9;944,9;861,2;25,8;69,92;21,18;5,67;Bok Choy;SOIL_BASED;3,457
14797,6;675,9;1168,6;25,42;67,65;20,61;5,74;Spinach;HYDROPONIC;5,008
13290,0;524,9;1773,2;25,59;53,97;23,01;6,21;Spinach;HYDROPONIC;4,471
13171,6;922,6;1328,6;24,33;59,39;22,36;5,72;Chinese Cabbage;AQUAPONIC;3,462
10992,1;849,9;1439,1;21,67;65,65;17,42;6,36;Kale;SOIL_BASED;4,261
19533,6;857,4;910,7;25,16;76,35;20,85;6,15;Spinach;AQUAPONIC;4,481
11665,3;697,5;1452,9;22,34;64,11;18,24;5,79;Kale;HYDROPONIC;6,019
10239,5;691,5;1671,4;24,07;69,75;20,56;6,91;Chinese Cabbage;HYDROPONIC;3,965
16014,7;802,7;1362,7;21,46;71,87;18,02;6,19;Kale;HYDROPONIC;5,918
7894,8;830,8;966,4;22,53;61,2;18,49;6,42;Bok Choy;HYDROPONIC;4,633
14592,7;1076,8;1446,5;23,1;60,04;19,28;6,42;Spinach;AEROPONIC;4,734
10604,5;898,2;1491,0;24,62;62,22;19,81;6,65;Kale;AEROPONIC;6,034
16046,1;816,8;1097,9;25,09;61,69;20,75;6,38;Lettuce;AEROPONIC;6,087
13827,2;378,0;1557,9;28,25;58,76;24,08;6,18;Kale;AQUAPONIC;5,144
11393,9;816,8;1397,3;23,91;75,33;18,91;5,95;Spinach;SOIL_BASED;3,314
13892,9;801,2;761,9;20,85;72,98;16,17;6,49;Chinese Cabbage;HYDROPONIC;3,944
16031,3;616,9;1127,1;25,74;58,8;21,46;6,67;Chinese Cabbage;SOIL_BASED;2,78
12929,6;869,5;1192,6;24,45;69,42;21,01;6,69;Spinach;AEROPONIC;4,78
13204,9;970,3;1265,2;22,97;65,26;18,08;6,73;Bok Choy;HYDROPONIC;4,904
17746,1;1061,2;1278,8;22,38;66,98;17,7;6,2;Bok Choy;HYDROPONIC;4,957
15953,2;799,3;1485,2;21,77;68,28;17,92;5,94;Chinese Cabbage;AQUAPONIC;4,369
12842,0;702,0;1494,3;21,68;55,43;17,26;5,93;Chinese Cabbage;SOIL_BASED;3,217
14783,4;958,8;1700,1;20,08;51,07;16,85;6,07;Spinach;AQUAPONIC;3,86
13380,4;668,5;1368,1;26,2;68,17;23,72;6,61;Bok Choy;AEROPONIC;5,399
18125,5;806,4;1663,9;24,72;64,7;19,95;6,85;Chinese Cabbage;SOIL_BASED;3,184
8533,7;610,5;1522,1;23,76;66,11;19,9;6,51;Bok Choy;AEROPONIC;5,072
16419,8;944,3;1599,0;21,76;62,48;18,42;5,71;Chinese Cabbage;AQUAPONIC;4,035
16186,8;694,3;1695,0;26,55;67,9;22,14;5,7;Kale;AQUAPONIC;5,32
11930,8;909,0;1192,2;19,52;53,75;15,87;6,19;Lettuce;HYDROPONIC;5,392
11326,8;790,9;1259,0;23,13;68,22;19,1;5,61;Kale;SOIL_BASED;4,463
18541,5;864,1;734,0;26,25;46,26;23,83;5,94;Chinese Cabbage;SOIL_BASED;3,004
13759,4;738,0;1567,3;17,92;61,72;13,79;5,92;Lettuce;HYDROPONIC;5,37
19527,9;827,9;1546,5;23,99;63,87;19,07;6,12;Lettuce;SOIL_BASED;4,315
10944,2;918,1;1317,6;21,65;52,33;17,83;6,45;Chinese Cabbage;AEROPONIC;4,354
14193,9;710,8;1487,1;23,84;78,74;19,28;5,73;Chinese Cabbage;AEROPONIC;4,636
12508,9;835,7;1557,9;22,45;67,16;17,55;6,22;Bok Choy;AQUAPONIC;4,502
13014,1;961,9;1285,0;25,16;61,55;20,78;6,06;Chinese Cabbage;AEROPONIC;4,421
15698,7;654,0;1391,8;26,95;83,99;22,25;6,07;Spinach;SOIL_BASED;3,492
11868,1;684,7;1276,3;30,54;69,87;26,96;6,32;Chinese Cabbage;HYDROPONIC;3,882
13884,1;677,0;1254,3;23,18;70,96;18,8;5,97;Spinach;AQUAPONIC;4,334
11845,1;748,0;1103,4;25,57;65,95;21,86;6,22;Chinese Cabbage;HYDROPONIC;4,09
16620,9;569,2;915,1;24,46;63,26;20,66;6,38;Bok Choy;AQUAPONIC;4,515
21226,6;795,0;946,2;24,67;69,6;20,78;6,02;Spinach;AQUAPONIC;4,631
19035,6;1035,0;1261,4;27,63;43,72;22,56;6,2;Kale;HYDROPONIC;5,709
11124,1;798,4;988,5;21,58;51,92;16,83;6,26;Spinach;AEROPONIC;4,857
12834,5;1082,8;1034,4;22,5;55,04;19,83;5,88;Bok Choy;AEROPONIC;4,862
14317,9;556,0;1067,1;23,01;47,49;17,94;5,92;Spinach;AEROPONIC;4,596
7354,0;606,8;1206,8;20,74;71,79;15,42;5,52;Chinese Cabbage;AEROPONIC;4,538
14311,5;536,3;1574,0;23,5;61,28;19,34;5,8;Chinese Cabbage;HYDROPONIC;4,191
16166,7;404,2;724,8;25,34;77,66;21,0;5,61;Bok Choy;SOIL_BASED;3,523
14442,0;794,3;1292,4;25,82;65,52;21,16;6,13;Lettuce;AQUAPONIC;5,285
14157,4;616,0;1039,6;22,99;59,84;17,49;6,39;Chinese Cabbage;HYDROPONIC;4,254
12200,5;464,1;1268,0;26,7;66,02;23,44;6,35;Kale;AEROPONIC;6,083
13283,1;730,7;1118,4;17,69;76,03;13,44;6,46;Bok Choy;AEROPONIC;5,337
12833,7;783,9;1231,9;30,01;64,46;26,28;6,08;Spinach;HYDROPONIC;4,31
10860,6;827,2;878,6;25,09;77,19;19,74;6,11;Spinach;AQUAPONIC;4,024
17743,4;756,9;1386,8;22,29;75,91;17,73;6,6;Kale;HYDROPONIC;5,929
20023,6;862,7;1296,2;24,79;61,71;21,26;5,57;Chinese Cabbage;HYDROPONIC;4,157
12353,4;644,0;1320,2;23,07;62,42;18,15;5,49;Bok Choy;SOIL_BASED;3,858
10949,5;633,5;1531,4;17,65;61,95;13,61;6,07;Kale;HYDROPONIC;5,894
11851,7;961,6;913,5;23,63;56,34;18,82;6,36;Chinese Cabbage;SOIL_BASED;3,291
11082,9;1018,5;996,4;26,05;53,93;23,8;5,71;Bok Choy;AQUAPONIC;4,686
12847,3;586,1;1711,8;26,2;62,33;21,84;6,13;Spinach;HYDROPONIC;4,738
15429,4;813,4;1421,7;24,2;45,85;20,51;6,0;Bok Choy;HYDROPONIC;4,993
18706,8;649,7;779,6;26,18;56,89;20,09;5,72;Lettuce;AEROPONIC;5,614
8936,3;633,8;1233,1;24,72;70,57;22,04;6,14;Bok Choy;HYDROPONIC;4,981
17809,8;813,6;1557,3;24,12;54,62;19,79;5,45;Lettuce;AEROPONIC;5,815
14488,1;818,8;1821,6;21,57;77,33;17,47;6,28;Bok Choy;AEROPONIC;5,45
7052,5;716,1;1685,1;22,53;71,45;18,91;6,43;Lettuce;AEROPONIC;5,847
10093,9;726,7;1161,5;22,78;82,11;18,92;5,86;Spinach;AQUAPONIC;4,215
16273,4;618,5;1247,3;24,3;83,91;20,25;6,42;Chinese Cabbage;SOIL_BASED;3,113
11498,8;942,6;807,7;25,75;72,65;22,83;6,31;Lettuce;AEROPONIC;5,428
13143,4;767,9;1306,8;21,78;61,32;17,73;5,74;Lettuce;HYDROPONIC;5,381
14048,3;645,6;1333,0;19,6;52,24;15,8;6,03;Spinach;HYDROPONIC;4,365
18639,0;772,7;1515,9;27,53;53,8;23,14;6,3;Lettuce;AEROPONIC;5,665
10035,7;733,5;707,6;20,79;83,01;16,44;6,24;Kale;AEROPONIC;6,04
16751,1;665,5;1039,8;24,87;53,62;20,45;5,57;Spinach;HYDROPONIC;4,624
18956,5;652,2;1221,4;24,21;64,48;21,25;6,27;Kale;AEROPONIC;6,477
11079,1;635,7;1507,8;22,54;76,54;18,46;5,67;Spinach;SOIL_BASED;3,45
17234,0;619,6;1175,7;25,2;58,87;21,14;5,49;Lettuce;SOIL_BASED;4,191
12662,8;787,3;1892,8;20,12;77,52;15,97;6,26;Kale;AQUAPONIC;5,564
12077,5;730,0;999,1;28,07;65,77;24,23;6,04;Lettuce;AEROPONIC;5,566
13342,7;1076,5;1152,0;30,88;68,17;27,99;6,14;Spinach;AQUAPONIC;3,911
15301,7;874,1;996,4;26,95;63,87;23,3;6,58;Lettuce;AQUAPONIC;5,017
11885,9;818,8;1226,6;21,23;58,51;16,71;6,01;Kale;AQUAPONIC;5,488
17704,0;734,6;1403,4;16,99;72,22;14,35;5,79;Kale;AEROPONIC;5,843
12975,9;733,9;1327,3;24,84;71,17;20,97;5,55;Lettuce;AQUAPONIC;4,6
7373,6;568,4;1055,6;19,88;72,6;14,72;6,48;Bok Choy;SOIL_BASED;3,761
14248,6;607,2;1597,7;22,34;74,94;18,05;6,22;Spinach;AQUAPONIC;4,069
10023,2;622,0;1639,1;27,76;62,7;23,46;6,21;Spinach;SOIL_BASED;3,154
13581,7;546,3;1098,1;28,05;71,16;24,18;6,34;Lettuce;SOIL_BASED;4,129
15789,0;767,9;2082,6;28,35;74,02;24,26;6,64;Bok Choy;AEROPONIC;4,718
12199,3;545,2;992,7;23,78;69,86;20,51;5,76;Kale;AQUAPONIC;5,072
8487,9;824,1;1290,2;26,01;62,88;22,57;5,74;Chinese Cabbage;AEROPONIC;4,503
10981,8;753,8;1290,4;17,92;69,42;14,6;6,03;Chinese Cabbage;SOIL_BASED;3,225
19044,9;1008,7;987,7;19,3;49,43;14,32;5,74;Lettuce;HYDROPONIC;5,598
15164,5;819,5;1331,9;22,69;69,6;19,66;6,17;Bok Choy;AQUAPONIC;4,728
17503,6;616,6;1248,6;25,86;56,94;21,66;5,94;Bok Choy;AEROPONIC;5,327
20326,7;583,3;1389,2;22,31;66,56;17,92;6,29;Spinach;HYDROPONIC;4,515
21715,4;997,0;1279,8;25,75;62,84;22,56;5,98;Kale;AQUAPONIC;5,789
15241,3;650,2;1488,0;20,27;66,81;15,96;6,21;Bok Choy;AQUAPONIC;4,387
13509,8;683,0;1436,8;23,79;53,21;20,44;5,87;Chinese Cabbage;AEROPONIC;4,292
12311,1;723,9;1022,4;25,04;72,4;20,87;6,25;Kale;HYDROPONIC;5,946
14853,5;772,8;1201,8;25,62;74,14;20,92;6,37;Kale;AEROPONIC;6,219
16114,3;997,6;1067,7;22,24;58,09;19,18;6,02;Lettuce;AQUAPONIC;4,916
16965,0;803,5;1713,5;23,58;54,82;18,65;6,31;Bok Choy;AQUAPONIC;4,557
10945,4;790,1;1528,4;19,19;58,66;15,0;5,96;Lettuce;SOIL_BASED;4,064
10992,7;767,6;1365,8;23,21;72,71;18,91;5,76;Bok Choy;AQUAPONIC;4,558
13656,4;789,3;1419,1;26,53;65,84;22,08;6,33;Spinach;AQUAPONIC;4,368
14508,1;897,3;1250,2;22,76;64,66;19,6;6,15;Lettuce;HYDROPONIC;5,497
20156,0;704,9;1319,9;21,41;65,13;17,54;6,49;Lettuce;HYDROPONIC;5,708
6242,3;707,0;1085,6;25,69;60,7;22,77;5,67;Chinese Cabbage;SOIL_BASED;3,144
12375,3;921,0;1107,5;29,9;69,23;26,09;5,99;Lettuce;SOIL_BASED;3,801
17459,6;699,0;1440,4;29,59;79,28;26,41;5,91;Bok Choy;SOIL_BASED;3,46
10995,3;685,3;1000,0;24,23;58,8;20,25;6,07;Chinese Cabbage;AEROPONIC;4,399
14425,5;958,1;1097,1;25,66;71,71;21,86;5,63;Lettuce;AEROPONIC;5,667
17862,8;735,9;1221,0;28,09;65,94;24,19;6,52;Lettuce;SOIL_BASED;4,133
16818,5;763,1;887,5;24,18;65,87;19,92;6,01;Spinach;AEROPONIC;4,869
16889,3;729,6;1540,2;24,79;78,11;20,4;5,36;Lettuce;AQUAPONIC;5,258
13789,9;702,3;1451,1;22,6;74,82;17,85;5,54;Kale;SOIL_BASED;4,394
14923,6;735,2;1391,4;30,13;66,47;26,87;5,94;Chinese Cabbage;SOIL_BASED;2,978
15082,7;739,5;1178,8;25,51;74,3;22,46;5,6;Kale;AEROPONIC;6,256
12639,0;909,2;1585,2;22,75;51,8;18,98;6,17;Chinese Cabbage;HYDROPONIC;4,256
17417,0;650,3;1386,3;21,89;47,74;16,17;6,54;Spinach;SOIL_BASED;3,201
9925,7;1063,3;1536,8;18,3;60,43;13,72;5,82;Lettuce;AEROPONIC;5,46
12164,6;683,6;1551,9;19,07;57,85;13,92;6,28;Lettuce;AEROPONIC;5,303
17440,6;906,0;1155,9;21,47;64,35;18,43;6,6;Lettuce;HYDROPONIC;5,713
7588,8;573,1;1049,8;26,1;76,1;23,5;4,92;Chinese Cabbage;SOIL_BASED;3,163
15000,2;683,4;1018,8;24,41;64,63;19,17;5,99;Lettuce;HYDROPONIC;5,398
18359,1;747,9;1295,7;19,99;74,39;14,76;5,85;Kale;AQUAPONIC;5,612
11822,9;654,2;571,9;20,91;74,2;15,91;5,81;Lettuce;HYDROPONIC;5,174
15945,7;864,0;1001,5;24,29;51,52;19,97;6,3;Spinach;HYDROPONIC;4,653
14934,0;861,7;1099,4;28,19;72,52;24,29;5,84;Kale;AEROPONIC;6,053
16793,8;677,3;1118,7;20,41;76,49;15,99;6,17;Lettuce;HYDROPONIC;5,548
14548,8;516,8;1435,1;24,79;77,09;20,8;6,19;Lettuce;AQUAPONIC;5,052
18516,0;870,9;907,2;22,25;65,74;17,78;5,91;Bok Choy;AEROPONIC;5,333
15804,3;791,6;839,5;22,33;67,36;17,92;6,67;Chinese Cabbage;AQUAPONIC;4,097
17520,6;709,6;844,5;20,21;67,91;15,52;6,66;Kale;HYDROPONIC;5,588
17334,2;696,1;1416,6;25,25;66,07;22,06;5,2;Bok Choy;AQUAPONIC;4,644
19248,4;677,9;1128,7;22,14;57,97;17,33;6,33;Spinach;AQUAPONIC;4,287
11114,5;902,9;1119,5;22,52;59,91;19,26;6,17;Chinese Cabbage;HYDROPONIC;4,285
10156,4;731,2;1733,4;26,26;72,03;20,57;5,69;Kale;HYDROPONIC;5,861
18147,6;980,1;1393,8;26,4;65,59;22,53;6,11;Lettuce;AEROPONIC;5,668
15068,9;1123,8;1090,4;21,46;67,74;18,06;6,45;Kale;AEROPONIC;6,251
21060,6;876,1;919,3;24,33;76,17;19,47;5,96;Lettuce;SOIL_BASED;3,836
6825,2;1107,2;1769,2;26,04;67,54;21,55;5,86;Chinese Cabbage;AEROPONIC;4,756
14252,4;882,1;1342,0;22,99;57,18;20,18;6,09;Lettuce;HYDROPONIC;5,449
14432,7;727,4;1166,8;25,38;85,65;21,59;6,15;Spinach;AQUAPONIC;4,315
17636,5;1017,7;1331,1;22,61;64,36;18,67;6,11;Lettuce;AQUAPONIC;5,06
21328,1;757,0;1171,6;22,53;63,87;19,24;6,22;Spinach;AEROPONIC;4,799
14524,5;1132,6;1412,2;20,89;69,32;17,03;5,74;Chinese Cabbage;AEROPONIC;4,626
15973,5;706,3;839,2;28,29;65,7;25,49;6,37;Chinese Cabbage;HYDROPONIC;4,168
8246,7;915,1;1175,5;22,14;66,37;17,72;6,26;Kale;AQUAPONIC;5,478
15503,7;780,8;1005,3;21,26;62,06;17,44;6,41;Spinach;SOIL_BASED;3,686
15534,6;625,1;1259,5;20,57;75,15;17,18;5,61;Spinach;SOIL_BASED;3,517
12504,3;650,4;1031,5;23,74;76,4;20,65;6,52;Bok Choy;AEROPONIC;4,98
15545,0;431,6;1124,3;20,65;82,36;16,51;6,27;Bok Choy;SOIL_BASED;3,454
15371,8;770,4;1136,9;21,5;83,62;17,42;5,66;Bok Choy;HYDROPONIC;4,996
20161,3;855,6;1347,1;25,74;50,11;21,58;6,03;Lettuce;SOIL_BASED;4,038
11837,7;466,1;1180,7;24,76;72,09;21,5;6,22;Bok Choy;AEROPONIC;5,223
11396,0;350,0;1016,1;19,73;56,85;16,62;6,68;Spinach;HYDROPONIC;4,568
11520,3;650,3;1387,3;25,53;77,85;21,11;5,75;Lettuce;AQUAPONIC;5,084
12976,2;794,7;1822,3;23,59;69,66;18,85;7,31;Chinese Cabbage;HYDROPONIC;4,249
8922,2;635,3;1187,1;26,68;60,71;20,88;5,96;Kale;AEROPONIC;6,521
13583,0;802,4;1618,7;27,47;57,25;22,49;5,55;Bok Choy;AEROPONIC;5,034
14622,3;695,0;878,0;19,0;61,35;13,64;6,25;Chinese Cabbage;SOIL_BASED;3,284
19747,8;577,3;1081,6;25,64;60,07;22,35;5,89;Spinach;SOIL_BASED;3,344
14063,2;884,5;1616,7;28,08;78,22;23,59;5,34;Kale;AQUAPONIC;5,574
18930,5;824,8;1336,9;24,09;67,52;20,13;6,54;Chinese Cabbage;AQUAPONIC;3,929
17401,0;725,3;1093,4;25,43;58,45;20,55;6,19;Kale;AEROPONIC;5,934
14983,5;507,7;1497,2;24,13;70,52;20,38;6,69;Bok Choy;AEROPONIC;4,934
14001,7;700,7;1010,7;26,24;70,37;20,58;6,02;Spinach;AEROPONIC;4,698
16376,7;648,1;1296,9;24,57;65,83;20,53;5,72;Kale;AQUAPONIC;5,399
16748,8;698,6;1523,5;17,84;77,58;12,96;5,66;Chinese Cabbage;AEROPONIC;4,16
12651,6;654,0;1374,8;23,16;72,0;20,02;5,62;Bok Choy;AQUAPONIC;4,595
16552,0;729,1;1932,5;22,98;71,32;18,58;6,32;Bok Choy;AEROPONIC;5,166
14183,8;728,5;1133,1;25,5;51,49;22,42;6,24;Chinese Cabbage;HYDROPONIC;4,134
16408,3;905,0;1460,5;26,8;64,31;22,39;5,74;Chinese Cabbage;HYDROPONIC;4,2
20245,5;673,3;1508,7;22,86;72,83;19,1;5,87;Kale;AEROPONIC;6,025
13236,3;791,6;1223,0;20,07;70,41;14,91;6,62;Lettuce;HYDROPONIC;5,495
7551,3;645,9;1037,2;24,36;67,99;18,65;6,25;Bok Choy;AQUAPONIC;4,717
14313,6;673,6;1581,8;21,33;73,15;17,94;6,51;Kale;SOIL_BASED;4,499
10743,1;684,4;1148,6;21,8;71,13;17,81;6,25;Chinese Cabbage;HYDROPONIC;4,406
15420,7;910,0;1447,4;30,17;74,15;26,43;6,39;Kale;SOIL_BASED;4,392
10973,7;724,1;1391,2;21,6;70,66;17,34;6,16;Chinese Cabbage;HYDROPONIC;4,621
14112,4;752,9;1312,7;19,12;73,78;16,18;5,22;Spinach;AQUAPONIC;4,303
20206,8;708,6;1630,4;25,19;73,35;22,34;6,5;Chinese Cabbage;HYDROPONIC;4,57
20912,8;758,0;1367,4;25,48;67,29;20,71;6,0;Chinese Cabbage;HYDROPONIC;4,137
15764,3;753,3;1443,2;25,96;67,74;22,76;6,03;Chinese Cabbage;AEROPONIC;4,734
11345,1;700,0;1385,1;25,85;68,66;22,21;5,92;Lettuce;SOIL_BASED;3,982
17557,6;496,6;1299,8;23,91;57,42;20,42;6,07;Chinese Cabbage;SOIL_BASED;3,27
12872,2;692,1;1180,9;23,94;54,87;20,52;5,79;Bok Choy;AQUAPONIC;4,687
9285,6;796,0;1274,9;26,13;72,28;22,72;6,75;Bok Choy;AQUAPONIC;4,378
21337,4;877,8;1440,6;28,0;72,74;24,49;6,13;Kale;SOIL_BASED;4,228
14463,5;557,0;1402,4;19,97;67,78;16,16;5,84;Lettuce;AEROPONIC;5,965
16429,6;583,1;1435,3;21,8;71,02;17,02;5,82;Kale;AEROPONIC;6,123
13361,4;689,9;2261,8;25,26;73,58;20,66;5,94;Bok Choy;SOIL_BASED;3,527
16370,9;710,5;1149,7;24,21;71,7;21,36;6,3;Bok Choy;HYDROPONIC;4,692
11608,6;452,4;868,0;18,49;72,76;13,34;6,8;Spinach;SOIL_BASED;3,16
14095,4;776,1;1173,6;21,89;56,98;17,82;5,91;Chinese Cabbage;HYDROPONIC;4,493
17708,9;914,3;1187,4;24,35;81,99;19,3;6,43;Bok Choy;SOIL_BASED;3,443
13871,7;664,3;1394,3;23,54;70,75;19,95;6,12;Kale;HYDROPONIC;6,076
11548,7;749,9;1214,4;22,49;75,95;16,49;5,54;Kale;AEROPONIC;6,485
17725,4;817,4;1470,3;30,06;72,97;26,2;6,12;Chinese Cabbage;SOIL_BASED;3,229
13236,5;750,9;1080,5;23,43;59,24;19,77;6,29;Chinese Cabbage;AQUAPONIC;3,583
13162,9;681,5;1430,2;24,15;62,17;19,85;6,32;Spinach;HYDROPONIC;4,438
10548,1;687,5;902,0;23,87;63,54;18,71;6,34;Lettuce;AEROPONIC;5,373
19916,2;767,6;1278,6;24,09;77,77;19,63;5,84;Kale;AQUAPONIC;5,306
18225,0;871,8;1069,1;23,61;59,82;19,99;6,36;Chinese Cabbage;AEROPONIC;4,576
13611,9;773,9;1186,2;17,67;57,35;14,74;5,4;Kale;HYDROPONIC;5,642
11452,4;899,5;746,7;20,73;71,65;17,02;6,24;Chinese Cabbage;SOIL_BASED;3,021
16876,1;745,8;1502,6;22,62;82,9;18,91;5,66;Bok Choy;AEROPONIC;5,348
15909,6;749,5;1180,8;25,78;60,85;20,72;6,51;Kale;SOIL_BASED;4,3
13059,9;947,5;1251,1;22,66;80,19;19,11;6,24;Bok Choy;SOIL_BASED;3,643
14178,2;642,6;1388,4;21,17;74,34;15,41;5,59;Kale;AEROPONIC;6,464
16569,3;877,5;1090,0;26,14;64,42;22,1;6,17;Lettuce;AEROPONIC;5,577
15299,7;808,4;1151,9;27,28;56,76;22,99;6,18;Spinach;AEROPONIC;4,859
15793,2;685,7;820,6;19,21;65,13;14,84;6,01;Bok Choy;SOIL_BASED;3,458
15414,6;613,9;1195,8;23,77;61,28;19,41;6,19;Chinese Cabbage;AQUAPONIC;4,085
17052,7;771,9;1680,9;16,02;78,2;13,69;6,24;Lettuce;HYDROPONIC;5,41
12546,8;794,5;1351,0;22,63;67,72;18,66;5,86;Kale;AQUAPONIC;5,7
15062,2;974,1;889,1;28,78;72,09;24,69;5,65;Bok Choy;SOIL_BASED;3,283
11971,9;796,5;1390,1;23,76;72,15;18,58;5,71;Kale;AEROPONIC;6,063
12227,9;542,6;1613,0;19,63;62,56;14,43;6,03;Kale;AEROPONIC;6,079
21162,5;809,0;1017,2;19,7;68,61;15,64;6,43;Kale;HYDROPONIC;6,031
9512,6;955,5;1224,0;20,89;76,51;16,55;5,75;Spinach;HYDROPONIC;4,94
16838,2;787,2;1232,1;21,62;67,35;17,24;5,87;Spinach;AQUAPONIC;4,207
24014,1;820,8;1311,6;18,2;65,74;13,77;6,3;Chinese Cabbage;AQUAPONIC;4,016
20676,1;498,4;1309,6;24,42;73,87;19,37;6,07;Bok Choy;HYDROPONIC;4,74
16470,6;915,8;1444,3;25,02;56,95;20,99;5,32;Lettuce;SOIL_BASED;4,236
21186,7;653,3;1247,1;22,52;49,27;18,46;6,19;Lettuce;AQUAPONIC;5,138
15902,8;590,6;1600,7;29,23;70,45;24,96;6,02;Lettuce;AEROPONIC;5,44
13466,6;680,6;780,1;22,3;76,71;17,71;5,7;Kale;AEROPONIC;6,088
14572,8;787,6;981,1;26,87;83,32;23,27;5,79;Spinach;SOIL_BASED;3,123
17651,1;664,2;1666,5;19,61;69,67;15,48;6,22;Bok Choy;HYDROPONIC;5,137
21770,7;868,1;1155,9;24,34;75,01;20,56;6,37;Kale;AQUAPONIC;5,526
18219,4;582,7;1424,7;24,76;79,2;20,34;5,73;Spinach;AEROPONIC;4,951
14190,0;789,0;1246,0;21,51;68,27;17,79;6,11;Spinach;HYDROPONIC;4,407
12265,3;642,5;1525,7;23,97;62,55;19,1;5,95;Bok Choy;AQUAPONIC;4,633
7711,1;729,5;1387,4;21,48;61,67;18,17;5,9;Bok Choy;SOIL_BASED;3,441
14022,7;956,7;1965,8;22,63;65,5;18,73;6,23;Bok Choy;AEROPONIC;5,405
10878,7;810,5;1273,7;22,71;80,32;19,45;6,01;Kale;SOIL_BASED;4,358
17744,6;786,8;1171,4;19,56;75,92;15,51;6,05;Chinese Cabbage;SOIL_BASED;3,245
13617,2;625,7;1612,3;24,96;66,14;20,22;6,34;Bok Choy;SOIL_BASED;3,563
17904,2;729,9;1456,8;25,16;78,59;21,19;5,85;Chinese Cabbage;AQUAPONIC;4,113
23276,6;680,2;1069,6;22,45;71,85;18,94;5,78;Kale;SOIL_BASED;4,381
14044,2;469,6;1507,2;24,18;66,15;21,54;6,67;Chinese Cabbage;AQUAPONIC;4,092
15069,7;818,0;1332,7;20,92;69,5;18,43;6,51;Lettuce;AQUAPONIC;5,262
15772,1;586,5;1302,6;19,99;71,42;16,34;6,07;Chinese Cabbage;SOIL_BASED;2,953
13511,4;722,0;1393,5;22,38;69,16;17,88;5,78;Bok Choy;SOIL_BASED;3,748
14906,2;796,9;1490,9;25,43;82,8;22,55;6,56;Kale;HYDROPONIC;6,006
13274,7;668,8;1329,4;23,29;66,73;19,29;6,01;Bok Choy;AEROPONIC;5,126
19252,9;610,8;1211,4;22,27;56,25;19,08;5,94;Lettuce;HYDROPONIC;5,935
13745,6;845,2;1823,1;24,44;70,66;20,41;6,63;Bok Choy;AEROPONIC;5,085
10130,2;549,8;1269,6;20,94;65,52;16,49;5,94;Bok Choy;AEROPONIC;5,326
10431,1;643,3;1627,6;20,07;56,59;17,1;6,19;Bok Choy;HYDROPONIC;4,7
11555,6;772,2;1133,8;22,51;73,65;18,99;5,83;Spinach;HYDROPONIC;4,695
12932,2;745,0;1060,0;21,12;40,0;17,31;5,9;Lettuce;AEROPONIC;5,683
17563,2;720,4;1532,2;20,17;70,45;15,09;6,32;Bok Choy;AEROPONIC;5,094
17342,4;968,5;1214,0;26,03;47,86;21,52;6,23;Bok Choy;AEROPONIC;4,843
17635,4;845,2;775,7;29,67;68,04;25,15;6,69;Bok Choy;AQUAPONIC;4,443
14559,1;874,4;1226,7;19,15;72,7;14,64;6,52;Kale;AEROPONIC;6,457
17977,3;664,7;1411,8;22,34;74,22;17,78;6,73;Spinach;SOIL_BASED;3,542
13642,8;992,5;1098,9;23,99;74,87;21,1;6,73;Kale;SOIL_BASED;4,431
8077,5;675,1;1067,0;18,68;59,04;16,66;5,88;Spinach;SOIL_BASED;3,573
17819,9;815,4;1330,3;22,88;69,61;19,84;5,72;Bok Choy;HYDROPONIC;4,8
12101,7;808,8;983,3;23,08;62,04;19,39;6,69;Lettuce;HYDROPONIC;5,62
13742,2;674,5;1359,8;24,84;61,55;20,34;5,83;Chinese Cabbage;HYDROPONIC;4,208
13229,4;591,4;1549,2;21,34;67,06;17,12;6,12;Chinese Cabbage;AEROPONIC;4,73
16327,8;732,6;1618,2;21,92;64,42;18,55;6,0;Bok Choy;SOIL_BASED;3,6
15056,4;692,5;1110,7;26,22;59,19;21,89;5,77;Kale;AEROPONIC;6,214
13698,0;580,6;1742,7;24,67;70,74;22,33;5,89;Lettuce;AQUAPONIC;5,013
20096,4;670,3;1432,7;25,54;72,66;21,07;5,77;Spinach;AQUAPONIC;4,064
14182,3;870,6;1105,4;18,59;60,68;14,89;5,57;Bok Choy;HYDROPONIC;5,285
13670,7;651,1;1170,4;21,63;66,43;15,8;5,93;Lettuce;AQUAPONIC;4,91
17327,6;861,2;1098,4;27,75;66,58;24,36;6,34;Lettuce;SOIL_BASED;4,259
18586,1;829,8;746,2;23,26;66,72;20,39;6,75;Spinach;AQUAPONIC;4,291
17618,2;812,8;1649,4;23,15;67,52;17,99;6,18;Lettuce;HYDROPONIC;5,791
12407,7;1072,9;1336,4;23,27;70,45;20,22;5,82;Kale;AEROPONIC;6,043
15785,9;661,4;1449,0;27,9;77,93;23,77;6,4;Kale;AQUAPONIC;5,411
14797,1;820,8;1305,9;21,41;69,11;17,32;6,02;Kale;SOIL_BASED;4,152
13821,9;757,7;887,0;25,38;63,66;20,65;6,18;Lettuce;SOIL_BASED;4,305
11229,4;762,2;1369,9;24,24;67,9;20,67;6,55;Kale;SOIL_BASED;4,659
15271,2;379,8;1528,6;19,67;58,96;15,71;6,42;Spinach;AEROPONIC;4,655
18306,6;664,8;1526,8;22,66;60,37;18,01;5,29;Lettuce;SOIL_BASED;4,159
20203,9;690,2;1564,0;21,17;71,68;18,27;6,2;Chinese Cabbage;HYDROPONIC;4,454
18536,3;760,1;1293,1;19,93;41,4;15,3;5,94;Lettuce;HYDROPONIC;5,39
12928,6;555,7;664,3;26,85;66,16;22,14;6,13;Spinach;SOIL_BASED;3,371
11234,9;735,0;1456,5;20,08;75,89;15,52;5,67;Chinese Cabbage;AQUAPONIC;4,019
9274,7;634,4;1298,6;25,6;71,43;21,24;6,05;Lettuce;SOIL_BASED;4,196
18191,5;616,7;1798,6;21,09;75,31;17,52;5,63;Kale;HYDROPONIC;5,8
17379,9;491,8;1772,7;27,3;70,86;23,71;6,38;Bok Choy;HYDROPONIC;4,982
12559,3;544,3;1566,1;22,32;84,93;18,07;6,57;Bok Choy;HYDROPONIC;4,866
11847,2;698,5;922,1;24,44;57,54;20,35;5,83;Kale;AQUAPONIC;5,768
18938,7;891,9;991,8;21,91;68,98;18,22;6,68;Bok Choy;AQUAPONIC;4,724
17907,7;743,0;1415,8;17,43;74,18;12,59;6,37;Bok Choy;AQUAPONIC;4,25
19023,4;757,1;977,0;18,83;64,41;14,09;6,35;Kale;HYDROPONIC;5,965
16464,5;822,9;1509,9;18,19;78,02;13,23;6,23;Kale;AEROPONIC;6,261
16762,7;629,7;1520,7;24,21;73,14;18,21;6,37;Lettuce;SOIL_BASED;4,286
7291,2;591,3;1685,9;23,42;55,32;17,84;6,43;Lettuce;SOIL_BASED;4,11
13190,2;813,5;1564,2;25,17;71,08;21,37;5,34;Kale;HYDROPONIC;6,117
21580,4;730,6;1179,3;21,6;73,17;17,57;6,29;Spinach;AQUAPONIC;4,451
12512,2;853,3;1263,2;17,42;81,88;13,92;6,77;Bok Choy;AEROPONIC;5,022
15265,5;657,7;1059,7;27,15;66,47;21,93;6,13;Lettuce;AEROPONIC;5,801
19951,8;887,7;1349,5;26,27;72,75;22,36;6,42;Bok Choy;AQUAPONIC;4,749
17561,4;621,9;714,4;24,55;70,19;20,55;5,95;Chinese Cabbage;SOIL_BASED;3,389
11121,0;781,4;1203,8;26,61;63,22;22,42;5,4;Kale;SOIL_BASED;4,486
10390,8;849,6;1461,7;23,22;65,03;19,09;5,81;Spinach;AEROPONIC;4,828
20133,9;632,5;1440,3;24,24;49,36;21,05;7,09;Chinese Cabbage;AEROPONIC;4,456
17094,6;561,1;1505,6;21,53;63,98;16,13;7,08;Chinese Cabbage;AQUAPONIC;3,967
15743,1;643,5;1004,6;20,5;81,35;14,83;5,98;Chinese Cabbage;SOIL_BASED;3,059
16258,8;737,7;946,2;19,09;66,53;15,38;6,24;Kale;AEROPONIC;6,192
13206,4;716,4;1435,0;21,39;75,18;16,07;6,62;Lettuce;SOIL_BASED;4,244
11383,0;947,8;1031,8;30,95;69,94;27,13;6,13;Kale;AEROPONIC;6,124
16040,0;637,8;975,5;19,24;71,61;13,94;6,35;Lettuce;AQUAPONIC;4,869
12394,9;915,0;1335,7;20,87;84,95;15,76;6,83;Chinese Cabbage;SOIL_BASED;3,182
12431,5;899,1;1273,0;23,82;64,53;20,34;6,26;Chinese Cabbage;AEROPONIC;4,834
13216,8;735,8;1901,0;30,21;64,47;25,78;6,31;Spinach;AEROPONIC;4,184
17244,2;508,0;1376,7;20,56;77,24;15,69;6,07;Lettuce;AEROPONIC;6,038
12042,3;641,0;1325,0;21,74;67,32;16,19;5,83;Chinese Cabbage;AEROPONIC;4,296
11731,9;877,9;1134,9;25,38;65,68;19,67;6,46;Bok Choy;AQUAPONIC;4,46
11179,4;733,6;1495,0;25,22;76,11;19,88;6,63;Spinach;SOIL_BASED;3,358
13964,0;925,3;1272,2;21,56;70,2;17,38;5,82;Kale;SOIL_BASED;4,584
18037,6;750,3;1145,1;21,16;66,71;16,75;5,37;Spinach;HYDROPONIC;4,235
13990,4;596,8;1225,8;24,75;65,1;20,53;5,05;Bok Choy;SOIL_BASED;3,85
14509,0;781,5;1193,2;22,65;60,83;19,23;6,21;Lettuce;HYDROPONIC;5,728
15164,9;1038,3;1259,2;24,3;54,84;19,82;6,08;Kale;AEROPONIC;6,074
13345,1;672,1;1866,0;23,03;77,45;19,15;6,75;Kale;AQUAPONIC;5,555
11316,4;980,5;1446,8;24,48;64,39;20,63;6,02;Lettuce;AQUAPONIC;5,351
12987,2;1139,0;1232,2;24,77;53,52;21,49;6,63;Spinach;AEROPONIC;4,82
12514,5;647,5;1265,2;18,05;83,16;14,05;5,81;Chinese Cabbage;HYDROPONIC;4,005
14189,3;531,3;917,5;22,2;68,74;18,89;6,31;Spinach;AEROPONIC;4,872
12918,5;622,0;810,6;24,43;68,19;18,88;5,9;Bok Choy;AQUAPONIC;4,787
15288,8;623,7;1473,8;25,77;54,51;21,66;6,03;Chinese Cabbage;AQUAPONIC;3,825
14106,5;677,7;1468,5;22,57;72,94;17,84;5,03;Spinach;SOIL_BASED;3,191
12319,0;787,8;1385,4;18,34;63,49;15,35;5,63;Lettuce;HYDROPONIC;5,484
19594,7;485,9;1666,4;27,0;63,5;22,88;5,92;Bok Choy;SOIL_BASED;3,532
16181,0;748,7;1337,0;25,9;71,52;23,13;5,92;Bok Choy;AQUAPONIC;4,627
13771,3;843,7;1492,2;23,8;69,03;18,49;6,41;Bok Choy;AQUAPONIC;4,192
12607,2;775,2;1260,9;22,2;59,74;18,04;5,72;Chinese Cabbage;SOIL_BASED;3,227
17699,0;870,3;630,3;25,18;55,89;20,5;6,41;Kale;SOIL_BASED;4,51
11462,7;840,3;1583,2;22,23;69,41;18,52;5,42;Chinese Cabbage;AQUAPONIC;3,809
19413,3;989,2;1027,8;25,95;68,67;21,38;6,31;Spinach;SOIL_BASED;3,267
9482,2;649,4;1347,2;28,53;90,15;22,92;5,95;Kale;SOIL_BASED;4,122
24186,8;1119,9;1097,2;22,13;48,89;17,62;5,71;Spinach;HYDROPONIC;4,214
13022,9;651,0;1349,2;25,69;69,25;21,72;6,48;Kale;AQUAPONIC;5,505
9955,9;625,5;1714,1;21,67;54,2;17,78;6,75;Chinese Cabbage;AEROPONIC;4,188
12158,2;754,0;1435,5;26,38;64,47;23,53;6,52;Bok Choy;HYDROPONIC;5,02
13408,3;794,8;1491,8;22,81;64,36;18,61;6,12;Lettuce;AEROPONIC;5,585
12527,6;812,0;1234,4;27,55;72,61;23,24;6,73;Bok Choy;SOIL_BASED;3,988
15745,6;960,4;1205,8;22,72;72,84;17,96;6,3;Chinese Cabbage;SOIL_BASED;3,113
15495,9;1078,7;1201,6;20,99;79,6;16,27;6,04;Kale;AEROPONIC;6,376
25000,0;817,4;1478,7;22,56;70,1;18,64;5,63;Bok Choy;SOIL_BASED;3,852
14805,2;1036,2;1287,8;22,88;76,37;18,04;5,72;Chinese Cabbage;SOIL_BASED;2,696
9860,7;939,4;1459,8;24,16;79,69;18,79;6,45;Spinach;HYDROPONIC;4,925
13896,0;486,9;1233,9;22,58;70,19;17,04;5,9;Lettuce;AEROPONIC;5,75
14981,3;864,0;1544,0;24,19;77,98;20,38;5,67;Bok Choy;HYDROPONIC;5,086
12714,8;456,5;1460,7;24,24;69,81;19,98;6,28;Kale;AEROPONIC;6,567
16746,0;932,3;1309,3;22,3;67,94;17,47;6,03;Spinach;HYDROPONIC;4,994
17190,9;861,0;1457,1;24,42;62,52;21,15;6,05;Chinese Cabbage;AQUAPONIC;4,092
12274,9;916,5;1548,7;21,86;71,25;17,58;5,82;Lettuce;AQUAPONIC;4,909
13266,5;573,6;1761,9;29,1;70,91;25,22;5,12;Kale;AEROPONIC;6,121
7827,5;859,8;1097,6;24,34;71,03;19,56;5,66;Chinese Cabbage;AQUAPONIC;3,819
11453,2;816,7;1509,3;25,21;77,69;21,35;5,48;Chinese Cabbage;HYDROPONIC;4,271
13567,5;686,1;1458,6;22,95;75,71;18,88;6,46;Bok Choy;AEROPONIC;5,122
14993,4;819,5;1520,9;21,48;55,47;17,87;6,93;Bok Choy;AQUAPONIC;4,568
14027,4;654,7;1158,9;25,84;55,63;23,64;6,03;Kale;AQUAPONIC;5,295
11553,7;692,5;1306,8;24,42;69,05;20,74;5,0;Chinese Cabbage;AEROPONIC;4,565
18374,5;913,7;1157,8;16,18;59,7;12,0;6,13;Bok Choy;AQUAPONIC;4,488
18025,9;757,3;1371,3;28,89;67,19;25,97;6,65;Lettuce;AQUAPONIC;4,975
18368,7;816,1;1055,4;25,57;60,25;21,17;6,12;Lettuce;AEROPONIC;5,394
19926,5;785,1;1634,4;22,43;68,82;18,16;6,32;Chinese Cabbage;AQUAPONIC;4,177
11054,2;831,0;1316,1;25,2;59,34;21,52;6,26;Bok Choy;AQUAPONIC;4,578
16001,5;786,6;1728,5;24,68;71,42;19,77;6,04;Kale;AQUAPONIC;5,404
17693,8;467,5;1108,4;24,89;58,91;20,89;6,22;Kale;AQUAPONIC;5,448
22449,8;649,5;1332,4;21,06;69,15;17,02;5,77;Kale;SOIL_BASED;4,598
19738,2;689,6;1306,8;23,7;53,66;18,35;6,1;Lettuce;AEROPONIC;5,681
13602,6;503,0;1453,0;24,35;58,39;21,89;6,11;Bok Choy;SOIL_BASED;3,379
8937,4;785,2;1477,1;26,95;74,0;24,26;5,28;Bok Choy;SOIL_BASED;3,481
10265,4;653,7;934,1;23,79;78,9;18,32;6,05;Lettuce;HYDROPONIC;5,596
16854,6;632,3;1588,9;24,71;75,75;19,59;5,74;Kale;SOIL_BASED;4,403
14717,4;487,7;1511,9;20,95;74,44;15,94;5,25;Kale;SOIL_BASED;4,098
12059,2;711,9;890,9;23,69;80,59;17,19;6,08;Chinese Cabbage;HYDROPONIC;4,575
7546,6;809,5;1654,6;25,93;76,21;21,06;5,59;Spinach;AQUAPONIC;4,802
17601,4;783,9;951,7;21,58;54,99;17,19;5,97;Bok Choy;AQUAPONIC;4,763
10465,1;861,1;1352,1;22,41;76,1;19,3;6,13;Bok Choy;SOIL_BASED;3,733
19459,2;709,8;1203,1;20,8;75,97;16,5;6,25;Bok Choy;HYDROPONIC;4,882
11002,2;911,1;1233,1;19,7;52,08;16,12;6,71;Spinach;AQUAPONIC;4,358
12943,9;870,1;1190,8;21,09;62,28;17,02;5,05;Chinese Cabbage;HYDROPONIC;4,365
12166,2;738,4;1416,1;25,07;81,42;23,07;6,05;Spinach;AEROPONIC;4,827
16719,5;732,8;1049,6;22,81;66,9;19,94;6,59;Kale;AEROPONIC;6,118
12150,2;1053,6;1524,6;21,1;58,3;17,16;5,9;Kale;AEROPONIC;5,962
13760,4;704,1;1419,2;29,6;75,34;25,2;6,19;Bok Choy;AEROPONIC;5,072
13276,3;1025,9;1238,0;21,54;65,66;17,93;5,92;Lettuce;SOIL_BASED;4,265
11425,3;879,6;1508,3;25,25;64,72;21,15;5,7;Bok Choy;AEROPONIC;5,124
14555,1;646,7;1148,0;24,43;75,43;20,83;6,81;Lettuce;AEROPONIC;5,772
15427,4;771,1;1269,3;24,19;71,43;20,8;6,13;Spinach;HYDROPONIC;4,855
16966,4;701,1;889,9;18,37;67,0;13,6;6,33;Kale;AQUAPONIC;5,167
16637,3;662,9;1134,9;27,06;70,81;23,6;6,64;Lettuce;HYDROPONIC;5,412
17012,3;768,5;1052,4;24,39;66,51;21,13;6,3;Spinach;SOIL_BASED;3,288
8302,5;663,4;823,1;26,07;75,77;20,05;6,5;Kale;AEROPONIC;6,324
14420,4;654,5;1239,5;26,69;55,95;22,22;6,25;Lettuce;AQUAPONIC;5,186
11369,4;784,6;1250,4;28,3;66,36;23,92;6,37;Bok Choy;AQUAPONIC;3,912
14534,9;922,1;1357,2;20,7;64,49;16,98;5,84;Bok Choy;AEROPONIC;5,068
14987,5;720,9;1430,1;21,49;70,6;16,68;6,17;Bok Choy;AEROPONIC;5,411
15227,2;802,7;1221,2;21,87;58,42;17,67;5,94;Spinach;SOIL_BASED;3,252
8885,4;801,4;1409,4;21,07;80,75;17,81;6,13;Bok Choy;SOIL_BASED;3,151
22877,4;645,9;1512,8;27,2;61,69;21,65;5,31;Chinese Cabbage;AEROPONIC;4,6
22556,8;971,0;1565,5;20,69;77,0;17,72;6,1;Kale;AEROPONIC;6,257
12320,5;719,5;1430,3;22,44;73,14;17,8;6,19;Spinach;AEROPONIC;4,765
10603,4;674,2;1407,0;18,93;69,83;15,97;5,88;Bok Choy;AEROPONIC;4,963
24446,8;957,3;1024,0;25,55;70,09;20,91;6,3;Kale;AQUAPONIC;5,444
18374,4;826,1;1490,3;23,14;52,22;17,7;5,97;Lettuce;SOIL_BASED;3,935
17121,0;907,9;1022,1;25,97;63,71;22,92;6,24;Bok Choy;AEROPONIC;5,102
10214,2;636,8;1363,8;25,46;95,0;20,11;6,67;Kale;AEROPONIC;6,327
20140,9;1052,3;1452,4;18,9;69,81;15,01;5,77;Chinese Cabbage;AQUAPONIC;3,907
11459,9;593,0;1392,1;24,02;71,49;19,74;5,78;Lettuce;HYDROPONIC;5,456
13851,2;894,9;595,7;20,45;51,7;18,1;6,51;Chinese Cabbage;AEROPONIC;4,323
19320,0;872,8;1489,3;23,9;65,93;19,22;5,8;Kale;AQUAPONIC;5,567
13058,8;754,8;1672,3;21,86;64,97;18,4;6,17;Chinese Cabbage;AQUAPONIC;4,166
15315,6;902,3;868,1;28,63;61,71;24,71;6,0;Kale;HYDROPONIC;5,721
18612,4;566,2;1326,1;30,96;72,88;26,0;5,15;Kale;SOIL_BASED;4,248
10261,6;774,5;1231,1;22,81;64,37;18,96;6,05;Chinese Cabbage;SOIL_BASED;2,982
18566,4;901,8;1291,9;23,78;61,84;20,69;5,76;Kale;SOIL_BASED;4,498
20125,2;934,6;1613,9;17,1;55,5;12,0;6,17;Bok Choy;AEROPONIC;4,852
14259,1;901,6;1342,5;18,9;58,6;14,98;6,41;Kale;SOIL_BASED;4,237
18816,1;462,7;1025,5;24,58;59,64;20,65;5,74;Spinach;AEROPONIC;4,927
11783,6;895,6;1107,1;23,41;65,09;18,67;5,88;Kale;AEROPONIC;6,292
9121,7;814,3;1078,6;24,68;63,79;19,86;5,49;Spinach;AQUAPONIC;4,179
7564,9;975,4;794,0;21,27;62,67;15,41;6,13;Kale;SOIL_BASED;4,203
16296,1;771,1;1137,3;24,35;53,69;20,57;6,04;Kale;SOIL_BASED;4,263
16085,4;504,6;1455,7;16,42;59,45;13,0;6,26;Chinese Cabbage;SOIL_BASED;3,25
12453,9;774,4;1366,6;21,79;69,09;17,35;6,2;Bok Choy;AEROPONIC;5,41
18601,5;563,5;1324,6;24,81;80,4;20,07;6,17;Bok Choy;AEROPONIC;4,937
12242,8;807,2;1204,9;28,25;81,61;24,04;5,88;Lettuce;SOIL_BASED;4,237
10153,9;628,0;1260,9;23,17;85,0;18,91;6,44;Chinese Cabbage;AEROPONIC;4,327
11180,5;973,8;1420,3;25,15;70,24;20,75;6,31;Chinese Cabbage;AEROPONIC;4,586
19441,3;793,9;1500,6;21,63;67,53;17,58;6,25;Bok Choy;HYDROPONIC;4,726
17445,2;480,9;1358,0;24,74;73,39;21,08;6,04;Chinese Cabbage;HYDROPONIC;4,394
13913,4;976,3;997,7;22,12;64,96;18,59;6,55;Bok Choy;SOIL_BASED;3,684
13555,9;1119,7;1168,4;28,97;74,82;25,46;6,26;Chinese Cabbage;SOIL_BASED;3,148
12516,6;670,8;1393,6;22,58;66,63;18,09;6,17;Kale;HYDROPONIC;5,783
5978,4;592,3;1107,3;23,02;70,35;20,07;5,53;Bok Choy;AEROPONIC;5,109
8902,1;602,1;1119,5;25,67;61,8;20,77;6,5;Bok Choy;AEROPONIC;4,804
14012,2;468,1;1461,9;24,91;76,2;19,74;7,03;Spinach;AQUAPONIC;4,545
16564,6;848,1;1485,7;22,48;59,63;17,87;5,93;Chinese Cabbage;SOIL_BASED;3,234
13354,9;677,7;1030,4;24,65;62,59;21,75;5,92;Chinese Cabbage;SOIL_BASED;3,4
9071,5;668,0;928,1;20,55;65,14;17,16;5,92;Bok Choy;SOIL_BASED;3,636
20191,1;729,8;965,7;24,13;60,89;20,86;5,97;Kale;AQUAPONIC;5,345
9699,5;970,0;1453,9;25,04;72,81;21,94;5,82;Kale;AQUAPONIC;5,6
14557,9;728,6;1060,6;22,32;69,1;18,4;6,77;Kale;AEROPONIC;6,021
15056,6;703,9;1140,6;22,46;59,7;17,12;6,38;Chinese Cabbage;HYDROPONIC;4,22
22708,5;628,4;959,3;21,74;63,57;16,74;6,17;Spinach;HYDROPONIC;4,661
11196,3;844,5;1283,7;19,48;69,19;14,57;6,4;Bok Choy;HYDROPONIC;5,108
14662,5;633,1;1218,8;24,66;69,77;22,37;6,39;Lettuce;AEROPONIC;5,75
15124,9;705,4;1395,2;22,17;59,88;16,56;5,76;Spinach;HYDROPONIC;4,305
10520,4;934,2;1369,1;25,06;68,14;19,64;6,03;Lettuce;AQUAPONIC;5,148
15557,1;575,1;774,0;22,99;73,3;19,74;6,19;Spinach;AQUAPONIC;4,473
12972,5;524,1;1371,7;25,22;65,42;22,51;6,35;Kale;SOIL_BASED;4,464
13415,1;690,8;1257,6;18,7;59,28;14,4;6,32;Chinese Cabbage;HYDROPONIC;4,323
11970,2;758,7;1600,3;20,29;79,32;14,43;6,1;Lettuce;AQUAPONIC;5,028
18620,6;834,4;1065,9;21,14;73,34;16,6;5,36;Spinach;SOIL_BASED;3,447
14056,9;760,0;1422,9;26,85;64,47;22,91;5,52;Chinese Cabbage;HYDROPONIC;4,247
11694,0;783,3;1303,6;24,63;68,81;20,4;5,9;Lettuce;HYDROPONIC;5,599
6920,5;1011,7;1057,6;22,76;64,98;17,92;6,51;Bok Choy;AQUAPONIC;4,69
21083,8;846,6;1556,9;22,16;59,59;18,59;6,12;Spinach;SOIL_BASED;3,434
14764,5;722,2;1384,3;25,17;73,8;20,55;6,07;Bok Choy;SOIL_BASED;3,605
19007,9;767,2;1190,9;21,85;82,16;16,53;5,85;Kale;AQUAPONIC;5,613
18835,6;742,3;1054,6;25,56;75,7;22,22;6,02;Bok Choy;AQUAPONIC;4,689
15812,4;892,9;1580,2;22,9;70,09;18,38;6,43;Bok Choy;AQUAPONIC;4,739
17695,1;976,0;1503,4;27,12;65,31;21,94;6,09;Spinach;HYDROPONIC;4,967
18931,2;758,8;1282,9;20,86;45,37;18,08;6,16;Kale;AQUAPONIC;5,375
10867,7;595,8;1275,9;23,14;81,34;19,11;5,22;Bok Choy;AQUAPONIC;4,498
17628,3;949,5;988,5;20,93;62,34;17,42;5,64;Chinese Cabbage;AEROPONIC;4,573
15498,2;649,9;1636,5;28,06;75,08;24,62;6,41;Lettuce;AQUAPONIC;4,933
11385,2;793,0;989,8;23,56;76,0;18,1;6,13;Bok Choy;AQUAPONIC;4,382
17512,6;392,5;1515,3;20,68;75,76;15,73;6,01;Kale;HYDROPONIC;5,883
11139,9;678,3;1805,2;20,97;56,11;15,78;5,77;Bok Choy;SOIL_BASED;3,944
16433,3;885,3;1080,3;24,94;76,36;19,92;5,81;Lettuce;HYDROPONIC;5,47
15499,2;871,2;1150,7;18,41;63,96;13,99;6,0;Kale;AEROPONIC;6,481
12231,6;631,4;1074,9;23,0;67,24;18,34;5,91;Spinach;AQUAPONIC;4,229
21094,9;830,8;1602,8;21,11;66,98;15,94;6,24;Kale;AQUAPONIC;5,52
17537,5;418,7;1313,7;23,05;62,76;18,94;6,51;Spinach;AQUAPONIC;4,699
11684,6;614,6;895,4;23,78;65,46;18,97;6,45;Kale;AQUAPONIC;5,302
18885,2;648,3;999,3;23,22;69,2;17,32;5,63;Lettuce;AQUAPONIC;4,967
13276,4;917,1;1452,5;22,75;60,01;17,87;6,21;Lettuce;AQUAPONIC;4,915
13085,3;732,8;1089,0;23,96;54,12;19,99;6,68;Kale;AEROPONIC;5,893
17851,3;842,5;821,0;28,4;75,6;24,41;6,17;Bok Choy;AQUAPONIC;4,392
16796,7;879,3;1426,2;27,07;70,46;23,39;6,45;Lettuce;AQUAPONIC;4,945
13632,8;776,3;1376,0;22,55;52,16;19,49;6,62;Spinach;AQUAPONIC;4,295
20010,1;964,3;1082,8;25,53;71,45;23,76;6,19;Spinach;AEROPONIC;4,7
11762,6;653,8;1188,9;25,39;66,45;22,03;5,85;Chinese Cabbage;AQUAPONIC;3,974
19482,0;806,6;1194,0;22,44;56,93;18,56;6,23;Spinach;AEROPONIC;4,686
11868,1;475,8;1229,6;23,41;63,36;18,96;5,56;Chinese Cabbage;HYDROPONIC;4,458
15783,6;872,2;1634,9;25,01;71,14;20,39;6,19;Kale;AQUAPONIC;5,491
13252,6;860,8;1472,2;21,46;59,56;17,38;6,28;Kale;SOIL_BASED;4,449
17292,2;717,6;1431,6;22,83;59,35;18,94;5,28;Kale;AEROPONIC;6,179
7374,5;690,8;1256,3;22,95;63,18;17,57;5,33;Bok Choy;HYDROPONIC;4,918
10852,7;934,2;1081,9;22,74;59,97;19,27;6,4;Bok Choy;AEROPONIC;5,207
16514,1;697,3;1654,6;22,63;58,63;16,45;5,45;Chinese Cabbage;AEROPONIC;4,259
17593,6;918,2;1276,1;24,74;58,49;21,32;5,66;Spinach;HYDROPONIC;4,547
12274,5;704,0;1031,4;23,57;71,68;19,62;6,24;Spinach;AQUAPONIC;4,536
18267,2;844,8;2064,3;25,29;60,29;21,51;5,72;Kale;AQUAPONIC;5,43
12064,6;591,2;1339,5;30,56;77,2;27,01;6,08;Lettuce;AEROPONIC;5,669
16318,4;695,9;984,2;22,0;86,33;18,86;6,36;Bok Choy;HYDROPONIC;4,621
14010,1;795,1;1509,0;24,11;66,62;20,49;6,34;Bok Choy;AQUAPONIC;4,425
9240,4;1061,8;1530,9;24,92;85,15;19,24;6,41;Kale;AEROPONIC;6,349
20667,4;954,7;1175,7;26,56;72,61;21,19;6,24;Bok Choy;SOIL_BASED;3,674
12544,5;728,8;1047,6;24,72;69,38;20,41;6,52;Kale;HYDROPONIC;5,911
11926,4;967,6;1212,4;20,44;67,47;16,56;5,86;Chinese Cabbage;SOIL_BASED;3,38
13163,5;747,9;1457,4;21,65;51,38;15,51;6,04;Spinach;SOIL_BASED;3,655
13007,9;882,9;1487,0;23,91;64,17;21,05;6,06;Lettuce;AEROPONIC;5,992
15217,5;748,5;1121,6;21,57;58,44;17,68;5,23;Spinach;HYDROPONIC;4,827
12840,6;666,4;1646,9;19,37;75,44;17,19;6,1;Spinach;AQUAPONIC;4,226
12669,5;706,2;884,0;21,24;82,56;15,68;6,5;Chinese Cabbage;AQUAPONIC;4,077
16191,5;513,2;1124,1;21,26;69,82;16,36;6,21;Bok Choy;AEROPONIC;5,473
14524,2;705,2;1248,7;20,67;70,14;16,17;6,36;Lettuce;AQUAPONIC;5,152
16122,7;606,6;1199,5;30,57;76,18;26,82;6,03;Bok Choy;AQUAPONIC;4,266
13498,9;825,9;1146,1;24,38;69,01;18,84;6,43;Spinach;SOIL_BASED;3,478
15556,0;896,3;1609,9;23,82;78,23;19,21;5,82;Kale;SOIL_BASED;4,382
9174,0;716,2;1243,5;26,07;88,1;21,91;6,19;Spinach;HYDROPONIC;4,337
18321,5;581,0;1377,8;28,54;80,28;22,76;6,95;Bok Choy;SOIL_BASED;3,692
13063,9;926,7;1365,4;24,58;62,71;19,48;6,42;Spinach;AQUAPONIC;4,375
13734,9;724,1;1374,8;26,35;75,14;23,04;6,06;Kale;HYDROPONIC;5,695
16417,7;945,9;1236,4;22,09;62,32;17,3;5,61;Chinese Cabbage;HYDROPONIC;4,35
15358,6;821,6;811,3;20,96;66,12;17,79;6,63;Bok Choy;AEROPONIC;4,931
16725,4;1050,9;1514,6;26,05;81,97;20,72;6,84;Spinach;SOIL_BASED;3,253
19286,1;750,3;1258,5;25,99;59,52;20,41;6,85;Bok Choy;HYDROPONIC;5,269
13646,8;482,4;1158,5;25,73;64,63;22,93;6,29;Chinese Cabbage;AQUAPONIC;4,042
14360,2;800,2;1159,0;23,85;77,71;19,45;5,01;Spinach;HYDROPONIC;4,644
23907,6;639,9;1359,2;21,32;60,72;17,51;5,89;Spinach;HYDROPONIC;4,394
12840,2;637,8;1149,9;22,15;51,7;18,95;6,67;Bok Choy;AEROPONIC;5,112
12144,9;967,2;1223,2;26,73;55,32;21,3;6,11;Bok Choy;AQUAPONIC;4,462
17267,8;819,9;1460,4;21,85;62,83;18,42;6,2;Kale;AQUAPONIC;5,427
17782,9;676,8;1333,0;24,02;67,67;20,55;6,06;Chinese Cabbage;SOIL_BASED;3,097
17460,6;784,7;1051,9;21,34;65,42;17,7;6,14;Kale;AQUAPONIC;5,712
12184,9;783,8;1423,0;22,96;63,65;20,0;5,72;Spinach;HYDROPONIC;4,928
14008,1;506,2;1201,7;20,47;68,65;15,85;5,56;Bok Choy;AQUAPONIC;4,679
14484,2;904,5;1499,0;23,29;63,78;19,74;5,35;Spinach;AQUAPONIC;4,029
13468,2;887,2;1180,3;22,16;62,08;17,89;5,98;Spinach;HYDROPONIC;4,677
15076,4;727,0;1318,9;18,72;69,95;14,83;5,48;Lettuce;AEROPONIC;6,041
13409,2;813,0;1435,6;25,33;68,98;20,25;6,71;Lettuce;SOIL_BASED;4,025
19837,6;602,0;1054,7;25,21;76,64;20,33;6,09;Spinach;SOIL_BASED;3,313
11029,5;1056,9;1466,0;23,66;85,16;19,38;5,87;Bok Choy;AEROPONIC;4,951
20613,1;913,9;1722,0;20,35;50,07;16,62;6,3;Spinach;HYDROPONIC;4,748
10125,4;703,8;1403,3;20,39;72,41;16,93;5,87;Lettuce;SOIL_BASED;3,845
21431,6;620,3;1332,8;30,03;69,35;26,8;6,79;Bok Choy;AEROPONIC;4,996
17744,0;708,8;1512,2;16,16;78,86;12,33;6,16;Spinach;AEROPONIC;4,416
12062,3;668,8;1496,0;20,45;63,69;17,65;6,3;Chinese Cabbage;AEROPONIC;4,562
14483,4;839,7;1316,5;29,52;64,8;25,61;6,36;Chinese Cabbage;SOIL_BASED;3,444
16973,1;710,4;1035,3;30,4;57,02;25,69;5,67;Spinach;SOIL_BASED;3,189
17008,8;521,7;1110,6;28,26;76,71;24,41;5,24;Bok Choy;SOIL_BASED;3,499
14083,2;716,8;1185,4;24,99;69,16;22,1;6,57;Spinach;SOIL_BASED;3,401
10951,2;673,5;949,2;21,72;77,57;17,73;6,39;Spinach;AQUAPONIC;4,28
18183,9;898,6;1640,7;18,79;64,34;14,15;6,58;Lettuce;AEROPONIC;5,775
15473,4;1072,6;1037,1;24,64;62,29;19,88;5,88;Chinese Cabbage;AQUAPONIC;4,09
19419,4;765,1;1267,0;21,36;74,18;18,35;6,62;Lettuce;AEROPONIC;5,786
14116,2;794,3;1047,1;27,56;65,12;22,71;6,86;Lettuce;SOIL_BASED;4,126
15203,2;663,7;1432,9;18,31;73,37;13,55;5,89;Spinach;SOIL_BASED;3,379
19473,0;876,6;1537,4;24,06;72,34;20,2;6,13;Lettuce;AQUAPONIC;5,292
15345,5;747,9;939,6;26,1;68,91;21,39;6,48;Chinese Cabbage;HYDROPONIC;4,461
9953,9;785,3;1451,9;26,34;62,84;23,18;6,5;Lettuce;SOIL_BASED;3,983
9448,3;900,5;969,6;25,83;71,04;23,76;6,93;Chinese Cabbage;HYDROPONIC;4,448
8472,1;868,7;1176,6;24,45;61,55;20,87;6,4;Lettuce;AEROPONIC;5,895
11432,6;739,4;1969,2;23,86;68,83;19,75;6,02;Chinese Cabbage;AQUAPONIC;4,101
13021,7;894,3;1353,1;26,04;82,3;21,8;6,34;Lettuce;HYDROPONIC;5,67
17616,4;1026,3;1514,3;24,45;78,54;22,58;5,47;Lettuce;HYDROPONIC;5,47
18061,2;824,8;1361,7;24,54;63,68;20,43;6,66;Bok Choy;SOIL_BASED;4,069
7161,3;855,8;1239,3;23,6;70,32;19,76;6,04;Chinese Cabbage;HYDROPONIC;4,406
16664,8;866,0;1120,2;22,42;63,44;16,99;5,86;Chinese Cabbage;HYDROPONIC;4,258
13211,5;628,4;1665,0;19,72;70,39;15,31;5,78;Chinese Cabbage;AEROPONIC;4,632
15722,6;849,9;1779,5;20,2;60,21;15,74;5,97;Kale;AQUAPONIC;5,465
21245,7;760,0;1294,0;22,43;62,43;17,84;5,55;Lettuce;SOIL_BASED;3,993
11624,8;962,1;1595,1;23,16;83,93;17,59;6,0;Chinese Cabbage;SOIL_BASED;3,16
16231,2;800,6;1507,3;20,79;69,13;16,21;5,99;Kale;HYDROPONIC;6,347
18220,2;706,7;1230,9;20,58;64,18;15,32;5,84;Bok Choy;AEROPONIC;5,013
14789,0;733,6;1295,1;22,48;49,92;19,67;6,03;Chinese Cabbage;HYDROPONIC;4,065
12333,4;1030,3;1166,5;26,03;69,42;20,41;6,13;Chinese Cabbage;HYDROPONIC;4,709
12274,3;1215,4;1811,1;17,56;86,58;13,86;5,79;Kale;SOIL_BASED;3,889
12819,6;838,1;1490,4;20,87;63,15;17,26;6,26;Lettuce;HYDROPONIC;5,389
15319,3;679,1;1288,2;23,95;64,73;19,5;5,88;Bok Choy;HYDROPONIC;4,983
12101,8;581,8;1154,0;27,1;68,41;23,08;5,85;Chinese Cabbage;AEROPONIC;4,483
16570,8;710,5;1414,5;29,55;62,62;25,55;6,5;Lettuce;SOIL_BASED;4,248
15966,8;788,5;941,8;22,54;86,77;17,89;6,31;Bok Choy;AQUAPONIC;4,763
8486,2;705,2;1083,3;22,5;76,33;18,86;6,74;Spinach;AEROPONIC;5,259
18436,5;604,5;1227,9;23,11;73,92;18,61;6,18;Spinach;AEROPONIC;5,137
22232,3;834,7;1170,4;24,14;85,97;21,36;6,2;Bok Choy;AEROPONIC;4,937
12819,8;730,8;1225,4;23,37;82,5;18,74;6,44;Kale;SOIL_BASED;4,13
17705,7;743,7;1456,6;23,83;68,67;19,33;5,78;Bok Choy;HYDROPONIC;5,011
19214,2;832,7;1784,4;19,76;65,63;15,95;5,92;Bok Choy;AQUAPONIC;4,348
17009,8;733,6;1465,7;18,85;65,54;15,53;6,54;Kale;SOIL_BASED;4,213
16466,8;1305,4;1239,9;25,5;63,39;21,98;6,22;Kale;HYDROPONIC;5,863
8574,9;863,7;1541,6;22,96;66,14;19,3;5,71;Lettuce;AEROPONIC;5,879
13505,5;573,1;1292,6;25,83;63,65;22,27;6,64;Lettuce;SOIL_BASED;4,306
13970,5;891,5;795,0;24,13;58,43;19,95;5,72;Kale;HYDROPONIC;5,652
19174,9;870,7;1591,3;19,49;47,43;15,08;6,3;Spinach;AQUAPONIC;4,127
10016,6;833,1;971,8;27,85;76,89;23,38;6,1;Spinach;AQUAPONIC;4,571
21324,6;986,7;1314,5;23,59;45,38;20,05;5,58;Bok Choy;HYDROPONIC;4,409
20222,9;844,3;1072,6;21,41;71,02;16,9;6,04;Chinese Cabbage;SOIL_BASED;3,435
11026,6;641,0;983,8;22,0;76,23;19,12;6,3;Bok Choy;AEROPONIC;4,709
10127,1;645,4;1164,0;20,11;71,74;17,56;6,16;Bok Choy;HYDROPONIC;4,861
18286,0;728,6;620,7;24,43;66,74;19,6;6,0;Chinese Cabbage;AEROPONIC;4,169
13485,4;908,6;1099,5;23,19;69,84;20,23;6,02;Kale;AQUAPONIC;5,519
13644,1;660,4;1388,8;29,15;64,3;26,51;6,35;Spinach;HYDROPONIC;4,708
17931,0;617,1;1375,3;24,96;67,21;22,23;6,34;Bok Choy;AQUAPONIC;4,736
10390,5;1166,6;793,2;28,98;65,32;24,54;6,08;Chinese Cabbage;AEROPONIC;4,145
17889,6;782,3;1532,2;20,81;62,16;16,46;6,41;Lettuce;AEROPONIC;5,693
10179,0;689,4;1896,8;22,57;78,11;18,07;6,55;Bok Choy;HYDROPONIC;4,787
9963,6;378,3;1729,3;25,99;75,41;21,59;6,18;Spinach;HYDROPONIC;4,457
17708,1;650,1;1142,9;25,15;66,73;21,48;5,71;Kale;HYDROPONIC;5,784
16919,2;663,9;1108,6;23,46;68,4;19,74;6,26;Bok Choy;AQUAPONIC;4,886
6854,9;776,6;1046,8;20,49;61,65;17,75;6,36;Bok Choy;AEROPONIC;5,018
17596,6;752,8;1754,6;17,4;71,06;12,64;6,23;Chinese Cabbage;AEROPONIC;4,316
21254,5;840,6;1145,2;22,88;67,12;18,48;5,81;Lettuce;AQUAPONIC;5,651
14885,4;595,5;1095,6;23,0;65,19;19,62;5,92;Lettuce;HYDROPONIC;5,902
18992,2;979,6;1497,8;23,86;70,18;18,42;6,56;Kale;SOIL_BASED;4,246
13727,4;953,7;1575,4;19,45;68,72;16,5;6,41;Spinach;HYDROPONIC;4,627
18298,7;647,2;1533,2;21,04;60,81;16,61;6,47;Kale;SOIL_BASED;3,991
5267,0;1046,8;1005,8;24,6;75,65;22,15;6,55;Bok Choy;SOIL_BASED;3,773
12336,9;593,0;1408,3;25,14;76,37;21,89;5,79;Bok Choy;AQUAPONIC;4,788
24460,5;643,1;1660,1;24,06;62,21;21,35;5,57;Lettuce;AEROPONIC;5,781
19757,7;648,3;1280,6;22,53;95,0;17,7;6,49;Spinach;AEROPONIC;4,673
13421,4;688,6;1356,7;20,18;59,97;14,09;5,24;Chinese Cabbage;AEROPONIC;4,621
14428,7;641,9;1332,8;26,17;73,23;22,88;6,82;Spinach;AEROPONIC;5,173
10596,1;714,2;1209,9;25,54;72,78;21,99;6,15;Bok Choy;AQUAPONIC;4,801
14559,4;885,6;1397,9;21,89;74,12;15,77;5,98;Chinese Cabbage;SOIL_BASED;3,216
8479,4;736,9;1511,2;25,83;82,53;22,26;5,95;Spinach;AEROPONIC;5,004
16387,4;1242,4;1618,7;23,31;65,67;17,89;5,89;Spinach;SOIL_BASED;3,374
12555,7;985,8;1265,6;21,59;68,36;16,78;6,28;Chinese Cabbage;AQUAPONIC;4,255
16951,8;966,6;1297,5;26,09;71,61;21,33;6,06;Bok Choy;HYDROPONIC;4,629
12512,2;644,2;1148,8;23,78;53,69;18,07;6,41;Spinach;AQUAPONIC;3,796
12286,9;730,6;1690,3;22,3;69,15;17,56;6,53;Chinese Cabbage;AEROPONIC;4,604
17700,6;711,3;1167,7;19,91;71,41;16,96;5,98;Bok Choy;HYDROPONIC;4,889
12969,0;622,5;1254,5;20,17;61,98;16,71;6,29;Chinese Cabbage;AQUAPONIC;3,665
13201,1;1078,6;1300,7;25,87;86,56;22,49;6,21;Chinese Cabbage;AQUAPONIC;3,821
19809,5;937,1;1334,3;24,77;70,23;21,24;5,98;Spinach;SOIL_BASED;3,334
19727,3;752,6;890,5;20,22;61,73;15,14;5,74;Bok Choy;AQUAPONIC;4,371
17497,1;840,9;1422,0;20,17;63,14;16,69;5,8;Spinach;HYDROPONIC;4,717
14603,0;793,7;1395,6;29,39;61,28;24,92;6,53;Kale;AQUAPONIC;5,403
23213,7;638,0;1321,1;24,8;61,57;21,04;6,0;Kale;AEROPONIC;6,485
19363,4;893,5;1373,6;26,89;70,87;22,3;6,21;Bok Choy;SOIL_BASED;3,656
12249,6;794,5;1265,8;27,68;71,64;24,43;6,64;Chinese Cabbage;HYDROPONIC;4,011
17107,0;704,2;906,2;20,9;71,83;15,42;5,87;Spinach;HYDROPONIC;4,613
11109,8;612,2;1564,5;28,38;73,75;22,86;6,26;Spinach;AQUAPONIC;3,558
16090,7;866,2;902,4;20,48;71,59;16,95;6,26;Bok Choy;AEROPONIC;5,283
13895,4;769,1;1053,7;25,54;86,5;21,71;5,96;Bok Choy;SOIL_BASED;3,459
12621,1;655,5;1591,9;23,18;75,7;19,5;6,12;Kale;HYDROPONIC;6,085
16158,4;954,7;928,3;25,53;59,21;20,73;6,98;Lettuce;SOIL_BASED;4,144
11525,2;800,7;1238,9;22,91;68,29;18,44;5,97;Bok Choy;AQUAPONIC;4,622
13655,2;524,8;1751,5;25,04;58,41;21,33;5,95;Lettuce;AEROPONIC;5,871
16166,3;993,4;1298,8;27,31;68,19;23,76;5,82;Bok Choy;AQUAPONIC;4,476
14860,8;563,3;921,8;26,64;56,04;21,46;6,07;Chinese Cabbage;SOIL_BASED;3,231
13898,2;705,1;1475,6;23,33;66,01;18,64;6,21;Chinese Cabbage;AQUAPONIC;3,803
13453,1;785,6;1396,9;20,83;67,08;16,25;6,65;Kale;SOIL_BASED;4,586
13584,6;611,0;1311,6;22,67;56,57;17,43;6,17;Kale;HYDROPONIC;6,011
20107,4;757,2;749,9;24,74;68,13;20,62;6,35;Lettuce;HYDROPONIC;5,408
18161,4;1008,4;1619,7;25,33;64,83;20,02;5,74;Bok Choy;AQUAPONIC;4,528
8672,9;980,4;1740,1;26,5;58,7;22,28;5,39;Spinach;HYDROPONIC;4,304
10966,1;898,2;1273,6;21,45;75,84;17,79;6,46;Kale;SOIL_BASED;3,968
10245,8;924,1;1107,7;20,89;65,05;16,76;5,85;Spinach;HYDROPONIC;4,707
12964,8;942,7;1418,7;20,64;77,57;17,01;5,2;Spinach;AEROPONIC;4,91
18834,8;915,9;1421,8;22,95;69,74;19,56;6,77;Bok Choy;AEROPONIC;5,326
11676,5;808,3;1444,4;24,1;64,68;20,8;6,61;Lettuce;AQUAPONIC;5,258
16121,4;729,9;1282,6;24,54;59,78;22,44;6,03;Bok Choy;AQUAPONIC;4,607
18389,1;672,9;1421,7;19,54;58,02;15,36;5,81;Kale;AQUAPONIC;5,687
6921,3;696,2;1474,8;20,83;69,59;16,28;5,67;Spinach;AQUAPONIC;4,505
12615,4;489,8;1946,7;21,53;71,1;18,49;6,04;Bok Choy;SOIL_BASED;3,563
8906,1;885,4;1394,7;28,42;60,86;25,29;6,36;Bok Choy;SOIL_BASED;3,524
12289,4;837,9;1326,2;22,43;57,73;18,45;6,1;Bok Choy;AEROPONIC;5,452
16196,8;798,2;885,1;19,37;73,94;14,45;6,12;Kale;SOIL_BASED;4,337
8472,6;727,7;907,8;24,57;74,32;20,92;6,8;Lettuce;HYDROPONIC;5,611
14519,0;838,3;1312,6;23,2;60,97;18,37;5,52;Bok Choy;AEROPONIC;5,214
8329,0;799,3;1259,3;20,21;66,43;14,56;6,28;Kale;AQUAPONIC;5,659
10054,9;758,0;1031,3;22,17;72,39;19,37;6,39;Spinach;AQUAPONIC;4,199
18697,4;893,3;1022,5;22,54;58,63;16,78;6,04;Chinese Cabbage;SOIL_BASED;3,157
16940,5;771,4;1437,1;23,16;60,55;17,69;6,64;Kale;AEROPONIC;5,978
10044,0;865,8;1129,7;26,1;74,95;21,85;6,48;Chinese Cabbage;SOIL_BASED;3,027
14496,5;915,2;1080,2;25,07;60,43;19,51;6,28;Bok Choy;SOIL_BASED;3,477
13684,3;623,4;1007,1;23,85;68,59;19,39;5,92;Bok Choy;SOIL_BASED;3,459
15458,2;858,6;1067,9;26,26;68,84;23,07;5,71;Kale;AEROPONIC;5,982
17582,5;406,5;1182,4;22,35;57,82;19,0;5,49;Chinese Cabbage;AQUAPONIC;4,074
23357,3;894,3;1274,1;21,47;76,35;18,13;6,63;Bok Choy;HYDROPONIC;4,929
13312,1;917,8;1340,7;24,36;54,75;19,4;6,92;Spinach;AQUAPONIC;4,062
21490,6;898,9;1170,8;24,15;70,37;19,11;6,34;Lettuce;AEROPONIC;5,779
11438,7;926,8;816,1;19,37;64,1;14,14;6,18;Lettuce;AQUAPONIC;5,109
14075,5;953,5;988,9;27,68;68,88;24,12;6,15;Bok Choy;AQUAPONIC;4,483
12797,1;766,9;1146,6;20,65;66,01;15,03;6,21;Chinese Cabbage;HYDROPONIC;4,445
12981,0;873,2;1548,4;24,98;58,38;20,86;6,49;Bok Choy;AQUAPONIC;4,22
15331,5;914,0;1253,7;25,05;65,46;19,49;5,48;Chinese Cabbage;AQUAPONIC;4,254
17191,5;683,7;1390,8;15,0;72,06;12,0;6,13;Spinach;AQUAPONIC;4,149
15759,4;580,8;1644,2;24,14;65,94;20,53;5,92;Chinese Cabbage;SOIL_BASED;3,013
17217,6;855,4;1236,7;28,08;63,95;23,13;6,18;Bok Choy;AEROPONIC;4,923
16933,2;890,4;1277,3;21,51;51,14;17,24;5,42;Spinach;AEROPONIC;4,977
15655,8;943,8;1290,1;18,19;60,45;15,93;5,72;Kale;HYDROPONIC;5,545
14106,2;783,1;1296,4;23,17;61,7;19,14;5,58;Lettuce;SOIL_BASED;4,161
12358,7;797,8;1009,1;24,8;75,12;21,72;6,29;Bok Choy;SOIL_BASED;3,06
12875,1;793,9;1410,0;23,26;64,7;18,91;6,01;Bok Choy;AQUAPONIC;4,27
19268,3;702,2;1306,0;20,84;72,31;16,09;6,01;Bok Choy;AEROPONIC;4,93
12708,7;896,1;1064,8;20,62;61,39;17,04;6,4;Spinach;HYDROPONIC;4,395
16562,9;871,8;1234,7;18,96;50,45;14,93;5,94;Kale;SOIL_BASED;4,148
19842,8;766,0;796,9;18,25;76,36;13,81;6,44;Chinese Cabbage;AQUAPONIC;3,806
16354,3;789,0;881,2;22,54;61,45;18,87;6,01;Kale;HYDROPONIC;5,712
15394,2;757,5;1510,0;24,69;75,93;20,51;6,42;Spinach;SOIL_BASED;3,256
20607,8;1061,2;1223,7;23,95;66,15;21,33;6,47;Bok Choy;HYDROPONIC;5,237
15090,7;866,2;1625,9;24,2;79,73;20,58;6,11;Lettuce;SOIL_BASED;4,075
13171,1;578,2;1296,3;25,27;95,0;20,61;6,7;Bok Choy;HYDROPONIC;4,553
20312,2;780,6;1337,2;27,16;71,77;23,12;5,8;Chinese Cabbage;SOIL_BASED;2,919
13204,6;727,9;1274,3;23,58;56,4;19,93;5,89;Lettuce;SOIL_BASED;4,081
14779,0;791,2;1017,4;24,47;72,67;20,23;5,2;Bok Choy;HYDROPONIC;5,169
12769,7;703,8;1386,9;24,48;71,19;21,29;6,08;Lettuce;SOIL_BASED;4,017
7134,6;918,5;1105,8;23,91;57,51;20,49;5,62;Kale;SOIL_BASED;4,452
8940,1;765,0;1362,6;23,55;62,39;19,25;6,6;Spinach;SOIL_BASED;3,783
10779,9;792,8;1063,0;23,78;64,26;19,89;6,04;Bok Choy;HYDROPONIC;4,744
14673,7;819,4;1473,6;27,87;71,01;23,78;5,89;Chinese Cabbage;HYDROPONIC;4,687
15083,5;794,7;1393,0;27,51;60,22;22,77;6,23;Kale;SOIL_BASED;4,221
15741,3;583,9;1597,9;18,72;59,17;14,23;6,35;Bok Choy;SOIL_BASED;3,504
12156,6;650,5;1468,3;24,11;58,03;20,97;5,61;Kale;HYDROPONIC;6,261
11895,0;658,1;1265,4;23,52;52,08;20,26;5,91;Chinese Cabbage;AQUAPONIC;4,016
25000,0;818,7;1679,6;27,03;73,34;22,23;6,37;Bok Choy;SOIL_BASED;3,828
12126,0;694,6;1379,7;23,4;68,7;18,89;6,14;Chinese Cabbage;AQUAPONIC;4,156
16082,1;674,1;679,1;24,2;74,71;19,84;6,46;Lettuce;HYDROPONIC;5,315
18349,1;745,4;1121,7;21,68;61,93;16,73;6,17;Chinese Cabbage;SOIL_BASED;2,992
16119,0;858,6;1241,4;25,78;61,66;20,21;5,84;Lettuce;AQUAPONIC;4,889
13623,7;746,7;1620,0;20,02;70,91;14,74;6,24;Bok Choy;HYDROPONIC;4,871
10523,6;790,1;1167,2;22,65;75,56;15,88;6,41;Lettuce;AQUAPONIC;5,025
10435,7;752,2;1100,6;20,55;76,37;15,67;6,69;Bok Choy;AEROPONIC;5,411
13004,5;1150,6;746,9;22,66;58,52;18,48;6,27;Bok Choy;HYDROPONIC;4,884
14013,4;783,8;1615,9;21,96;76,04;18,34;6,05;Spinach;AEROPONIC;4,843
14360,5;720,1;1654,3;25,84;80,78;21,32;5,87;Bok Choy;HYDROPONIC;5,178
11974,8;428,1;983,7;22,89;71,59;17,58;6,01;Lettuce;HYDROPONIC;5,297
12817,6;764,8;911,0;27,68;77,84;23,38;5,95;Spinach;SOIL_BASED;3,505
19353,4;1014,1;1550,5;22,83;72,45;19,34;5,5;Spinach;AEROPONIC;5,018
10905,9;572,3;1616,7;20,47;58,47;16,08;5,85;Bok Choy;AEROPONIC;5,201
12104,2;665,4;1092,3;22,82;75,94;18,0;6,43;Chinese Cabbage;AEROPONIC;4,553
9933,5;1097,4;1219,6;24,84;71,3;20,8;5,48;Chinese Cabbage;HYDROPONIC;4,887
24510,6;572,5;1424,8;28,22;59,33;22,82;6,62;Spinach;AEROPONIC;4,516
7663,0;895,4;1014,4;21,69;63,17;18,29;6,12;Bok Choy;AEROPONIC;5,015
13268,5;743,9;1044,5;28,14;71,51;24,44;5,44;Chinese Cabbage;SOIL_BASED;3,022
20870,9;610,6;1191,3;22,97;88,38;18,4;5,58;Bok Choy;AQUAPONIC;4,202
19335,9;863,2;1021,0;22,25;83,3;17,42;5,49;Bok Choy;AQUAPONIC;4,664
15695,9;451,2;2037,2;25,67;51,0;21,31;6,03;Spinach;AEROPONIC;4,753
16216,5;906,5;1603,8;27,49;68,01;24,32;6,04;Spinach;AEROPONIC;5,095
10716,0;670,6;1200,9;25,06;80,65;20,41;6,32;Kale;AEROPONIC;6,256
9156,5;603,6;1313,8;19,54;64,57;13,96;5,51;Chinese Cabbage;AEROPONIC;4,18
12204,3;971,9;863,2;24,43;63,71;19,59;6,38;Chinese Cabbage;AQUAPONIC;4,254
12683,1;749,6;1384,5;29,59;63,42;24,2;5,82;Chinese Cabbage;SOIL_BASED;2,889
16316,1;906,1;1472,8;17,12;75,18;13,6;5,94;Lettuce;HYDROPONIC;5,414
14174,4;1022,0;1106,4;24,55;71,27;18,78;6,25;Bok Choy;AEROPONIC;5,387
20338,6;638,2;1163,2;22,7;72,53;18,16;6,06;Spinach;AEROPONIC;4,832
15416,5;421,6;1043,2;20,88;66,33;17,06;5,81;Chinese Cabbage;AQUAPONIC;3,81
8816,3;860,5;1640,1;26,39;82,87;22,56;6,3;Kale;AEROPONIC;5,967
9471,1;743,3;1626,9;18,63;65,34;13,56;5,87;Chinese Cabbage;SOIL_BASED;3,15
13169,6;851,1;1381,8;22,52;75,48;16,95;6,08;Bok Choy;SOIL_BASED;3,77
12008,8;1029,3;1314,9;26,3;50,35;22,28;5,71;Bok Choy;AEROPONIC;5,061
14437,3;504,0;955,5;25,98;67,68;20,59;6,45;Spinach;AQUAPONIC;4,261
17243,2;694,6;1093,5;25,17;64,01;20,24;5,52;Lettuce;AEROPONIC;5,935
16622,5;819,3;1204,4;23,98;68,88;19,76;5,54;Spinach;AEROPONIC;4,882
10667,9;791,5;1105,7;23,15;54,2;19,06;5,79;Chinese Cabbage;AQUAPONIC;4,151
18665,0;715,5;1426,6;22,18;81,9;16,71;6,68;Kale;SOIL_BASED;4,121
13296,9;960,4;853,9;20,78;69,42;16,33;6,2;Spinach;HYDROPONIC;4,968
14669,1;371,0;944,8;25,78;87,12;19,9;6,07;Lettuce;AEROPONIC;5,308
11343,4;548,9;1116,2;24,09;74,67;20,9;5,68;Spinach;SOIL_BASED;3,384
15943,4;877,9;871,0;25,86;70,25;22,25;6,22;Bok Choy;AEROPONIC;4,969
15728,9;712,2;1540,2;21,31;68,14;16,64;5,95;Chinese Cabbage;HYDROPONIC;4,167
19663,8;899,9;1576,2;21,25;73,65;17,32;5,85;Chinese Cabbage;AQUAPONIC;3,779
12279,4;1017,0;839,6;24,89;74,44;21,17;6,52;Chinese Cabbage;SOIL_BASED;2,994
14845,1;559,0;1355,4;17,12;72,29;13,03;6,47;Chinese Cabbage;HYDROPONIC;4,362
15818,3;723,5;1175,1;16,42;87,24;12,0;5,47;Chinese Cabbage;AEROPONIC;3,919
15576,3;595,8;1277,3;26,34;77,84;21,34;6,45;Chinese Cabbage;HYDROPONIC;4,644
19047,4;877,8;1419,0;21,52;62,62;16,94;5,9;Kale;SOIL_BASED;4,316
11761,3;643,4;744,2;24,04;61,25;20,0;6,15;Lettuce;AQUAPONIC;5,067
16175,8;996,5;1558,0;24,56;71,76;22,17;5,34;Chinese Cabbage;AEROPONIC;4,248
16483,2;685,5;1415,6;26,4;69,59;21,37;6,34;Lettuce;AQUAPONIC;4,816
13223,0;674,2;1562,5;22,27;70,37;18,59;6,25;Chinese Cabbage;AQUAPONIC;3,617
15337,9;912,7;798,0;22,42;54,21;18,64;5,83;Spinach;HYDROPONIC;4,713
15170,7;778,2;1271,2;21,78;75,58;17,04;6,14;Chinese Cabbage;HYDROPONIC;4,647
16076,7;903,7;1419,6;25,24;64,83;21,19;5,33;Bok Choy;SOIL_BASED;3,332
13386,6;596,0;1393,2;25,36;86,92;20,79;5,75;Kale;SOIL_BASED;4,235
11740,7;773,4;1502,0;27,08;70,0;21,78;5,54;Spinach;AQUAPONIC;4,101
15080,8;969,7;1398,5;20,01;67,06;15,56;6,13;Spinach;SOIL_BASED;3,499
16908,3;776,8;773,4;29,75;72,18;26,78;5,92;Bok Choy;AQUAPONIC;4,144
11118,3;558,4;1579,6;22,63;62,42;17,97;6,08;Chinese Cabbage;AEROPONIC;4,46
17526,6;1032,4;1155,0;23,36;82,25;19,65;5,67;Kale;AQUAPONIC;5,645
15123,8;604,1;1332,4;23,96;88,19;19,73;5,36;Spinach;SOIL_BASED;3,104
14023,4;664,9;1684,0;20,95;74,22;17,03;6,59;Kale;SOIL_BASED;4,226
14299,2;583,6;1277,6;22,35;73,67;18,05;5,52;Spinach;AQUAPONIC;4,495
10496,3;928,1;1189,0;27,59;63,0;23,4;5,3;Chinese Cabbage;HYDROPONIC;4,026
15217,1;1197,0;977,5;27,63;67,93;23,99;6,46;Spinach;AQUAPONIC;4,402
13768,7;751,9;933,8;24,07;72,63;20,46;6,1;Spinach;AQUAPONIC;4,467
15425,1;1069,3;965,9;26,42;58,24;20,83;6,53;Lettuce;HYDROPONIC;5,46
13982,1;1097,4;1270,5;24,65;81,41;18,71;6,57;Chinese Cabbage;AEROPONIC;4,708
12700,1;796,0;1849,5;23,34;54,96;20,01;5,36;Bok Choy;HYDROPONIC;5,108
10577,5;751,0;1199,9;21,39;50,41;16,25;6,05;Bok Choy;SOIL_BASED;3,402
8448,1;727,7;1272,4;21,09;82,82;16,7;6,2;Chinese Cabbage;HYDROPONIC;4,19
13206,2;803,1;1460,0;21,38;74,62;16,65;6,19;Bok Choy;SOIL_BASED;3,749
5768,3;1060,8;1097,5;28,02;59,98;22,75;6,02;Chinese Cabbage;SOIL_BASED;2,909
9491,4;805,3;1637,0;25,95;69,32;21,8;6,83;Bok Choy;AQUAPONIC;4,389
17489,4;742,9;1152,9;27,53;70,01;23,28;6,18;Lettuce;AQUAPONIC;5,372
11388,4;776,0;1598,8;24,62;68,88;19,25;6,23;Bok Choy;AEROPONIC;4,968
16789,3;850,5;1436,2;21,03;59,22;16,95;5,85;Spinach;SOIL_BASED;3,245
16448,2;713,1;1302,4;25,19;70,68;21,31;5,41;Chinese Cabbage;AQUAPONIC;4,005
11777,7;738,0;1121,8;27,06;77,9;23,7;6,4;Kale;SOIL_BASED;4,131
17835,0;686,6;1525,6;25,29;53,32;21,72;6,05;Kale;AEROPONIC;5,896
19213,8;634,2;1251,0;19,81;63,88;15,67;6,55;Chinese Cabbage;SOIL_BASED;2,824
9358,3;863,7;1148,2;19,37;58,13;15,17;5,63;Lettuce;AEROPONIC;5,61
17612,5;638,4;1693,5;25,28;61,51;21,42;5,96;Bok Choy;AEROPONIC;5,155
12247,2;770,7;730,8;22,62;71,22;19,43;5,77;Lettuce;AEROPONIC;5,827
9046,6;731,4;1673,4;24,37;56,98;21,48;5,75;Kale;AQUAPONIC;5,214
15347,6;911,1;1807,7;21,47;82,76;18,35;6,11;Chinese Cabbage;HYDROPONIC;4,059
16425,3;736,3;1048,4;23,85;68,59;20,87;5,12;Chinese Cabbage;HYDROPONIC;4,448
14286,6;864,3;1109,3;20,42;64,71;14,83;6,11;Lettuce;AQUAPONIC;5,393
20830,6;547,6;990,0;24,19;51,88;21,28;6,19;Lettuce;SOIL_BASED;3,801
17107,9;953,3;1506,7;25,54;69,21;21,6;6,93;Bok Choy;AQUAPONIC;4,729
14277,3;860,6;1113,5;25,69;68,47;21,14;5,91;Spinach;SOIL_BASED;3,541
15088,6;967,2;1247,9;19,84;56,74;14,05;6,41;Spinach;AEROPONIC;4,758
25000,0;821,1;1445,4;24,81;59,57;20,71;5,95;Bok Choy;AQUAPONIC;4,391
16159,1;814,8;862,2;21,85;82,63;17,69;6,35;Spinach;HYDROPONIC;4,476
19393,1;711,2;880,5;27,78;64,69;22,46;6,6;Kale;SOIL_BASED;4,409
17857,9;815,5;1366,9;26,18;68,37;21,19;5,23;Spinach;AQUAPONIC;4,126
10480,3;617,2;1179,9;23,57;72,7;19,2;6,15;Bok Choy;AQUAPONIC;4,612
10804,5;662,8;1022,1;29,61;66,69;25,76;6,64;Spinach;SOIL_BASED;3,207
14399,7;681,0;1280,1;21,46;79,5;16,25;6,57;Chinese Cabbage;AEROPONIC;4,383
14124,5;730,6;1248,1;23,34;61,78;19,09;6,15;Lettuce;AEROPONIC;5,68
15549,1;401,6;1043,3;25,02;64,38;21,27;6,38;Kale;AEROPONIC;6,366
18880,7;613,0;1321,3;29,2;64,5;25,83;5,96;Chinese Cabbage;AEROPONIC;4,64
17393,7;555,8;1021,4;27,6;61,25;23,38;6,38;Chinese Cabbage;SOIL_BASED;2,748
9340,2;1004,9;1466,9;25,74;60,54;19,82;6,07;Bok Choy;HYDROPONIC;4,964
12229,5;620,3;1228,8;21,04;68,25;16,38;5,89;Lettuce;AQUAPONIC;5,444
20244,1;640,7;1758,4;21,04;79,47;16,51;6,33;Lettuce;AQUAPONIC;5,229
16678,6;761,8;941,0;25,45;57,99;21,14;5,85;Kale;AEROPONIC;6,183
9019,3;806,7;1126,3;19,99;66,4;15,77;6,32;Bok Choy;SOIL_BASED;3,476
13860,1;837,5;1522,7;24,4;74,49;20,13;6,34;Kale;HYDROPONIC;5,926
7857,4;686,8;1006,7;25,75;84,82;20,8;6,47;Spinach;HYDROPONIC;4,645
18270,2;754,2;1288,6;19,36;75,98;16,27;6,07;Chinese Cabbage;AQUAPONIC;4,032
16370,6;994,8;765,8;25,31;66,25;19,97;6,91;Kale;AEROPONIC;6,508
13823,6;766,9;1001,6;26,01;63,23;21,59;5,66;Chinese Cabbage;AQUAPONIC;3,764
14249,3;794,7;1037,2;22,48;77,6;18,0;6,73;Bok Choy;AQUAPONIC;4,131
16432,7;911,1;1235,6;23,06;75,5;18,11;6,53;Spinach;HYDROPONIC;4,888
18858,4;892,9;1537,7;18,49;68,14;13,37;6,38;Bok Choy;SOIL_BASED;3,624
16029,0;517,5;1209,3;23,19;66,23;18,95;6,48;Spinach;HYDROPONIC;4,69
17036,9;834,1;1195,8;19,23;85,15;15,95;5,93;Spinach;AQUAPONIC;4,517
15889,7;782,3;1071,1;21,57;83,84;19,53;5,05;Chinese Cabbage;AEROPONIC;4,579
19324,6;1024,5;982,8;22,37;71,33;18,29;5,89;Bok Choy;AEROPONIC;5,058
20854,2;622,3;1544,8;20,26;69,75;16,08;6,27;Bok Choy;SOIL_BASED;3,525
12193,2;646,4;1325,8;20,01;58,23;15,31;6,41;Kale;SOIL_BASED;4,355
13828,5;719,3;1195,8;20,15;68,38;16,77;6,65;Bok Choy;SOIL_BASED;3,863
14691,8;893,3;1696,7;26,92;78,27;21,9;5,99;Kale;AQUAPONIC;5,224
12086,4;947,4;558,6;23,3;51,58;17,52;5,53;Lettuce;AQUAPONIC;4,856
13241,1;734,2;1545,7;27,05;73,12;23,22;5,97;Lettuce;SOIL_BASED;4,362
14243,8;871,0;871,1;22,37;73,85;17,3;6,2;Lettuce;AEROPONIC;5,675
14570,3;690,4;1314,5;22,43;73,87;17,24;5,65;Bok Choy;AEROPONIC;4,854
13039,8;773,8;1530,8;22,31;62,45;17,03;6,81;Bok Choy;AEROPONIC;5,257
12633,5;849,2;815,7;15,15;65,26;12,0;6,27;Kale;AQUAPONIC;5,228
14698,1;1056,8;1601,4;24,92;62,73;19,78;5,99;Spinach;HYDROPONIC;4,837
11677,4;927,6;1244,2;23,2;84,91;18,64;6,22;Kale;AEROPONIC;5,959
15782,5;948,9;1071,1;23,64;81,24;18,44;6,09;Lettuce;AEROPONIC;5,577
10173,9;737,2;1337,7;17,64;71,17;13,6;5,56;Kale;AEROPONIC;6,092
14430,5;529,1;1415,9;23,42;68,28;18,41;6,53;Spinach;SOIL_BASED;3,301
20323,8;1112,3;1896,9;22,27;67,93;16,45;6,5;Bok Choy;AQUAPONIC;4,471
13643,9;542,1;1230,1;23,85;65,34;20,79;5,68;Kale;SOIL_BASED;4,271
17613,2;718,6;1500,0;23,29;52,03;20,23;6,46;Lettuce;SOIL_BASED;4,063
10556,2;754,6;1311,2;22,14;68,34;18,17;5,4;Lettuce;HYDROPONIC;5,484
13038,5;963,7;1372,4;25,08;85,23;20,33;5,99;Bok Choy;SOIL_BASED;3,748
16802,4;947,3;1214,4;26,37;70,49;22,64;6,12;Kale;HYDROPONIC;6,033
5690,3;690,7;1082,7;22,36;62,75;17,84;6,34;Spinach;SOIL_BASED;3,499
16662,0;808,2;1379,9;19,44;70,2;15,08;6,78;Bok Choy;AEROPONIC;5,258
14225,2;674,8;1021,0;19,63;66,13;15,23;6,69;Kale;AQUAPONIC;5,45
13298,9;664,7;759,2;24,68;59,54;21,52;6,08;Chinese Cabbage;SOIL_BASED;2,859
19580,0;882,6;1307,9;27,13;58,48;21,09;5,4;Lettuce;HYDROPONIC;5,761
9382,4;572,0;1065,5;18,42;68,31;13,78;6,0;Spinach;AQUAPONIC;4,154
15866,6;812,2;1204,5;20,65;55,58;15,87;6,19;Spinach;HYDROPONIC;4,749
17413,7;686,6;846,4;22,57;68,14;17,61;6,41;Spinach;AEROPONIC;4,801
11963,6;465,1;1527,9;17,79;67,28;12,8;6,78;Lettuce;SOIL_BASED;3,808
7326,0;748,3;579,7;23,23;74,12;19,26;5,77;Kale;AQUAPONIC;5,055
15544,9;920,9;1391,0;24,52;66,64;19,4;6,12;Bok Choy;AEROPONIC;5,624
17410,4;819,3;1416,9;24,84;59,06;20,59;6,32;Kale;SOIL_BASED;4,059
19683,2;605,9;1331,9;22,38;69,31;17,09;5,63;Bok Choy;SOIL_BASED;3,66
8799,7;802,3;1547,5;22,5;76,88;18,7;6,25;Spinach;HYDROPONIC;4,804
13551,8;529,2;973,8;20,64;63,51;16,65;6,15;Kale;HYDROPONIC;5,521
22221,2;1092,6;1790,1;18,54;81,65;13,95;6,68;Spinach;AEROPONIC;4,698
15397,4;799,4;1046,5;22,97;68,98;19,4;5,6;Chinese Cabbage;HYDROPONIC;4,594
15548,6;871,7;1451,9;24,64;64,96;21,15;6,08;Spinach;AEROPONIC;5,093
16544,5;988,1;1753,7;23,54;62,68;19,84;6,34;Spinach;AEROPONIC;4,999
14608,9;802,8;1225,1;26,61;69,66;21,62;6,07;Bok Choy;AEROPONIC;5,158
13508,5;800,7;1092,8;24,47;67,21;19,42;5,6;Chinese Cabbage;HYDROPONIC;4,123
13801,3;652,2;1486,4;25,35;57,07;20,93;5,9;Spinach;AQUAPONIC;4,125
19561,9;475,1;1130,9;23,97;81,53;20,45;6,18;Spinach;AEROPONIC;4,696
17149,1;674,6;1055,5;28,71;65,14;24,85;7,06;Chinese Cabbage;AQUAPONIC;3,95
15795,7;800,8;1459,9;22,13;81,46;17,84;5,62;Chinese Cabbage;SOIL_BASED;2,835
7863,1;793,0;1475,8;25,4;58,72;21,78;6,07;Kale;HYDROPONIC;6,058
12664,6;818,3;1272,1;24,19;76,17;19,21;6,18;Bok Choy;HYDROPONIC;4,905
21907,4;604,1;1297,1;25,57;79,52;21,14;6,4;Chinese Cabbage;AQUAPONIC;3,816
11728,3;681,0;1323,4;24,43;78,82;19,35;5,76;Chinese Cabbage;SOIL_BASED;3,275
14769,7;914,3;1230,1;23,38;71,4;19,24;6,21;Lettuce;SOIL_BASED;3,92
14156,5;808,1;1207,9;24,56;76,47;18,3;6,97;Chinese Cabbage;AEROPONIC;4,716
9434,2;578,5;927,6;24,91;71,98;20,38;5,64;Bok Choy;HYDROPONIC;4,988
11190,6;944,8;1090,0;25,27;59,24;22,57;6,15;Spinach;SOIL_BASED;3,398
8931,1;1012,2;1277,9;27,6;71,51;23,12;6,39;Spinach;SOIL_BASED;3,188
8571,0;641,1;1828,1;24,04;58,73;20,36;6,12;Spinach;AEROPONIC;4,641
16182,3;774,3;982,6;20,43;57,58;14,68;6,15;Spinach;AEROPONIC;4,898
11815,1;747,6;1151,3;23,96;70,38;20,42;6,35;Lettuce;AQUAPONIC;5,286
21047,6;615,6;943,6;22,25;62,98;16,78;6,13;Chinese Cabbage;HYDROPONIC;4,436
17347,7;774,9;739,7;22,18;81,51;19,0;6,38;Spinach;SOIL_BASED;3,372
14347,7;834,7;1640,2;22,6;82,32;18,82;5,97;Kale;AQUAPONIC;5,564
17259,1;811,1;1417,8;20,97;91,28;17,63;6,27;Spinach;HYDROPONIC;4,335
6777,6;1070,8;1632,4;16,78;56,41;12,33;5,85;Chinese Cabbage;AQUAPONIC;3,867
14123,0;637,0;790,8;27,63;58,39;22,31;6,02;Spinach;HYDROPONIC;4,313
18227,4;615,8;1444,3;22,13;75,38;18,61;6,09;Lettuce;HYDROPONIC;5,585
9867,9;938,2;1835,9;18,7;65,31;15,66;5,82;Bok Choy;SOIL_BASED;3,464
16938,0;919,6;1529,4;24,0;61,85;19,32;5,5;Bok Choy;HYDROPONIC;4,877
15395,7;469,1;1427,0;25,22;64,74;21,24;5,63;Chinese Cabbage;AEROPONIC;4,9
9000,3;652,9;1080,1;23,0;67,38;19,43;6,01;Bok Choy;SOIL_BASED;3,55
20031,8;520,4;1659,1;19,89;73,63;15,92;6,5;Bok Choy;AEROPONIC;5,293
18519,4;925,8;1112,5;19,54;52,59;14,73;6,24;Kale;AQUAPONIC;5,342
16685,4;915,6;1411,1;29,89;71,47;24,8;6,48;Chinese Cabbage;AQUAPONIC;3,993
9746,5;772,1;1010,0;19,55;66,37;15,92;6,34;Chinese Cabbage;HYDROPONIC;4,216
11500,9;942,9;1255,0;18,94;61,26;14,22;6,47;Bok Choy;HYDROPONIC;4,706
14084,8;878,0;1533,9;22,64;79,8;18,75;5,94;Bok Choy;AEROPONIC;5,11
19531,0;834,2;1514,9;25,8;64,35;21,74;6,12;Bok Choy;AEROPONIC;5,136
13696,2;706,3;1284,5;28,14;65,08;24,18;6,02;Lettuce;AEROPONIC;5,935
15144,1;571,0;1839,6;22,9;65,63;19,26;6,09;Spinach;AQUAPONIC;4,223
11947,9;739,0;1225,5;22,86;81,27;17,46;5,55;Lettuce;AEROPONIC;5,737
20637,4;777,7;1577,9;19,9;68,92;17,09;6,29;Chinese Cabbage;SOIL_BASED;3,195
10917,6;861,4;1133,7;26,55;67,41;22,03;6,06;Kale;SOIL_BASED;4,246
15092,4;808,5;956,4;23,3;75,51;18,11;6,54;Spinach;AQUAPONIC;4,38
19071,6;772,2;1228,2;23,4;49,02;20,5;5,63;Kale;AEROPONIC;6,045
12545,5;819,9;842,9;24,71;69,73;20,32;5,21;Chinese Cabbage;AEROPONIC;4,186
13565,1;633,2;1363,5;24,35;69,85;20,0;6,23;Chinese Cabbage;HYDROPONIC;4,41
11365,0;704,8;1307,8;23,11;75,03;17,85;5,75;Kale;SOIL_BASED;4,468
9605,7;899,2;1440,4;27,2;70,5;24,15;6,25;Kale;AQUAPONIC;5,455
10113,8;716,2;1276,4;19,01;58,4;13,08;6,32;Kale;AEROPONIC;6,141
20050,1;742,0;1202,4;24,09;53,9;19,91;6,7;Chinese Cabbage;HYDROPONIC;4,333
8921,1;856,0;1299,8;24,64;73,42;19,28;6,38;Bok Choy;AQUAPONIC;4,542
11909,1;670,1;1573,8;22,35;63,82;16,97;6,4;Kale;AQUAPONIC;5,453
9776,2;709,9;1546,6;25,23;65,21;22,43;5,13;Spinach;SOIL_BASED;3,52
11731,7;525,7;1612,4;25,36;60,71;21,59;5,82;Chinese Cabbage;AEROPONIC;4,533
13492,0;937,3;693,0;26,61;68,12;21,46;6,37;Lettuce;AQUAPONIC;4,992
15054,7;961,5;1558,2;23,19;67,38;19,21;6,05;Lettuce;HYDROPONIC;5,684
19484,1;915,7;1461,3;22,89;57,62;17,98;6,63;Spinach;HYDROPONIC;4,758
17760,0;804,9;1812,2;25,01;74,55;21,12;6,04;Bok Choy;AQUAPONIC;4,037
16985,3;609,4;1143,4;22,95;61,93;18,59;5,93;Kale;HYDROPONIC;5,885
17132,5;709,8;1201,4;19,24;80,12;16,03;5,87;Chinese Cabbage;AQUAPONIC;4,148
8467,9;651,7;1348,9;25,91;69,8;21,83;5,71;Kale;HYDROPONIC;6,114
14713,0;662,7;651,6;18,36;67,26;14,93;6,16;Chinese Cabbage;AQUAPONIC;4,052
19088,8;723,7;568,2;24,62;55,17;20,36;6,17;Lettuce;AQUAPONIC;4,937
21176,6;717,1;1361,5;30,61;72,59;26,16;5,3;Kale;AQUAPONIC;5,547
18776,5;934,9;978,7;24,99;67,66;19,14;5,91;Spinach;HYDROPONIC;4,601
12733,1;785,8;932,0;21,56;69,46;17,35;6,26;Bok Choy;AQUAPONIC;4,396
17018,1;974,9;1420,9;22,24;79,19;18,93;6,12;Spinach;SOIL_BASED;3,483
11540,4;674,8;867,2;24,54;75,39;19,93;6,11;Bok Choy;AQUAPONIC;4,464
19377,5;833,4;1461,5;23,44;77,48;20,32;5,86;Kale;AEROPONIC;6,452
11278,9;746,5;1054,8;25,62;47,5;21,78;5,84;Kale;AEROPONIC;6,191
10912,4;852,3;1043,9;27,56;66,22;23,18;5,93;Bok Choy;SOIL_BASED;3,587
18509,2;901,3;1373,6;27,18;54,47;24,01;6,23;Lettuce;AQUAPONIC;4,979
14546,3;944,3;958,3;20,26;72,01;16,54;5,16;Chinese Cabbage;AEROPONIC;4,491
17126,4;727,9;1730,5;23,54;52,0;19,81;5,78;Spinach;AQUAPONIC;4,265
17433,8;778,8;1252,6;24,88;76,95;21,72;7,25;Spinach;AEROPONIC;4,982
10410,3;914,3;1275,4;27,75;81,34;22,2;6,78;Spinach;HYDROPONIC;4,826
14756,1;1054,0;1444,5;24,51;66,44;20,7;6,59;Kale;HYDROPONIC;6,211
11764,0;791,8;1558,5;21,59;70,91;18,38;6,19;Spinach;SOIL_BASED;3,184
7623,2;753,9;1143,8;24,72;81,19;19,06;5,56;Chinese Cabbage;SOIL_BASED;3,238
14151,2;764,2;1459,9;28,59;85,75;23,22;5,96;Chinese Cabbage;AQUAPONIC;3,715
12103,4;492,0;1475,4;22,79;82,33;18,63;5,96;Bok Choy;SOIL_BASED;3,727
16599,3;826,0;1661,5;21,54;72,58;18,49;5,88;Kale;AQUAPONIC;5,629
18466,8;687,9;1158,1;23,41;81,72;17,99;5,8;Chinese Cabbage;HYDROPONIC;4,081
11932,8;617,1;1475,6;21,68;59,79;17,73;6,04;Lettuce;HYDROPONIC;5,666
10574,1;862,0;1428,4;25,82;62,18;22,08;5,69;Kale;AEROPONIC;6,218
14254,8;768,7;1391,0;21,7;75,95;18,02;5,77;Kale;AQUAPONIC;5,683
15562,4;906,2;705,0;27,12;68,23;22,53;5,9;Chinese Cabbage;HYDROPONIC;4,323
16314,7;775,5;1606,8;24,89;73,74;21,26;6,01;Lettuce;HYDROPONIC;5,426
21626,7;605,0;1550,3;25,45;75,78;21,59;6,24;Bok Choy;AQUAPONIC;4,41
18590,0;803,7;1451,6;25,43;75,91;22,38;5,71;Chinese Cabbage;AEROPONIC;4,33
14454,0;501,0;1121,7;25,89;52,26;22,75;5,93;Lettuce;AEROPONIC;5,749
22718,3;892,4;1708,4;22,63;73,79;17,7;5,89;Kale;AEROPONIC;6,12
17524,2;980,4;1264,9;20,76;62,63;16,69;6,34;Lettuce;AEROPONIC;5,54
17937,3;738,4;1406,5;22,17;70,17;18,76;6,12;Kale;HYDROPONIC;6,025
21513,2;808,3;982,3;26,09;64,22;22,22;5,09;Chinese Cabbage;AQUAPONIC;3,79
16091,6;974,4;1198,4;18,55;64,41;14,67;5,59;Chinese Cabbage;AQUAPONIC;3,895
15162,3;777,7;1297,6;17,9;62,73;14,76;6,17;Spinach;HYDROPONIC;4,562
15658,5;532,8;1051,0;24,13;74,45;20,29;5,69;Spinach;HYDROPONIC;4,547
14383,1;984,0;1108,5;25,86;66,57;21,88;5,33;Spinach;HYDROPONIC;4,955
12749,1;706,3;1419,3;26,24;65,88;23,68;5,93;Chinese Cabbage;SOIL_BASED;3,086
10335,7;746,5;1551,9;20,84;65,18;16,8;5,75;Bok Choy;AQUAPONIC;4,409
18456,3;1012,7;901,3;20,2;72,99;16,36;6,5;Chinese Cabbage;AQUAPONIC;4,084
18641,3;1136,6;1877,0;21,58;60,74;17,59;6,44;Lettuce;AQUAPONIC;4,956
12706,9;674,3;1055,1;22,4;81,51;17,8;6,09;Chinese Cabbage;AEROPONIC;4,404
14688,2;924,1;1010,8;22,56;62,43;17,83;5,99;Chinese Cabbage;HYDROPONIC;4,611
12351,0;821,3;1677,9;23,84;64,28;20,42;6,51;Kale;HYDROPONIC;6,262
16462,6;1037,9;1459,2;27,44;68,18;22,77;5,92;Kale;HYDROPONIC;5,858
16509,4;741,9;1532,7;23,33;72,03;19,44;6,32;Kale;SOIL_BASED;4,264
13306,2;830,4;1060,4;26,13;66,44;20,72;6,14;Chinese Cabbage;AQUAPONIC;3,96
13619,7;708,9;1397,5;25,33;66,0;20,55;6,17;Bok Choy;HYDROPONIC;4,869
13749,0;1045,7;1944,6;21,51;77,2;17,33;6,47;Lettuce;SOIL_BASED;4,066
12456,8;705,0;1058,1;25,3;48,69;21,35;5,67;Lettuce;HYDROPONIC;5,351
15793,9;706,3;1470,3;25,11;63,1;21,51;6,52;Bok Choy;AEROPONIC;5,335
7007,5;880,4;1078,7;23,5;60,99;19,68;6,02;Bok Choy;AQUAPONIC;4,36
14755,7;663,3;1008,4;23,99;64,56;21,22;6,1;Lettuce;SOIL_BASED;4,07
20608,8;831,6;1215,4;23,34;79,84;19,02;6,02;Spinach;HYDROPONIC;4,822
16870,6;731,6;1272,0;20,44;62,2;16,89;5,75;Kale;AQUAPONIC;5,676
11151,8;693,2;1236,1;30,12;67,2;25,86;6,72;Kale;SOIL_BASED;4,093
11267,6;760,1;1261,3;26,46;72,66;23,04;5,49;Lettuce;AQUAPONIC;5,125
12671,0;623,6;1852,4;24,98;61,34;20,49;6,04;Bok Choy;AQUAPONIC;4,523
12247,7;606,1;1724,0;22,37;48,56;17,75;6,39;Spinach;AEROPONIC;4,682
16905,8;698,7;1325,4;23,24;46,25;18,77;6,04;Lettuce;AQUAPONIC;4,929
11767,3;1092,4;1304,9;20,22;79,32;15,83;6,96;Kale;SOIL_BASED;4,635
16819,1;684,1;1657,4;24,82;71,85;22,44;5,85;Chinese Cabbage;AQUAPONIC;4,129
13980,9;1040,0;1471,2;24,44;65,21;20,18;5,58;Bok Choy;SOIL_BASED;3,62
15613,2;873,4;1349,3;22,92;65,09;19,3;5,66;Chinese Cabbage;AQUAPONIC;3,869
16810,3;745,3;1864,1;23,58;60,77;19,49;6,25;Lettuce;HYDROPONIC;5,591
16189,7;699,1;1055,7;22,66;69,37;18,8;6,76;Kale;AEROPONIC;6,269
20357,2;795,6;1276,6;22,12;74,15;18,58;6,29;Spinach;HYDROPONIC;4,683
19296,8;1056,9;1244,3;21,33;60,39;17,59;5,59;Chinese Cabbage;AEROPONIC;4,267
11770,9;584,7;1401,8;20,64;70,2;16,19;5,81;Spinach;SOIL_BASED;3,059
22143,9;732,6;1005,2;21,53;60,66;16,48;6,57;Kale;AEROPONIC;5,945
15137,3;911,6;1402,7;21,75;67,22;17,62;5,79;Chinese Cabbage;AQUAPONIC;4,254
15942,3;761,3;1209,1;26,55;63,23;20,73;5,77;Spinach;AQUAPONIC;4,129
17836,6;799,5;1549,5;21,77;75,73;18,13;6,85;Spinach;HYDROPONIC;4,975
11141,4;458,0;1198,8;17,8;68,06;12,52;5,63;Chinese Cabbage;AEROPONIC;4,513
20643,4;809,7;1131,4;24,32;58,21;20,77;6,31;Kale;SOIL_BASED;4,402
15690,2;846,6;1459,6;25,25;67,3;21,14;5,94;Spinach;SOIL_BASED;3,401
19483,1;764,4;1309,3;26,21;76,39;22,56;6,34;Lettuce;AQUAPONIC;5,368
14404,9;737,3;1212,6;23,97;57,73;20,02;6,64;Chinese Cabbage;SOIL_BASED;3,25
11642,9;960,7;1229,0;20,31;65,66;15,53;6,39;Bok Choy;AQUAPONIC;4,541
16962,5;866,1;1154,5;21,26;64,62;17,09;5,32;Bok Choy;AQUAPONIC;4,567
11455,7;836,9;1816,0;25,18;69,78;21,19;6,51;Kale;AQUAPONIC;5,459
13318,4;1087,7;1422,8;27,59;66,19;22,33;6,57;Lettuce;HYDROPONIC;5,6
5870,7;733,8;1479,7;20,3;71,11;16,94;6,11;Spinach;HYDROPONIC;4,662
19736,3;781,9;1415,6;24,09;61,91;20,87;6,23;Bok Choy;AQUAPONIC;4,913
13135,6;1031,3;1353,3;21,95;66,53;19,04;5,83;Kale;AQUAPONIC;5,762
13849,8;722,9;1171,1;21,19;66,25;17,13;5,96;Lettuce;AQUAPONIC;5,099
15072,2;1057,2;1100,3;23,6;83,22;19,48;5,6;Lettuce;SOIL_BASED;4,038
16841,7;767,1;1169,9;23,13;70,66;20,62;6,32;Kale;AQUAPONIC;5,691
10473,3;951,1;1451,7;17,83;75,18;14,64;6,04;Kale;AQUAPONIC;5,291
9872,3;893,1;1167,6;24,06;83,65;20,17;6,15;Spinach;AEROPONIC;4,823
18797,8;660,0;1616,8;24,42;70,14;19,42;6,23;Kale;AEROPONIC;6,275
13057,6;839,3;1720,6;25,59;66,05;19,85;5,69;Spinach;AEROPONIC;4,853
16084,1;847,2;830,2;21,9;59,61;16,86;6,14;Spinach;AEROPONIC;4,57
13213,2;856,0;1696,6;19,05;57,52;12,89;5,59;Chinese Cabbage;AQUAPONIC;3,622
17171,9;1094,3;991,6;22,32;49,66;18,68;5,27;Lettuce;AEROPONIC;5,699
13141,9;872,9;1211,9;25,48;75,52;20,9;6,44;Lettuce;SOIL_BASED;4,081
15593,1;762,6;1319,0;23,29;71,89;18,62;5,19;Lettuce;SOIL_BASED;4,089
16700,4;625,4;738,1;25,88;66,02;22,39;5,44;Chinese Cabbage;AEROPONIC;4,179
15490,2;792,6;1101,6;19,86;65,8;15,34;5,45;Spinach;HYDROPONIC;4,647
16081,8;705,1;1324,2;25,77;59,5;22,09;5,98;Spinach;SOIL_BASED;3,387
14416,1;657,5;962,6;24,2;72,21;20,58;5,96;Kale;SOIL_BASED;4,616
9659,9;765,7;951,5;22,51;62,88;19,2;5,67;Chinese Cabbage;AEROPONIC;4,442
9058,4;573,0;1762,3;26,5;65,76;22,51;6,33;Kale;AEROPONIC;6,118
10324,2;486,4;1314,6;24,17;58,56;19,53;6,08;Chinese Cabbage;AQUAPONIC;3,923
12042,8;819,5;1542,9;20,74;60,05;17,47;6,33;Kale;SOIL_BASED;4,192
17833,8;1129,7;1781,6;26,25;75,92;22,41;6,26;Bok Choy;AEROPONIC;5,076
7370,2;916,4;1491,5;22,82;77,46;19,06;6,57;Lettuce;AEROPONIC;5,786
16144,2;654,4;1149,9;23,6;57,48;19,31;5,37;Lettuce;AQUAPONIC;5,15
12263,1;906,8;1125,5;21,08;73,05;17,3;5,81;Spinach;SOIL_BASED;3,724
16203,6;1172,5;1419,3;23,36;61,71;20,24;6,32;Bok Choy;AEROPONIC;5,189
19972,2;709,5;1460,9;20,85;63,76;16,42;5,31;Lettuce;AQUAPONIC;5,111
15179,1;595,3;1349,0;23,02;78,21;19,19;5,89;Spinach;AEROPONIC;5,013
17679,9;868,4;1480,2;23,59;65,57;19,34;5,42;Bok Choy;HYDROPONIC;4,97
12150,6;1067,6;1249,6;25,2;65,5;20,51;6,26;Lettuce;HYDROPONIC;5,79
12432,1;827,8;1283,7;19,56;54,05;15,02;6,49;Kale;AEROPONIC;6,069
18502,7;773,1;1170,6;26,31;65,13;22,83;5,93;Chinese Cabbage;SOIL_BASED;2,949
21860,8;711,1;1054,9;26,4;62,68;22,23;5,92;Bok Choy;HYDROPONIC;5,044
17345,6;637,4;1049,4;22,97;71,9;19,34;6,63;Spinach;AQUAPONIC;4,169
8169,1;682,8;1184,3;23,86;63,39;19,29;5,99;Bok Choy;AEROPONIC;5,456
10738,2;756,6;1471,6;24,36;78,4;19,86;5,9;Spinach;AQUAPONIC;4,212
13217,2;1060,0;1289,1;23,73;71,37;20,32;6,44;Bok Choy;HYDROPONIC;4,884
16015,5;415,0;1170,9;25,19;69,68;21,57;6,41;Spinach;SOIL_BASED;3,709
12401,0;1129,7;1212,7;22,42;73,97;18,86;6,27;Lettuce;AQUAPONIC;5,373
16589,5;931,1;808,2;21,37;69,71;16,84;6,03;Kale;HYDROPONIC;6,041
10761,4;735,2;1141,8;24,7;74,18;19,82;6,5;Lettuce;HYDROPONIC;5,786
18023,0;858,2;1477,6;19,23;66,75;14,28;6,1;Kale;HYDROPONIC;5,805
15098,2;665,4;979,6;25,23;67,25;21,78;5,99;Lettuce;AQUAPONIC;5,294
16926,1;1083,1;873,5;25,52;61,16;22,56;6,11;Lettuce;HYDROPONIC;5,415
8022,1;576,3;961,0;21,31;61,93;17,48;6,37;Bok Choy;AEROPONIC;5,03
15560,1;566,7;1151,8;27,48;79,05;22,82;6,26;Chinese Cabbage;HYDROPONIC;4,249
11871,5;880,8;1263,6;22,52;71,97;19,19;6,54;Spinach;AEROPONIC;4,678
14552,5;799,9;1340,3;22,28;54,92;17,46;6,13;Spinach;SOIL_BASED;3,546
12959,2;793,0;1463,2;21,67;76,99;19,06;5,79;Spinach;AEROPONIC;5,01
11818,9;739,2;1216,5;24,75;69,07;19,55;6,0;Kale;SOIL_BASED;4,453
14338,6;676,9;1469,6;22,4;61,26;18,23;5,9;Spinach;SOIL_BASED;3,427
16756,6;731,4;969,5;19,48;83,18;14,39;5,97;Spinach;AEROPONIC;4,742
19349,9;954,6;1592,5;24,46;78,7;20,11;5,99;Bok Choy;SOIL_BASED;3,699
12728,1;965,5;1373,4;22,68;74,42;18,65;6,27;Lettuce;AEROPONIC;5,82
18224,5;911,9;758,2;26,54;69,35;22,05;6,05;Spinach;AQUAPONIC;4,065
18900,0;690,4;1308,0;24,36;70,89;18,91;6,13;Chinese Cabbage;SOIL_BASED;3,171
11056,1;610,8;1882,5;24,25;49,58;21,07;6,06;Spinach;AEROPONIC;4,744
15483,7;1042,1;1813,1;26,34;74,36;21,6;6,13;Kale;SOIL_BASED;4,064
17399,4;543,9;1275,3;23,95;69,54;19,1;6,16;Kale;HYDROPONIC;6,175
13709,2;748,0;1435,4;25,69;70,06;21,62;6,28;Kale;AEROPONIC;6,408
14225,0;804,7;991,1;21,68;69,88;18,1;6,55;Spinach;HYDROPONIC;4,979
16377,6;1243,3;947,7;28,11;64,02;24,63;6,54;Bok Choy;SOIL_BASED;3,474
14499,6;782,1;1230,8;24,27;59,93;21,38;5,94;Chinese Cabbage;SOIL_BASED;3,128
14178,3;880,5;1153,2;20,14;68,79;16,44;5,46;Spinach;AQUAPONIC;4,092
12216,9;858,9;1318,6;23,89;56,67;19,67;5,34;Bok Choy;AEROPONIC;4,878
12503,1;971,6;1443,5;24,02;70,39;20,33;6,22;Bok Choy;HYDROPONIC;4,906
12231,9;916,1;1433,9;23,85;59,26;19,86;6,0;Spinach;AQUAPONIC;4,286
13200,5;870,9;1545,2;17,06;76,21;14,21;6,69;Spinach;SOIL_BASED;3,19
14247,8;834,2;1411,8;21,97;55,88;17,21;6,49;Bok Choy;SOIL_BASED;3,599
12428,7;890,6;1573,3;19,63;67,63;15,13;5,44;Bok Choy;AQUAPONIC;4,319
11389,7;733,6;1547,5;19,67;68,64;16,84;6,15;Bok Choy;HYDROPONIC;5,049
11470,8;370,2;1230,0;23,97;78,36;19,37;5,74;Spinach;SOIL_BASED;3,545
14435,4;682,0;747,9;21,93;70,17;17,06;6,24;Bok Choy;SOIL_BASED;3,447
9145,0;859,2;962,5;22,48;61,09;18,28;6,51;Kale;AEROPONIC;5,802
17465,3;685,0;1433,2;20,99;60,42;16,68;5,34;Spinach;AQUAPONIC;4,111
18907,6;769,9;1323,5;27,36;80,3;23,67;6,28;Kale;SOIL_BASED;4,344
18962,5;745,2;1811,3;23,61;67,68;18,68;6,99;Lettuce;HYDROPONIC;5,62
13321,4;728,9;870,3;19,24;66,35;15,31;5,93;Spinach;AEROPONIC;4,914
12626,3;879,3;1511,9;25,3;62,09;21,63;6,25;Lettuce;AQUAPONIC;4,76
12445,0;810,7;1275,7;22,54;57,69;19,24;5,85;Bok Choy;HYDROPONIC;4,886
11053,3;780,9;1070,6;26,84;84,16;22,68;5,92;Bok Choy;SOIL_BASED;3,915
16944,5;448,2;1740,3;23,48;68,54;19,56;5,98;Chinese Cabbage;AQUAPONIC;3,957
7760,1;534,9;995,6;21,55;58,64;18,29;5,99;Bok Choy;AQUAPONIC;4,413
12651,4;860,2;1368,4;21,98;74,31;17,37;5,85;Lettuce;HYDROPONIC;5,932
12466,7;632,3;1604,8;22,37;73,08;17,11;6,38;Bok Choy;AQUAPONIC;4,703
12926,8;877,5;1062,6;24,87;57,38;20,08;5,41;Spinach;HYDROPONIC;4,591
12481,6;701,3;802,9;21,3;63,03;16,62;6,72;Bok Choy;SOIL_BASED;3,819
15008,7;696,9;1440,3;26,98;71,9;23,36;6,0;Chinese Cabbage;AEROPONIC;4,415
16653,3;539,8;1576,2;24,53;74,17;20,64;6,29;Bok Choy;HYDROPONIC;4,711
15604,9;760,1;1148,3;24,13;61,52;20,61;5,81;Lettuce;AEROPONIC;5,552
11059,7;492,5;869,9;23,7;52,15;19,04;6,25;Lettuce;AQUAPONIC;5,033
8294,8;624,0;1344,2;23,44;70,09;19,76;6,6;Bok Choy;HYDROPONIC;5,282
20557,5;709,5;1203,5;19,95;75,28;14,8;6,84;Lettuce;SOIL_BASED;4,213
17800,7;863,1;796,0;24,32;67,5;20,61;6,51;Lettuce;HYDROPONIC;5,45
21101,9;813,5;1430,7;28,89;65,4;24,35;6,27;Chinese Cabbage;HYDROPONIC;4,479
16054,2;765,7;1094,2;25,44;81,49;19,54;6,25;Spinach;HYDROPONIC;4,909
19440,1;888,7;1439,1;24,73;50,9;18,86;5,75;Chinese Cabbage;AEROPONIC;4,489
8242,7;686,5;1878,0;19,2;74,15;15,47;5,42;Kale;AEROPONIC;6,3
9826,4;817,6;1271,7;26,54;74,66;21,1;5,89;Chinese Cabbage;AQUAPONIC;4,112
12292,0;624,5;1301,8;25,75;61,44;21,58;6,33;Bok Choy;AQUAPONIC;4,639
14955,7;753,5;1311,1;26,77;48,34;22,71;6,35;Spinach;AQUAPONIC;4,053
12111,2;660,0;1253,4;20,97;74,44;16,61;5,02;Bok Choy;AQUAPONIC;4,682
18061,2;798,6;977,0;22,38;70,74;18,12;5,53;Kale;HYDROPONIC;6,205
17765,7;839,5;1360,5;19,34;80,08;16,4;5,97;Spinach;AEROPONIC;4,699
17876,2;864,7;1133,1;19,1;63,2;15,21;5,8;Lettuce;AEROPONIC;6,124
16878,4;699,8;1163,6;21,88;69,48;18,26;5,7;Chinese Cabbage;AEROPONIC;4,379
15579,7;864,0;1088,9;24,81;53,74;20,66;6,44;Bok Choy;AEROPONIC;5,234
20245,2;810,3;1398,3;22,33;74,15;18,8;6,02;Kale;AQUAPONIC;5,33
20745,2;717,3;1076,6;21,63;54,98;17,64;6,43;Lettuce;HYDROPONIC;5,604
13652,7;735,1;1379,2;24,45;67,69;20,25;5,35;Chinese Cabbage;AEROPONIC;4,556
11444,6;882,9;1408,4;15,0;59,15;12,0;6,02;Lettuce;SOIL_BASED;3,854
18739,2;813,6;1296,3;21,98;70,87;17,49;5,81;Chinese Cabbage;HYDROPONIC;4,511
21073,5;715,1;913,8;24,45;66,4;19,58;6,14;Spinach;SOIL_BASED;3,323
23245,7;982,8;1122,8;22,37;66,06;19,43;5,04;Lettuce;HYDROPONIC;5,351
16718,8;509,2;1257,7;27,14;67,47;23,4;6,88;Lettuce;HYDROPONIC;5,46
13883,5;669,5;937,5;21,65;68,27;17,7;5,92;Lettuce;HYDROPONIC;5,861
10525,7;650,9;1361,4;21,84;79,95;17,11;6,24;Spinach;SOIL_BASED;3,352
14239,7;612,5;1653,2;20,74;72,01;16,93;6,48;Kale;AEROPONIC;6,301
11307,9;707,5;1411,3;21,38;62,19;17,6;6,61;Chinese Cabbage;AEROPONIC;4,639
10712,1;1009,2;958,8;24,28;62,86;21,27;5,89;Lettuce;SOIL_BASED;4,2
17869,4;622,7;1911,2;25,76;76,62;20,71;6,53;Spinach;AEROPONIC;5,027
12837,9;830,1;1144,1;29,53;58,9;25,22;6,52;Kale;AQUAPONIC;5,384
14418,4;811,6;1345,6;25,12;68,1;21,46;5,99;Chinese Cabbage;AEROPONIC;4,562
20068,5;963,3;1103,2;20,2;53,65;14,85;6,18;Spinach;AQUAPONIC;4,297
7193,0;859,5;1334,7;26,98;67,0;22,06;5,7;Chinese Cabbage;AQUAPONIC;3,839
11164,2;900,5;1638,9;24,86;58,62;19,89;5,93;Lettuce;AQUAPONIC;5,403
17315,8;1042,6;1001,5;23,58;62,48;20,56;6,24;Kale;SOIL_BASED;4,23
12782,8;676,7;1158,0;26,49;69,61;21,96;6,66;Spinach;AEROPONIC;4,567
12668,7;765,8;1323,1;30,13;73,14;26,7;6,02;Kale;AEROPONIC;6,168
15643,8;681,8;831,1;22,97;61,92;18,75;5,94;Lettuce;SOIL_BASED;4,363
13932,1;495,7;1494,1;21,17;77,54;18,09;6,09;Kale;SOIL_BASED;4,052
7588,8;550,1;1091,7;27,22;57,93;23,06;5,52;Kale;AEROPONIC;5,848
12327,8;774,9;1292,8;30,94;74,65;26,85;5,63;Bok Choy;SOIL_BASED;3,369
9222,2;630,1;993,2;23,91;64,45;19,17;5,89;Kale;SOIL_BASED;3,866
17527,5;669,9;983,4;23,59;76,12;19,73;5,7;Chinese Cabbage;AQUAPONIC;4,164
9646,7;942,8;1276,7;23,98;64,44;19,92;5,37;Spinach;SOIL_BASED;3,446
9635,9;828,5;1685,0;24,76;62,09;21,05;6,11;Bok Choy;AQUAPONIC;4,526
10090,5;960,6;1031,5;19,56;73,18;15,4;6,9;Spinach;HYDROPONIC;4,618
17447,0;856,2;1517,7;24,36;71,75;20,26;6,11;Spinach;AQUAPONIC;4,308
12267,4;823,0;1620,7;24,27;63,4;19,06;5,19;Lettuce;AQUAPONIC;5,332
19156,8;956,2;1534,0;24,1;72,61;20,35;6,4;Lettuce;SOIL_BASED;4,164
17575,6;770,9;1235,5;23,97;66,88;18,81;6,31;Bok Choy;AEROPONIC;5,37
18399,1;834,6;1341,5;23,77;69,25;19,97;6,35;Lettuce;HYDROPONIC;5,46
13281,0;709,4;1677,6;17,62;70,87;12,28;5,66;Lettuce;HYDROPONIC;5,339
10197,4;780,8;1526,9;21,48;56,05;16,31;6,32;Lettuce;HYDROPONIC;5,528
13387,8;717,7;1285,5;25,9;68,02;20,92;6,39;Spinach;AEROPONIC;4,893
4336,1;822,5;975,1;26,55;55,57;22,82;6,22;Bok Choy;HYDROPONIC;5,046
16467,2;587,2;1757,4;22,32;59,08;18,01;6,15;Spinach;HYDROPONIC;4,751
15430,7;734,1;1310,6;20,82;67,07;15,61;6,07;Chinese Cabbage;AEROPONIC;4,507
12164,2;884,1;1137,9;25,51;76,31;21,79;6,74;Spinach;HYDROPONIC;4,756
12704,7;602,2;1417,1;24,26;66,01;19,89;6,03;Chinese Cabbage;SOIL_BASED;3,057
18394,1;852,6;732,4;23,16;64,99;18,49;6,5;Kale;SOIL_BASED;4,14
16211,7;923,7;1460,5;25,91;64,16;22,03;6,3;Kale;AQUAPONIC;5,191
19668,2;988,1;1438,3;20,2;71,33;16,67;6,56;Chinese Cabbage;AQUAPONIC;4,423
11438,5;596,0;1371,2;26,75;58,49;23,33;6,66;Chinese Cabbage;AQUAPONIC;3,899
10045,7;703,4;1524,3;19,29;56,05;13,82;6,35;Spinach;SOIL_BASED;3,326
15773,9;885,2;1353,2;21,19;79,5;15,96;6,22;Chinese Cabbage;SOIL_BASED;3,246
17279,7;695,1;1435,7;20,59;71,52;15,58;6,81;Bok Choy;SOIL_BASED;3,659
15551,8;677,0;1457,2;21,87;62,03;16,61;6,23;Kale;AQUAPONIC;5,536
12982,3;774,1;1551,2;24,36;62,54;19,73;6,33;Kale;AQUAPONIC;5,439
24811,3;722,0;1194,8;25,4;63,28;21,51;6,74;Chinese Cabbage;AQUAPONIC;4,156
21669,8;843,9;1394,4;23,27;56,9;19,29;6,35;Lettuce;AQUAPONIC;5,405
11903,2;667,4;1160,2;19,92;65,34;16,49;5,33;Lettuce;AQUAPONIC;5,231
12393,4;730,1;1361,3;17,9;68,19;13,06;5,16;Chinese Cabbage;AQUAPONIC;4,233
11837,8;780,3;1275,2;25,87;79,52;22,25;5,49;Bok Choy;SOIL_BASED;3,812
19382,4;737,6;1045,7;25,52;68,9;21,35;5,73;Lettuce;AEROPONIC;5,715
17678,2;650,1;1426,6;26,5;74,31;22,15;6,05;Chinese Cabbage;AEROPONIC;4,299
17098,4;581,2;817,8;23,13;65,52;18,88;6,24;Bok Choy;AQUAPONIC;4,171
13947,0;843,2;995,0;25,37;64,1;20,47;5,65;Bok Choy;AEROPONIC;5,107
17573,5;711,7;1465,3;21,71;67,95;16,33;6,27;Spinach;AEROPONIC;4,96
15776,1;790,0;1106,9;24,85;75,28;20,63;5,73;Bok Choy;SOIL_BASED;3,71
13885,9;591,3;1418,0;22,16;62,91;17,3;6,46;Lettuce;AQUAPONIC;5,078
15834,5;900,1;1877,0;21,22;69,89;16,92;6,53;Lettuce;AQUAPONIC;5,205
20091,0;771,2;737,2;24,15;69,66;19,89;6,47;Chinese Cabbage;AEROPONIC;4,786
17289,9;710,0;1355,6;24,0;67,79;19,5;5,98;Chinese Cabbage;AQUAPONIC;4,124
11086,8;1015,8;1760,4;26,05;75,34;20,12;7,13;Bok Choy;AQUAPONIC;4,343
11526,9;680,7;1344,9;19,9;68,36;14,54;5,64;Kale;AQUAPONIC;5,766
17156,4;838,3;1281,7;26,1;66,8;21,55;5,84;Spinach;AQUAPONIC;4,085
12172,7;817,7;1175,7;23,86;67,55;19,78;6,41;Kale;AEROPONIC;6,273
15775,4;690,9;1073,6;26,49;50,0;22,59;6,09;Bok Choy;HYDROPONIC;4,469
12380,7;766,3;742,3;26,46;66,65;22,41;6,69;Bok Choy;AEROPONIC;4,896
17365,9;799,5;1156,3;16,69;58,95;12,0;5,24;Kale;SOIL_BASED;4,293
10821,6;847,5;1295,4;26,44;66,24;22,22;6,13;Spinach;HYDROPONIC;4,564
15577,9;767,2;1319,4;26,56;67,8;22,52;5,64;Kale;HYDROPONIC;5,953
12952,2;798,2;1521,7;19,98;71,9;15,6;5,98;Chinese Cabbage;HYDROPONIC;4,141
14311,3;820,9;1507,4;19,13;85,12;14,99;6,09;Lettuce;AEROPONIC;5,823
14936,4;450,0;1337,3;25,67;79,43;21,63;6,03;Chinese Cabbage;SOIL_BASED;2,992
18451,7;712,6;1365,3;23,82;67,91;18,57;5,74;Lettuce;AEROPONIC;5,777
14215,8;796,0;1264,8;21,7;72,75;17,88;6,17;Bok Choy;SOIL_BASED;3,167
17944,4;422,5;1083,6;27,53;64,6;24,31;6,62;Spinach;AEROPONIC;4,796
11391,1;796,6;1523,7;24,35;69,63;20,0;5,93;Kale;AEROPONIC;6,281
8743,7;1066,3;1238,1;17,66;69,82;13,98;6,82;Spinach;AEROPONIC;4,881
16119,1;888,6;1348,9;20,65;59,67;16,6;6,39;Kale;HYDROPONIC;6,021
13424,4;664,0;1952,0;26,42;64,08;21,36;6,01;Chinese Cabbage;AEROPONIC;4,164
10833,8;1102,4;1517,1;23,6;53,57;18,82;5,93;Chinese Cabbage;SOIL_BASED;3,322
10893,9;572,3;1226,8;21,48;66,51;17,31;6,29;Kale;SOIL_BASED;4,475
11370,4;699,6;883,9;24,77;67,69;21,08;5,88;Spinach;SOIL_BASED;3,304
15591,8;971,4;1568,7;21,8;67,38;17,84;6,38;Kale;HYDROPONIC;6,091
13246,5;782,6;520,0;20,01;59,49;12,93;5,92;Bok Choy;AEROPONIC;5,083
9478,5;892,6;1170,4;26,35;67,32;20,7;5,81;Chinese Cabbage;AEROPONIC;4,152
12486,3;927,9;791,1;26,77;69,38;22,72;6,07;Bok Choy;AQUAPONIC;4,479
11866,3;898,1;1153,2;24,85;71,92;20,34;6,7;Chinese Cabbage;HYDROPONIC;4,556
10764,7;585,9;1149,9;19,2;70,28;17,02;5,64;Chinese Cabbage;SOIL_BASED;2,988
17892,1;671,0;1318,6;28,68;65,34;24,76;5,58;Lettuce;SOIL_BASED;4,28
14175,9;747,4;1226,1;28,58;66,79;23,74;5,85;Bok Choy;AEROPONIC;5,046
22451,2;854,0;1526,2;27,06;70,17;23,1;5,59;Bok Choy;SOIL_BASED;3,437
17164,6;778,4;1446,5;24,35;64,39;20,06;6,3;Lettuce;AEROPONIC;5,747
17344,3;635,8;1498,3;23,76;60,75;19,51;6,04;Spinach;AEROPONIC;4,708
15029,9;699,9;913,1;24,72;64,78;19,8;6,22;Bok Choy;AQUAPONIC;4,343
19409,9;899,4;1245,7;20,3;71,29;17,48;6,23;Kale;HYDROPONIC;5,823
18871,1;451,8;1443,0;21,97;74,13;18,39;5,92;Lettuce;AEROPONIC;5,652
15294,3;765,2;1302,6;21,86;75,92;17,31;5,78;Bok Choy;AEROPONIC;5,293
4854,2;916,1;1127,5;25,2;60,79;21,63;6,69;Spinach;AEROPONIC;4,841
7394,4;944,9;1083,6;24,19;84,36;19,01;6,22;Bok Choy;AQUAPONIC;4,512
11943,8;511,1;1761,1;20,82;61,99;16,8;5,4;Chinese Cabbage;AEROPONIC;4,393
15308,3;668,3;1402,4;19,04;66,07;16,27;6,07;Kale;HYDROPONIC;5,947
9517,6;1028,9;732,3;24,5;78,11;20,65;5,72;Lettuce;HYDROPONIC;5,495
15982,3;560,8;954,9;20,52;53,83;15,22;6,25;Chinese Cabbage;SOIL_BASED;2,816
14878,7;843,5;735,0;19,99;69,11;17,04;6,47;Spinach;HYDROPONIC;4,744
14039,8;917,2;918,2;29,37;65,55;24,95;5,83;Chinese Cabbage;SOIL_BASED;3,038
14700,1;882,4;974,1;29,97;56,14;25,45;6,38;Chinese Cabbage;HYDROPONIC;4,047
6096,3;855,7;1596,8;22,24;56,27;18,17;6,55;Spinach;SOIL_BASED;3,305
20068,2;779,7;1418,7;18,39;77,54;14,48;6,2;Chinese Cabbage;AEROPONIC;4,285
13218,2;806,9;1058,9;26,89;72,39;22,76;5,83;Lettuce;AQUAPONIC;4,834
15108,6;640,9;1073,9;24,44;76,06;20,38;6,68;Bok Choy;AQUAPONIC;4,366
14872,5;794,8;1122,5;25,66;59,16;20,85;6,68;Chinese Cabbage;AQUAPONIC;3,768
12370,7;942,4;1047,4;21,72;70,45;17,46;6,09;Lettuce;AEROPONIC;6,097
14839,6;550,2;1206,4;20,59;87,19;15,27;6,11;Bok Choy;AQUAPONIC;4,438
10985,0;729,7;1063,2;22,83;65,98;18,5;6,2;Bok Choy;HYDROPONIC;4,745
14173,8;665,3;1217,0;23,99;68,43;19,67;5,95;Chinese Cabbage;SOIL_BASED;3,473
14745,4;937,1;938,2;21,45;68,09;16,56;6,02;Lettuce;AEROPONIC;5,95
13472,4;703,6;1262,6;27,13;67,07;24,09;5,85;Chinese Cabbage;AQUAPONIC;3,986
14709,9;1119,2;1337,4;18,64;61,37;14,55;6,56;Spinach;HYDROPONIC;4,644
16732,4;1014,5;1011,5;24,65;68,37;20,72;5,48;Bok Choy;HYDROPONIC;4,647
18538,5;639,3;1095,2;23,85;81,84;20,27;5,91;Chinese Cabbage;AEROPONIC;4,521
21568,1;615,8;1230,8;26,91;67,57;22,91;6,48;Bok Choy;AEROPONIC;5,21
16767,6;971,1;1505,1;20,81;78,38;15,07;6,11;Lettuce;AQUAPONIC;5,203
13463,7;750,6;1576,0;25,48;92,28;21,97;5,68;Kale;SOIL_BASED;4,073
10528,6;614,2;1253,5;24,84;61,08;20,98;5,9;Chinese Cabbage;AQUAPONIC;4,093
12715,8;610,0;1353,8;24,18;72,59;18,27;6,65;Chinese Cabbage;AQUAPONIC;4,155
9743,5;951,9;1242,0;21,02;58,1;16,63;6,55;Bok Choy;AEROPONIC;4,956
13493,6;814,9;1596,8;21,34;66,8;16,11;6,03;Lettuce;AQUAPONIC;5,176
15537,9;622,0;1713,3;22,67;89,21;17,76;5,68;Spinach;AQUAPONIC;4,015
15795,0;781,7;1491,0;22,09;73,5;18,0;6,45;Lettuce;SOIL_BASED;4,109
15176,3;771,4;1393,3;27,03;70,6;22,04;5,89;Chinese Cabbage;HYDROPONIC;3,855
15218,8;903,8;1395,0;23,88;57,95;19,06;6,91;Spinach;HYDROPONIC;4,776
15577,7;654,0;1314,5;25,73;62,86;20,19;5,82;Lettuce;SOIL_BASED;3,867
18799,1;673,6;1082,0;19,44;60,9;15,39;6,28;Kale;HYDROPONIC;6,031
11261,2;706,2;1141,7;18,34;59,25;14,81;6,61;Bok Choy;AQUAPONIC;4,577
12087,2;840,0;1345,5;23,0;75,04;18,49;6,25;Lettuce;SOIL_BASED;4,508
19934,0;595,5;1147,9;19,92;73,86;15,61;6,18;Lettuce;SOIL_BASED;3,665
12138,3;896,6;928,1;23,61;66,6;20,03;5,61;Kale;AEROPONIC;6,22
19214,2;724,8;1227,7;21,14;63,36;16,37;6,25;Chinese Cabbage;HYDROPONIC;4,219
19021,9;933,8;861,9;24,36;74,17;19,74;6,22;Bok Choy;AEROPONIC;5,131
12475,6;617,2;1774,7;21,31;82,32;17,34;6,11;Lettuce;AQUAPONIC;4,88
15380,8;749,1;1132,7;25,07;76,43;20,39;5,82;Spinach;SOIL_BASED;3,115
16566,6;703,7;1272,6;21,03;68,93;16,67;6,04;Lettuce;AQUAPONIC;5,508
21166,9;1108,2;1590,2;18,28;75,84;14,35;6,36;Bok Choy;HYDROPONIC;4,901
14328,6;791,0;1920,5;25,89;76,23;21,18;6,06;Lettuce;AEROPONIC;5,484
14192,7;623,3;1229,9;21,35;69,3;17,23;6,31;Kale;HYDROPONIC;5,923
17163,0;510,8;1073,3;27,34;69,29;22,7;6,21;Lettuce;AQUAPONIC;5,028
11939,5;832,4;1447,8;21,7;63,51;16,44;5,93;Lettuce;AEROPONIC;6,012
14532,5;673,5;1269,3;21,2;75,04;17,61;6,16;Spinach;HYDROPONIC;4,728
6920,3;626,8;1243,8;22,7;66,57;17,77;5,88;Kale;AQUAPONIC;5,538
22657,6;875,4;1329,8;21,93;59,68;17,74;5,82;Kale;HYDROPONIC;5,992
20137,5;757,6;1394,4;23,85;59,97;19,71;6,36;Lettuce;SOIL_BASED;4,065
14454,6;806,7;1805,7;24,63;67,66;19,6;6,23;Spinach;AEROPONIC;5,084
11271,5;789,7;931,8;25,05;59,96;20,51;6,06;Lettuce;AEROPONIC;5,747
11096,7;747,2;1782,6;23,26;91,12;19,73;6,36;Lettuce;AEROPONIC;5,758
16540,9;957,1;1223,4;19,3;72,14;14,74;5,87;Bok Choy;SOIL_BASED;3,696
11329,0;502,6;1513,1;28,33;63,8;23,92;5,84;Bok Choy;AEROPONIC;5,298
10279,0;533,3;1319,5;22,47;69,56;17,94;5,56;Spinach;SOIL_BASED;3,508
9724,3;695,3;1285,8;22,32;74,25;18,2;5,7;Chinese Cabbage;AEROPONIC;4,564
14891,7;827,4;1330,7;23,25;69,85;19,24;6,04;Bok Choy;HYDROPONIC;5,003
15365,4;870,0;1073,9;22,77;59,84;18,76;6,84;Chinese Cabbage;HYDROPONIC;4,4
21329,9;561,9;1697,2;18,6;67,07;16,04;5,63;Kale;HYDROPONIC;5,687
12201,8;951,0;1426,3;25,11;65,96;20,28;5,35;Bok Choy;HYDROPONIC;4,978
16466,7;1091,5;1379,9;21,2;64,14;17,43;6,0;Bok Choy;SOIL_BASED;3,404
12064,0;830,2;1199,6;22,59;60,96;18,64;6,14;Spinach;AQUAPONIC;4,314
11488,6;705,9;920,0;28,43;75,44;24,24;5,76;Chinese Cabbage;AQUAPONIC;3,795
16086,8;924,6;1456,9;26,14;72,0;20,8;6,53;Bok Choy;HYDROPONIC;5,015
18084,0;948,7;1472,0;28,01;71,94;25,18;5,78;Bok Choy;AQUAPONIC;4,581
13918,1;732,3;1434,6;21,6;52,25;17,96;6,0;Spinach;AQUAPONIC;4,021
9977,3;716,7;1303,8;25,54;64,61;21,12;6,13;Spinach;AEROPONIC;4,837
17241,2;774,6;1222,1;24,63;78,62;22,67;6,62;Chinese Cabbage;SOIL_BASED;3,481
16369,9;908,2;1601,5;23,35;71,34;19,23;6,42;Kale;HYDROPONIC;5,879
16688,5;927,3;1402,8;21,4;58,11;17,54;6,24;Kale;AQUAPONIC;5,494
20755,8;747,6;1353,4;26,54;82,17;22,69;6,2;Lettuce;AQUAPONIC;5,14
11462,4;905,3;899,4;22,06;47,39;17,92;6,36;Bok Choy;HYDROPONIC;4,343
17148,6;701,2;803,4;23,88;69,08;19,37;6,84;Chinese Cabbage;AEROPONIC;4,376
16735,6;1079,1;1884,4;26,06;82,58;22,8;5,44;Bok Choy;HYDROPONIC;4,729
14452,2;636,0;1495,2;20,77;54,67;16,11;5,72;Chinese Cabbage;AEROPONIC;4,565
14787,6;880,6;1617,2;20,45;63,95;16,49;5,73;Chinese Cabbage;AQUAPONIC;4,161
16042,2;747,3;859,1;30,55;56,05;25,23;6,79;Chinese Cabbage;SOIL_BASED;2,717
16692,8;750,3;1538,2;21,09;80,0;16,15;5,49;Bok Choy;AEROPONIC;4,845
11736,1;738,7;1206,1;28,03;61,04;23,99;5,58;Spinach;AEROPONIC;5,141
17885,6;685,6;1309,0;23,35;76,45;18,44;6,07;Bok Choy;HYDROPONIC;5,379
16460,8;662,9;1420,5;22,31;79,81;19,1;6,6;Chinese Cabbage;AQUAPONIC;3,746
12405,6;633,4;1326,8;22,59;57,08;19,3;6,49;Lettuce;SOIL_BASED;3,741
15995,0;762,6;1325,3;23,33;55,29;18,01;5,99;Kale;HYDROPONIC;5,8
16211,2;790,9;1050,8;27,25;72,07;23,4;5,83;Chinese Cabbage;HYDROPONIC;4,285
16083,2;703,6;1439,1;25,62;74,59;20,65;6,22;Lettuce;SOIL_BASED;4,262
14438,9;469,9;1048,3;22,91;67,4;18,97;5,57;Spinach;AQUAPONIC;4,262
11259,9;784,1;1065,4;18,28;68,22;13,6;6,93;Chinese Cabbage;SOIL_BASED;3,036
11602,8;756,6;1307,0;23,56;80,58;19,73;6,24;Lettuce;HYDROPONIC;5,541
20340,8;919,2;952,0;23,87;65,96;20,69;6,87;Chinese Cabbage;HYDROPONIC;4,197
14760,0;761,8;1585,6;27,02;79,7;22,2;5,97;Bok Choy;AEROPONIC;4,726
17973,1;827,1;1587,1;19,38;63,1;14,02;6,0;Lettuce;SOIL_BASED;4,067
14795,7;952,3;1169,4;22,12;88,38;19,15;6,23;Bok Choy;SOIL_BASED;3,382
10829,1;1067,6;1214,8;22,03;60,48;17,69;6,04;Bok Choy;SOIL_BASED;3,976
16487,5;776,7;1289,3;23,34;78,07;19,27;6,03;Lettuce;HYDROPONIC;5,279
14839,3;598,2;768,3;23,75;59,79;18,85;5,55;Kale;AQUAPONIC;5,445
17730,7;986,4;897,4;24,73;74,69;20,12;6,05;Lettuce;HYDROPONIC;5,591
13858,8;350,0;1467,5;18,19;67,93;13,78;5,48;Kale;AEROPONIC;6,058
12718,5;629,0;1381,3;23,98;70,36;20,84;5,8;Chinese Cabbage;HYDROPONIC;4,333
7775,6;663,7;1186,0;24,19;73,66;19,51;5,93;Chinese Cabbage;HYDROPONIC;4,677
17097,1;888,4;1166,4;23,71;70,09;19,69;5,74;Lettuce;HYDROPONIC;5,542
15680,8;757,1;1464,8;23,0;69,34;19,4;6,03;Chinese Cabbage;AEROPONIC;4,682
12546,4;616,1;790,4;15,0;52,21;12,0;6,02;Spinach;SOIL_BASED;3,14
16054,3;1142,5;1769,1;25,09;79,72;21,15;7,1;Bok Choy;AQUAPONIC;4,771
10972,1;725,3;1519,7;20,78;81,0;15,67;6,43;Bok Choy;AQUAPONIC;4,265
21682,5;614,8;1176,2;25,22;67,09;21,09;6,18;Kale;AEROPONIC;6,15
8181,0;602,5;1379,3;27,0;72,73;22,17;5,62;Chinese Cabbage;SOIL_BASED;2,977
12853,9;603,1;1638,8;18,81;79,61;13,86;5,78;Kale;SOIL_BASED;4,356
13415,6;786,0;1007,7;25,13;73,11;20,59;5,52;Bok Choy;AEROPONIC;4,993
13366,8;706,4;1613,8;20,04;63,48;17,18;6,27;Bok Choy;HYDROPONIC;5,045
14204,7;704,9;1276,2;23,38;57,79;19,46;5,83;Chinese Cabbage;SOIL_BASED;3,17
14404,1;798,1;1457,2;23,15;73,39;19,88;6,28;Spinach;AQUAPONIC;4,228
15035,5;746,8;1507,9;25,62;69,18;22,49;6,34;Spinach;AEROPONIC;4,668
13412,1;822,2;1323,3;25,2;67,95;23,25;5,94;Chinese Cabbage;AQUAPONIC;4,107
11713,3;736,6;1564,3;24,23;61,53;20,76;5,89;Chinese Cabbage;HYDROPONIC;4,59
15378,0;732,2;1169,7;18,9;65,1;14,77;6,07;Kale;AEROPONIC;6,092
21435,3;665,0;1273,9;16,46;70,86;12,14;5,79;Chinese Cabbage;AQUAPONIC;3,933
10143,7;758,4;1079,5;26,05;65,5;21,69;5,7;Spinach;AQUAPONIC;4,079
12992,7;857,1;1100,4;25,59;68,28;20,91;5,46;Chinese Cabbage;HYDROPONIC;3,965
16425,9;918,8;1329,7;20,71;67,74;16,58;5,53;Kale;AEROPONIC;6,003
19224,6;790,9;1500,9;24,47;73,59;20,82;6,12;Kale;SOIL_BASED;4,483
25000,0;350,0;945,4;22,91;55,79;18,66;6,25;Kale;SOIL_BASED;3,942
18605,9;1010,9;1382,1;26,54;64,97;23,47;6,06;Kale;AQUAPONIC;5,588
11878,2;679,4;1585,1;23,73;58,63;19,75;5,79;Lettuce;HYDROPONIC;5,309
17581,3;790,3;1623,0;26,02;69,32;20,95;6,43;Chinese Cabbage;AQUAPONIC;3,873
15839,1;867,1;1250,1;21,78;61,11;18,52;6,82;Bok Choy;HYDROPONIC;5,225
11119,3;916,3;1006,2;24,3;75,99;20,38;6,12;Chinese Cabbage;SOIL_BASED;3,103
12969,6;1167,5;1454,0;22,34;64,51;18,35;5,99;Lettuce;AQUAPONIC;4,94
8137,1;814,9;1395,4;21,77;63,1;16,89;6,23;Kale;AQUAPONIC;5,293
8474,0;885,2;1279,7;16,98;60,92;12,97;5,35;Lettuce;HYDROPONIC;5,706
12093,3;812,8;1205,7;26,09;70,13;20,64;6,37;Spinach;AEROPONIC;5,042
14972,9;925,4;1367,5;28,4;57,21;23,81;5,73;Spinach;HYDROPONIC;4,645
18122,7;928,2;1389,4;19,61;67,21;14,95;6,54;Chinese Cabbage;AEROPONIC;4,594
13348,1;968,8;1173,4;25,44;67,01;21,5;5,57;Chinese Cabbage;SOIL_BASED;3,317
11388,3;621,2;1223,3;25,33;63,56;22,71;5,89;Bok Choy;AQUAPONIC;4,588
21343,7;754,1;918,6;22,06;69,86;17,2;5,53;Bok Choy;AQUAPONIC;4,337
10594,7;928,6;1360,1;21,44;64,06;18,07;6,62;Spinach;HYDROPONIC;4,57
11135,0;748,8;1387,8;26,81;70,42;21,22;5,46;Kale;HYDROPONIC;5,803
12930,8;847,9;960,3;26,51;63,37;21,57;5,98;Lettuce;SOIL_BASED;3,726
19965,6;803,9;1252,4;24,76;61,68;21,18;5,82;Bok Choy;SOIL_BASED;3,466
17028,1;747,1;1143,8;22,04;70,17;17,6;6,0;Bok Choy;AEROPONIC;5,011
12448,5;521,6;1576,7;26,55;74,86;22,95;6,46;Kale;SOIL_BASED;4,655
13859,1;694,1;950,5;21,16;92,28;15,68;6,23;Kale;SOIL_BASED;4,085
14155,1;836,8;1571,1;27,48;65,11;20,89;6,02;Chinese Cabbage;SOIL_BASED;3,066
8407,0;815,3;1610,7;28,07;74,56;24,88;5,46;Lettuce;SOIL_BASED;3,974
15826,2;723,9;648,7;26,81;64,22;23,32;6,75;Kale;AEROPONIC;5,707
14502,2;745,1;1447,0;24,46;74,43;19,49;6,16;Bok Choy;SOIL_BASED;3,949
13806,7;1082,2;1411,7;16,37;79,07;12,0;6,24;Bok Choy;AEROPONIC;5,212
15502,6;806,1;884,1;22,98;69,09;19,61;5,64;Spinach;HYDROPONIC;4,622
17244,5;691,3;1196,3;28,44;74,05;24,5;6,55;Kale;AQUAPONIC;5,15
14364,5;601,4;1166,9;26,12;71,78;21,88;5,61;Chinese Cabbage;HYDROPONIC;4,293
13961,4;930,8;1033,9;24,72;68,09;20,79;7,06;Lettuce;SOIL_BASED;4,098
17249,8;781,3;1114,4;21,59;64,37;17,81;6,3;Chinese Cabbage;AQUAPONIC;4,055
10418,9;651,0;1501,1;26,37;65,02;23,37;6,6;Bok Choy;SOIL_BASED;3,748
10027,9;507,1;1301,9;19,1;56,76;13,53;5,81;Chinese Cabbage;SOIL_BASED;3,247
13911,2;761,8;1125,7;23,02;76,82;18,47;6,04;Bok Choy;HYDROPONIC;5,3
17128,8;1073,6;981,5;28,37;83,91;22,8;5,53;Bok Choy;SOIL_BASED;3,184
14233,6;952,5;1498,6;21,25;56,02;17,56;6,37;Bok Choy;HYDROPONIC;4,859
18049,3;706,7;1720,3;25,21;76,82;21,2;6,33;Bok Choy;SOIL_BASED;3,378
13645,1;852,1;1223,1;18,58;67,62;14,03;6,14;Bok Choy;AEROPONIC;5,048
20154,7;571,6;1256,2;21,67;62,56;18,34;6,21;Spinach;AQUAPONIC;4,244
13961,0;750,2;1943,8;24,0;69,22;18,93;5,85;Chinese Cabbage;HYDROPONIC;4,351
16888,8;783,5;1498,1;24,49;61,17;20,93;5,65;Spinach;HYDROPONIC;4,959
17118,8;581,5;1566,7;29,29;69,99;24,72;6,68;Spinach;AQUAPONIC;4,034
16070,7;648,5;1130,8;22,09;65,5;17,88;6,13;Kale;HYDROPONIC;5,988
14980,8;678,7;1060,0;25,16;65,08;20,88;6,03;Kale;AQUAPONIC;5,236
13794,7;839,2;1614,6;25,09;78,0;20,17;6,2;Kale;AEROPONIC;6,15
16032,8;817,4;1398,9;21,85;53,13;18,93;5,79;Lettuce;SOIL_BASED;4,142
18210,8;647,0;1329,9;26,18;63,17;23,03;6,9;Kale;AEROPONIC;6,288
18883,5;868,7;1388,7;25,37;51,17;21,05;6,57;Chinese Cabbage;SOIL_BASED;3,159
12246,9;782,1;1728,5;22,73;69,11;18,38;5,82;Spinach;AQUAPONIC;4,088
11625,4;1031,3;1089,0;24,05;63,79;20,36;6,22;Chinese Cabbage;AEROPONIC;4,774
10662,8;597,5;1321,2;20,81;61,87;16,75;5,69;Kale;SOIL_BASED;4,372
10188,2;1014,7;1102,6;21,02;70,4;19,23;6,04;Lettuce;AQUAPONIC;4,828
15997,3;710,2;1352,3;23,44;73,2;18,63;5,38;Lettuce;SOIL_BASED;4,414
16561,7;1009,6;1488,3;25,59;78,05;20,54;6,77;Spinach;HYDROPONIC;4,984
18913,6;873,4;1362,0;22,57;92,91;18,25;6,51;Chinese Cabbage;HYDROPONIC;4,379
14688,7;584,1;1730,6;21,77;63,16;18,21;5,85;Bok Choy;AQUAPONIC;4,107
13306,6;800,7;1146,1;22,85;62,27;18,54;5,98;Chinese Cabbage;SOIL_BASED;3,205
21121,7;990,3;1422,2;25,82;68,04;21,42;6,1;Kale;HYDROPONIC;6,096
13439,7;673,6;1612,2;19,71;68,74;16,3;6,52;Bok Choy;AEROPONIC;5,015
9844,5;952,2;1181,7;25,91;82,73;20,63;6,18;Lettuce;SOIL_BASED;3,892
12169,1;951,4;1158,5;24,93;72,43;19,32;5,84;Spinach;SOIL_BASED;3,661
11286,5;1006,0;1240,3;19,7;59,97;15,0;6,16;Spinach;HYDROPONIC;4,865
17857,3;858,7;903,9;22,84;59,49;19,9;6,67;Lettuce;HYDROPONIC;5,313
11715,7;672,1;1575,3;25,28;73,79;21,06;6,31;Kale;AQUAPONIC;5,61
19611,5;885,6;1321,9;18,15;66,23;13,81;6,21;Lettuce;SOIL_BASED;4,307
14635,8;955,4;841,0;20,6;80,03;14,79;6,74;Kale;AEROPONIC;6,034
15471,6;900,8;1169,1;19,24;72,38;14,89;5,91;Bok Choy;HYDROPONIC;4,796
17783,7;464,8;1621,0;21,88;59,12;19,0;6,22;Lettuce;SOIL_BASED;3,916
18240,0;813,2;1194,6;26,41;58,01;22,64;5,78;Kale;HYDROPONIC;5,893
13527,2;884,5;1687,9;25,74;70,93;21,69;5,82;Bok Choy;AQUAPONIC;4,506
18387,5;999,6;1209,0;22,08;65,1;17,49;6,58;Lettuce;SOIL_BASED;4,129
15235,5;554,1;903,4;26,38;77,69;22,2;5,57;Spinach;SOIL_BASED;3,531
16102,1;619,5;729,0;25,36;70,88;21,46;4,96;Lettuce;AQUAPONIC;5,116
8784,8;772,4;1825,7;27,07;70,72;24,14;6,58;Chinese Cabbage;AEROPONIC;4,643
16870,8;1149,0;1066,5;23,25;57,55;19,61;5,33;Lettuce;HYDROPONIC;5,782
11054,8;893,0;1127,0;25,01;63,94;21,06;6,59;Chinese Cabbage;AQUAPONIC;3,94
19260,9;675,9;1250,6;32,94;67,6;28,89;6,24;Bok Choy;SOIL_BASED;3,398
21887,2;775,4;1344,9;22,63;52,07;17,14;5,94;Lettuce;AQUAPONIC;5,125
9865,2;883,1;1022,2;23,32;73,3;18,58;6,16;Bok Choy;SOIL_BASED;3,922
19674,6;829,5;1612,3;23,06;75,26;19,58;5,8;Bok Choy;AQUAPONIC;4,229
16350,3;815,6;1360,0;23,25;63,5;18,58;5,68;Kale;AEROPONIC;6,29
12640,0;716,0;1599,0;25,06;78,78;21,88;6,42;Bok Choy;SOIL_BASED;3,263
8721,1;723,8;764,2;23,66;78,41;20,38;5,89;Bok Choy;AQUAPONIC;4,543
3505,9;833,6;1406,9;19,68;72,45;16,03;6,89;Lettuce;AEROPONIC;6,229
18558,3;872,2;1384,7;23,55;67,48;19,42;6,09;Lettuce;AEROPONIC;5,74
18828,0;519,6;1272,4;22,03;76,46;17,24;6,14;Spinach;HYDROPONIC;4,533
12499,2;755,3;1143,9;18,66;55,33;14,09;5,81;Kale;SOIL_BASED;4,444
11692,6;971,0;893,0;26,71;68,64;22,02;6,25;Bok Choy;HYDROPONIC;5,239
14585,7;1097,3;924,3;22,01;60,82;16,94;6,16;Kale;AEROPONIC;6,033
14217,7;904,4;1617,7;24,57;62,37;19,66;5,89;Chinese Cabbage;HYDROPONIC;4,297
17905,9;864,6;1377,6;15,0;71,82;12,0;6,22;Bok Choy;HYDROPONIC;5,14
14487,8;948,7;1227,9;24,9;61,16;21,24;6,03;Kale;AQUAPONIC;5,195
17939,0;831,0;1212,5;22,62;54,99;17,88;6,01;Spinach;HYDROPONIC;4,231
12117,0;611,4;1545,5;19,15;86,87;14,05;6,54;Spinach;AEROPONIC;4,791
15224,4;734,0;1534,6;21,95;62,86;17,29;5,62;Bok Choy;HYDROPONIC;4,824
16895,8;573,9;1067,8;21,58;60,83;16,6;6,48;Chinese Cabbage;SOIL_BASED;3,23
13364,1;909,1;905,2;25,6;78,15;21,08;5,61;Spinach;AQUAPONIC;4,437
14206,0;490,3;1376,3;23,75;62,88;18,45;6,05;Spinach;AEROPONIC;4,933
21367,6;827,7;1600,6;19,24;57,21;15,48;6,23;Chinese Cabbage;HYDROPONIC;4,561
19312,7;843,4;1459,4;24,73;60,22;19,74;6,01;Kale;SOIL_BASED;4,339
10359,7;776,4;1711,6;17,7;64,34;13,58;6,4;Spinach;AEROPONIC;4,927
15547,2;382,0;1235,5;20,35;58,9;17,1;6,29;Lettuce;HYDROPONIC;5,55
7645,0;575,2;1354,1;23,54;60,92;19,57;5,72;Spinach;AQUAPONIC;4,334
16111,9;799,4;1265,3;21,75;64,2;17,06;6,01;Kale;HYDROPONIC;6,062
11522,1;895,4;1478,2;26,84;76,26;21,55;6,18;Kale;AEROPONIC;5,987
13789,9;779,5;1094,4;23,97;85,61;19,72;6,53;Bok Choy;AEROPONIC;4,778
16537,8;975,4;1330,5;25,25;77,43;21,37;6,47;Lettuce;AEROPONIC;6,017
15463,2;859,1;1708,3;25,37;66,06;20,64;6,1;Kale;SOIL_BASED;4,503
11647,4;781,9;1090,4;22,26;56,01;19,41;6,73;Chinese Cabbage;HYDROPONIC;4,47
9836,6;773,1;757,0;20,52;73,96;16,19;5,46;Lettuce;HYDROPONIC;5,439
15967,3;680,3;1416,6;23,36;59,3;20,63;5,81;Lettuce;HYDROPONIC;5,606
11994,6;1131,3;1862,6;25,93;64,86;22,83;6,04;Chinese Cabbage;AQUAPONIC;3,872
13616,4;899,3;1103,2;22,85;81,74;19,55;6,23;Spinach;SOIL_BASED;3,377
10204,2;838,8;1611,9;25,15;82,49;20,63;6,32;Chinese Cabbage;SOIL_BASED;2,759
6466,9;763,5;1283,6;23,42;69,52;19,54;5,63;Chinese Cabbage;AQUAPONIC;4,42
16671,6;809,2;1024,6;19,15;78,43;15,73;6,05;Spinach;SOIL_BASED;3,467
12881,1;501,4;1459,0;19,39;78,13;14,58;6,3;Spinach;AQUAPONIC;4,442
11801,8;786,8;910,1;27,87;73,59;24,34;5,72;Spinach;AEROPONIC;4,804
19344,8;774,3;1675,5;20,23;65,69;15,77;6,06;Spinach;AEROPONIC;4,777
17335,8;389,3;1308,8;21,71;63,28;17,43;6,36;Spinach;SOIL_BASED;3,482
15885,5;973,5;836,3;26,07;68,38;22,16;6,81;Chinese Cabbage;AEROPONIC;4,524
14841,0;822,3;1762,0;20,16;57,09;16,02;5,89;Bok Choy;AEROPONIC;5,173
9835,3;806,6;1502,9;21,59;63,94;16,76;6,23;Bok Choy;AEROPONIC;5,181
16429,8;679,8;1362,2;22,91;73,09;19,82;6,25;Kale;HYDROPONIC;5,92
18906,0;986,0;1510,9;22,54;62,65;16,82;5,72;Bok Choy;AEROPONIC;5,145
14382,8;836,0;640,8;20,78;81,13;16,89;6,43;Bok Choy;HYDROPONIC;4,95
18608,3;625,2;1117,6;22,96;70,09;18,47;6,08;Chinese Cabbage;AQUAPONIC;3,865
11480,7;583,3;1932,4;25,4;74,65;22,24;6,27;Spinach;AQUAPONIC;4,428
9265,2;629,6;1313,7;23,16;66,19;17,15;5,99;Spinach;AQUAPONIC;4,651
12349,6;713,5;1113,5;21,66;73,37;18,41;6,01;Chinese Cabbage;AQUAPONIC;3,841
15285,2;693,2;1323,9;26,15;58,4;21,88;5,94;Bok Choy;AQUAPONIC;4,629
14512,6;696,1;994,4;28,28;71,6;23,26;5,75;Chinese Cabbage;AEROPONIC;4,326
13500,4;839,6;1690,2;26,17;72,39;21,28;5,34;Kale;AEROPONIC;5,837
16360,6;702,1;1163,9;20,35;78,91;15,46;6,13;Spinach;AEROPONIC;4,963
14126,1;959,6;869,6;20,43;50,94;16,4;5,89;Lettuce;AQUAPONIC;5,051
9579,0;1064,8;1324,2;24,72;62,29;18,84;5,78;Kale;AQUAPONIC;5,53
16258,7;613,7;1539,3;23,98;52,87;20,25;6,31;Kale;HYDROPONIC;6,066
12221,9;969,3;1460,7;20,07;60,86;15,83;6,16;Chinese Cabbage;SOIL_BASED;3,154
15009,2;645,5;916,4;24,3;67,09;20,39;5,67;Bok Choy;AEROPONIC;5,115
13186,4;916,7;1033,3;23,78;73,02;20,05;6,09;Spinach;SOIL_BASED;3,577
9555,6;842,0;726,8;27,64;87,1;22,52;5,94;Lettuce;AQUAPONIC;4,963
15714,5;950,5;1465,6;22,28;79,48;17,13;6,22;Kale;AQUAPONIC;5,58
12195,0;615,4;1402,2;27,38;63,85;22,96;6,54;Lettuce;AQUAPONIC;4,962
11244,4;882,0;1427,1;27,51;74,13;22,54;5,8;Bok Choy;SOIL_BASED;3,602
12951,0;625,7;1166,9;21,62;78,41;18,13;5,96;Bok Choy;HYDROPONIC;4,95
15821,7;738,1;785,4;24,49;67,15;20,93;6,28;Lettuce;AQUAPONIC;5,174
14578,6;659,7;1072,2;22,91;67,46;20,55;5,88;Spinach;HYDROPONIC;4,822
10805,4;617,4;1568,4;22,79;66,05;20,64;6,16;Bok Choy;HYDROPONIC;4,905
13241,8;793,1;1376,6;24,19;72,11;18,75;5,95;Lettuce;AEROPONIC;5,641
16164,3;894,0;830,5;21,29;71,52;17,1;6,45;Kale;SOIL_BASED;4,255
14427,8;796,7;1208,9;19,03;69,21;14,15;6,28;Lettuce;AQUAPONIC;5,008
11080,9;782,3;1427,2;22,01;82,77;17,57;5,94;Lettuce;HYDROPONIC;5,442
17066,1;747,0;1253,8;26,81;76,53;21,87;6,04;Chinese Cabbage;SOIL_BASED;3,205
19534,9;917,0;911,1;22,93;54,23;18,13;5,62;Bok Choy;SOIL_BASED;3,353
12694,4;663,4;1153,6;23,43;52,71;20,57;6,05;Spinach;AQUAPONIC;4,207
14178,5;908,6;1089,9;25,72;71,55;20,62;5,76;Spinach;AEROPONIC;4,788
16221,6;776,6;1288,7;19,03;67,14;14,35;6,18;Chinese Cabbage;AEROPONIC;4,265
13681,2;1243,3;1353,1;24,73;53,13;22,29;6,28;Spinach;HYDROPONIC;4,821
16404,8;796,7;1109,5;28,18;51,85;23,54;6,09;Lettuce;AEROPONIC;5,815
9867,6;763,4;1448,0;23,76;65,88;20,94;6,22;Chinese Cabbage;AEROPONIC;4,409
14407,7;515,4;1704,9;18,12;70,18;12,76;6,2;Kale;AEROPONIC;6,221
17662,5;965,2;2089,9;23,29;70,5;18,49;6,42;Bok Choy;SOIL_BASED;3,641
10581,5;645,1;1037,8;25,21;62,85;20,88;5,24;Bok Choy;AQUAPONIC;4,607
13913,5;782,0;1299,5;23,81;63,26;19,4;6,37;Bok Choy;SOIL_BASED;3,291
9981,7;737,0;808,5;24,26;63,73;21,2;6,69;Lettuce;SOIL_BASED;4,009
14245,1;862,1;1155,9;24,6;72,19;19,9;6,32;Kale;AQUAPONIC;5,686
17349,3;739,1;1612,5;20,89;55,0;16,92;5,71;Chinese Cabbage;SOIL_BASED;2,828
13375,0;600,2;690,1;21,24;68,17;17,72;6,51;Chinese Cabbage;HYDROPONIC;4,313
17198,8;639,3;1171,5;22,46;76,66;18,81;5,99;Bok Choy;HYDROPONIC;4,905
18085,1;619,9;1270,8;24,6;65,01;21,48;5,99;Kale;SOIL_BASED;4,435
8316,4;807,0;873,7;20,17;69,36;14,34;6,28;Kale;AEROPONIC;5,836
11935,3;966,4;1377,9;29,26;71,53;24,36;6,21;Kale;SOIL_BASED;4,092
9882,8;735,3;1346,1;16,71;62,41;12,0;6,46;Spinach;AEROPONIC;4,714
14861,4;866,3;1120,9;18,72;67,14;15,48;5,53;Spinach;SOIL_BASED;3,456
18188,0;910,1;1448,7;25,05;56,95;22,49;5,97;Bok Choy;HYDROPONIC;5,252
15544,3;824,5;1064,1;24,81;72,13;20,79;5,66;Kale;AEROPONIC;6,393
15894,3;658,4;1398,5;23,3;69,38;19,27;5,26;Kale;HYDROPONIC;5,908
13094,5;965,1;1281,1;25,39;77,91;21,01;5,84;Chinese Cabbage;SOIL_BASED;3,236
16790,5;664,6;1341,0;25,09;75,46;19,21;6,22;Chinese Cabbage;AQUAPONIC;3,925
15183,6;826,4;1216,4;23,5;78,04;20,0;6,57;Bok Choy;AEROPONIC;5,034
18827,9;780,2;929,5;24,25;78,44;21,38;6,67;Kale;AEROPONIC;6,11
15108,1;849,1;916,5;15,0;61,85;12,0;6,09;Bok Choy;SOIL_BASED;3,257
9353,7;835,2;1079,8;23,13;72,08;18,75;5,88;Chinese Cabbage;SOIL_BASED;2,943
10204,1;897,0;1138,2;23,37;73,73;17,84;6,22;Chinese Cabbage;AEROPONIC;4,881
10577,0;793,4;1350,8;28,86;62,7;24,1;6,65;Spinach;AQUAPONIC;4,028
12516,3;865,7;1271,6;21,19;78,48;18,09;6,13;Bok Choy;SOIL_BASED;3,412
19788,4;911,3;1161,0;23,4;67,08;17,85;6,63;Bok Choy;SOIL_BASED;3,616
18526,4;556,1;759,9;27,49;73,44;23,81;6,44;Kale;SOIL_BASED;3,967
15993,8;972,0;1099,2;25,07;77,38;22,43;6,38;Kale;AQUAPONIC;5,64
17261,9;752,7;978,6;23,57;71,64;19,28;6,15;Spinach;AEROPONIC;4,889
16952,5;828,5;1733,8;26,19;83,42;22,19;7,16;Lettuce;HYDROPONIC;5,66
18135,8;802,4;1299,1;21,28;88,56;15,55;6,34;Lettuce;SOIL_BASED;4,253
10870,7;722,5;1687,1;28,33;68,15;25,15;6,21;Lettuce;AQUAPONIC;4,866
18985,0;763,1;1300,0;25,3;76,14;19,8;6,45;Bok Choy;AEROPONIC;4,94
14835,3;799,4;1764,9;18,95;88,13;15,36;5,49;Bok Choy;AEROPONIC;4,971
15625,7;750,1;1362,0;21,81;62,75;18,13;5,95;Chinese Cabbage;AQUAPONIC;4,184
18424,5;939,4;1371,9;17,46;44,31;13,77;5,85;Bok Choy;SOIL_BASED;3,394
15484,9;910,6;1786,3;25,73;76,19;20,39;5,82;Bok Choy;HYDROPONIC;4,739
11466,4;706,0;1095,1;25,08;64,72;22,04;6,29;Bok Choy;SOIL_BASED;3,706
13906,1;1069,4;1107,1;22,21;57,78;18,64;6,92;Spinach;AEROPONIC;4,873
16983,8;562,7;1312,5;26,86;61,94;22,61;5,88;Bok Choy;HYDROPONIC;4,812
12404,8;625,1;2038,6;23,27;54,74;18,81;5,93;Kale;SOIL_BASED;4,1
12506,3;770,3;1181,9;30,85;82,44;26,05;5,99;Kale;HYDROPONIC;6,225
15707,3;823,9;1360,3;20,14;80,36;16,26;6,15;Chinese Cabbage;AQUAPONIC;3,834
15136,8;673,4;1514,9;25,3;66,05;20,33;5,83;Spinach;SOIL_BASED;3,559
12251,9;729,1;1695,7;22,39;66,77;20,14;5,73;Kale;AEROPONIC;6,448
19187,6;629,9;1513,3;21,6;69,66;17,13;6,21;Spinach;AEROPONIC;4,696
15236,6;737,3;1667,1;23,02;82,22;18,4;5,62;Spinach;HYDROPONIC;4,58
6991,6;557,0;1478,5;24,53;58,99;21,01;5,84;Chinese Cabbage;AQUAPONIC;3,897
15947,1;727,4;1309,1;23,66;66,59;18,95;6,71;Spinach;SOIL_BASED;3,615
16787,9;721,1;999,7;25,4;78,61;21,89;5,97;Bok Choy;AQUAPONIC;4,395
16951,1;616,0;1145,5;25,2;65,16;21,1;5,66;Spinach;AQUAPONIC;4,182
13008,1;995,4;1185,5;27,56;60,9;24,44;6,49;Chinese Cabbage;HYDROPONIC;4,2
11226,4;867,5;1355,4;20,14;69,41;15,59;6,06;Chinese Cabbage;HYDROPONIC;4,346
14632,7;957,7;1417,3;19,14;52,84;14,21;5,84;Chinese Cabbage;SOIL_BASED;3,161
15182,1;788,5;1777,9;23,31;71,16;19,57;6,12;Kale;AEROPONIC;6,286
17170,9;850,3;740,5;21,28;65,86;17,09;5,3;Bok Choy;SOIL_BASED;3,598
15683,0;759,6;1267,0;25,95;73,41;21,72;6,24;Kale;AQUAPONIC;5,516
18364,1;757,4;1776,6;20,51;62,1;16,61;5,74;Lettuce;HYDROPONIC;5,518
18528,8;888,4;921,5;21,96;71,85;17,52;6,33;Bok Choy;AQUAPONIC;4,394
14558,6;668,6;1096,8;22,57;69,79;16,33;7,13;Spinach;HYDROPONIC;4,547
11112,1;759,2;1401,3;28,44;57,96;23,09;7,01;Chinese Cabbage;AEROPONIC;4,333
18101,9;1041,4;1506,2;29,4;59,97;25,44;6,47;Lettuce;AQUAPONIC;4,883
16530,1;769,5;920,3;20,3;78,45;15,75;6,79;Bok Choy;HYDROPONIC;5,105
11035,9;807,1;1682,3;17,35;76,14;13,3;6,24;Kale;SOIL_BASED;4,152
13701,6;924,8;1430,2;21,89;53,29;18,12;5,82;Chinese Cabbage;SOIL_BASED;3,494
10951,1;947,5;917,4;23,4;64,3;18,15;5,59;Kale;SOIL_BASED;4,072
7723,2;925,6;1580,0;23,38;70,68;19,2;6,04;Bok Choy;AQUAPONIC;4,11
11083,5;622,2;1546,2;23,26;72,53;19,06;5,46;Bok Choy;HYDROPONIC;4,864
7013,5;711,4;1279,5;25,78;70,34;19,19;5,61;Lettuce;HYDROPONIC;5,527
16150,5;1030,4;1160,7;22,37;71,22;17,66;6,46;Spinach;HYDROPONIC;4,799
14676,0;751,4;976,3;24,1;64,94;20,28;6,05;Kale;AQUAPONIC;5,559
11562,9;858,8;1173,5;25,31;69,48;20,77;5,8;Lettuce;HYDROPONIC;5,44
17045,9;897,4;1547,9;24,11;59,67;19,98;6,11;Chinese Cabbage;AEROPONIC;4,495
9493,9;1018,5;833,4;25,39;64,88;20,7;5,72;Spinach;AQUAPONIC;4,09
18848,6;648,8;1063,2;18,72;50,28;15,58;6,52;Lettuce;AEROPONIC;5,802
12902,2;817,4;1355,5;23,82;59,02;20,07;5,89;Kale;AEROPONIC;5,935
16012,7;774,8;1464,6;24,14;60,52;19,51;5,92;Bok Choy;SOIL_BASED;4,0
10845,9;1165,8;1454,2;23,04;60,94;18,6;6,08;Chinese Cabbage;AQUAPONIC;4,066
14927,8;695,9;1076,7;21,83;74,2;17,45;5,96;Kale;HYDROPONIC;6,304
14124,0;641,7;1253,1;24,79;54,63;20,02;6,67;Spinach;AEROPONIC;4,883
13471,6;1065,2;1160,4;23,84;62,57;19,4;6,74;Spinach;AQUAPONIC;4,154
12879,1;1166,2;1349,7;23,35;73,48;20,35;6,14;Bok Choy;HYDROPONIC;5,433
15905,2;952,9;1430,6;22,58;56,74;19,69;6,82;Bok Choy;SOIL_BASED;3,892
11386,9;551,9;1235,0;22,69;78,78;17,36;6,32;Chinese Cabbage;AQUAPONIC;4,068
7615,7;637,7;1310,0;21,36;69,52;15,89;6,12;Chinese Cabbage;AQUAPONIC;4,176
14266,3;653,0;1280,0;22,17;73,86;16,08;6,49;Bok Choy;AQUAPONIC;4,806
18217,3;1075,1;871,0;20,87;59,97;16,98;6,17;Bok Choy;HYDROPONIC;4,594
8606,1;768,6;1616,4;22,42;61,54;19,05;6,14;Spinach;AEROPONIC;4,709
14787,2;823,3;1549,3;24,52;66,79;20,82;6,06;Bok Choy;AEROPONIC;5,277
14492,3;733,4;811,9;25,8;74,9;22,4;5,86;Lettuce;AQUAPONIC;5,063
16401,2;587,0;1827,8;23,36;74,64;19,82;5,85;Kale;AQUAPONIC;5,343
14828,4;674,5;1386,8;23,28;71,38;17,86;5,49;Bok Choy;HYDROPONIC;5,143
12067,8;1064,5;1422,1;23,9;66,14;20,04;5,53;Chinese Cabbage;SOIL_BASED;3,276
8842,2;774,1;1149,5;26,25;61,46;22,96;5,78;Lettuce;AQUAPONIC;5,41
14805,1;513,2;1312,3;22,87;76,93;19,77;5,36;Chinese Cabbage;AQUAPONIC;4,301
12130,4;876,1;1422,0;24,8;64,99;20,17;5,94;Lettuce;SOIL_BASED;4,258
11489,9;768,5;1753,6;24,54;54,9;20,13;5,69;Bok Choy;AQUAPONIC;4,44
14822,5;772,4;995,3;21,75;59,83;16,85;6,25;Kale;AEROPONIC;6,169
10700,1;745,0;1572,1;25,48;62,02;22,0;6,33;Chinese Cabbage;AQUAPONIC;4,16
14914,1;611,5;1170,6;17,7;65,09;13,18;5,82;Lettuce;AEROPONIC;5,928
16368,9;683,1;1649,3;26,47;67,38;20,42;6,7;Spinach;HYDROPONIC;4,9
9236,7;1098,2;902,4;20,16;56,37;15,99;5,9;Bok Choy;HYDROPONIC;4,7
17876,3;909,0;1260,2;23,11;63,88;19,06;6,42;Kale;AEROPONIC;6,084
14390,2;880,8;741,5;25,82;64,96;21,95;5,87;Bok Choy;AEROPONIC;5,107
18067,6;752,0;1108,6;22,3;66,28;18,38;6,29;Spinach;SOIL_BASED;3,502
13389,2;793,9;1155,8;24,16;61,39;19,25;6,15;Kale;AEROPONIC;6,349
20953,6;1025,3;1393,3;25,87;89,01;22,7;5,94;Spinach;AEROPONIC;4,873
19635,4;796,7;871,9;28,68;64,97;26,36;6,55;Bok Choy;AQUAPONIC;4,419
14470,4;820,2;1710,8;23,46;62,94;18,11;6,03;Lettuce;SOIL_BASED;3,735
13941,5;859,8;1755,8;24,0;58,67;19,49;6,03;Bok Choy;AEROPONIC;4,754
6047,7;601,6;1320,1;23,61;74,48;19,82;6,4;Bok Choy;AEROPONIC;5,053
13779,1;761,4;936,5;22,88;52,23;16,92;5,54;Bok Choy;AEROPONIC;4,982
15455,4;601,5;910,7;19,73;52,88;15,76;6,4;Chinese Cabbage;AQUAPONIC;4,119
14443,2;377,7;1305,3;20,36;67,71;17,9;6,34;Spinach;AQUAPONIC;4,306
15141,8;564,0;1074,0;23,46;71,95;19,05;5,94;Spinach;AQUAPONIC;4,491
16199,9;773,7;1612,0;24,46;67,24;19,9;6,03;Spinach;HYDROPONIC;4,882
13453,2;971,8;1191,7;27,03;85,25;22,46;5,67;Chinese Cabbage;AQUAPONIC;3,836
15248,1;830,5;1397,5;22,91;63,58;19,18;6,96;Lettuce;AEROPONIC;5,834
12273,8;848,0;1264,8;27,78;65,42;24,59;5,63;Bok Choy;AQUAPONIC;4,412
10247,2;927,7;1139,8;20,13;67,66;15,98;5,72;Lettuce;AQUAPONIC;5,053
20323,8;1049,7;1082,5;24,09;68,36;18,5;6,85;Chinese Cabbage;SOIL_BASED;2,92
10312,9;888,1;981,2;22,75;66,95;18,58;6,88;Spinach;AEROPONIC;5,102
13554,7;672,1;1182,0;19,82;66,52;15,91;5,72;Bok Choy;AQUAPONIC;4,827
17120,1;772,9;1297,8;18,76;56,9;15,12;6,46;Kale;HYDROPONIC;5,629
13591,6;984,0;1339,6;22,28;73,85;18,33;6,35;Kale;SOIL_BASED;4,205
16489,8;882,5;1288,2;22,49;76,32;17,74;5,91;Lettuce;AQUAPONIC;5,402
18263,0;669,8;1228,9;21,01;63,99;16,77;5,96;Spinach;SOIL_BASED;3,328
14753,3;824,1;792,2;25,63;67,62;21,3;6,07;Kale;SOIL_BASED;4,103
16113,4;977,3;1582,4;22,36;81,22;17,33;6,62;Lettuce;HYDROPONIC;5,518
16443,0;927,6;881,1;20,74;61,6;16,76;6,63;Chinese Cabbage;HYDROPONIC;4,231
11555,5;886,4;1411,4;22,84;69,75;18,81;5,85;Lettuce;HYDROPONIC;5,734
9631,2;630,9;1601,2;21,73;68,84;18,28;6,18;Lettuce;AEROPONIC;5,917
21552,7;637,0;1591,3;28,11;81,64;22,64;5,93;Lettuce;SOIL_BASED;3,404
16026,1;796,2;1487,8;22,62;83,79;17,2;5,11;Bok Choy;AQUAPONIC;4,334
11467,5;1050,8;1299,4;20,93;74,77;16,63;6,39;Lettuce;HYDROPONIC;5,779
21816,1;864,9;1045,2;28,11;95,0;24,48;6,02;Lettuce;HYDROPONIC;5,122
9295,8;782,3;916,5;25,53;68,24;21,19;5,77;Bok Choy;SOIL_BASED;3,703
11435,1;686,9;1289,4;23,8;40,0;19,59;6,09;Bok Choy;SOIL_BASED;3,349
12856,6;894,3;1103,4;21,27;63,65;16,75;5,76;Chinese Cabbage;SOIL_BASED;2,94
17924,4;951,2;1146,7;25,65;64,17;21,56;6,75;Spinach;AQUAPONIC;4,179
13137,5;731,4;1459,8;19,4;81,18;14,43;6,53;Kale;AEROPONIC;6,055
14136,3;748,8;1233,1;25,44;66,41;21,58;6,39;Kale;AEROPONIC;6,066
10195,5;705,6;1084,6;24,2;79,27;19,45;5,81;Lettuce;HYDROPONIC;5,657
13910,3;620,7;2056,5;26,27;74,84;21,29;6,03;Chinese Cabbage;AEROPONIC;4,381
13538,2;547,3;1192,5;16,89;70,5;12,1;5,69;Lettuce;AQUAPONIC;4,919
8911,4;892,2;1482,9;20,92;71,43;15,82;6,09;Kale;AEROPONIC;6,262
13384,5;589,5;1460,4;20,7;70,42;16,5;5,89;Bok Choy;AQUAPONIC;4,261
11354,3;912,0;1171,6;20,37;77,67;17,09;6,1;Spinach;HYDROPONIC;4,599
19533,4;452,1;1100,5;24,69;65,87;19,58;6,45;Chinese Cabbage;SOIL_BASED;3,118
15441,6;877,6;855,6;22,67;64,75;18,64;6,19;Bok Choy;AQUAPONIC;4,754
19656,1;718,6;1343,6;21,06;71,49;16,42;5,96;Spinach;SOIL_BASED;3,514
7814,1;828,0;1289,2;20,41;69,66;15,48;5,76;Chinese Cabbage;HYDROPONIC;4,486
10879,2;742,6;964,8;20,81;66,23;15,73;5,07;Chinese Cabbage;AQUAPONIC;3,726
11970,9;714,0;1609,8;25,92;86,58;21,89;6,53;Kale;AQUAPONIC;5,302
11658,7;617,0;1442,4;23,31;74,07;19,96;6,25;Bok Choy;AEROPONIC;4,998
15593,5;774,2;1285,2;25,83;63,25;22,66;6,67;Chinese Cabbage;AQUAPONIC;4,051
13493,9;1001,3;1184,1;30,96;73,09;26,52;5,9;Chinese Cabbage;HYDROPONIC;4,015
10968,2;886,1;1224,3;23,45;60,0;19,16;5,2;Spinach;SOIL_BASED;3,535
24458,0;609,4;972,8;19,53;58,26;16,07;6,32;Kale;AQUAPONIC;5,266
15171,1;735,2;1122,5;23,12;74,81;18,59;5,68;Lettuce;HYDROPONIC;5,625
7428,4;721,4;1468,1;28,76;60,7;24,96;6,67;Kale;HYDROPONIC;5,656
17042,1;857,5;1238,0;26,54;68,35;21,51;5,68;Lettuce;AQUAPONIC;5,04
22908,6;556,8;1836,8;21,69;59,16;16,76;6,07;Bok Choy;AEROPONIC;4,991
17046,3;930,5;1123,8;22,65;65,54;18,33;6,29;Bok Choy;AQUAPONIC;4,674
10880,9;1182,3;1257,7;25,67;64,33;22,01;6,24;Chinese Cabbage;AQUAPONIC;3,971
12935,5;803,0;1405,0;24,84;67,2;20,46;6,07;Bok Choy;AEROPONIC;5,159
17344,8;746,9;1441,7;25,7;87,61;19,61;6,01;Chinese Cabbage;HYDROPONIC;4,063
11210,2;933,2;1214,5;22,83;78,9;19,5;6,51;Kale;AQUAPONIC;5,449
13960,8;625,0;1096,9;24,59;67,04;19,74;6,0;Bok Choy;AEROPONIC;5,115
11338,8;958,1;1203,2;22,65;66,25;18,21;6,19;Kale;SOIL_BASED;4,417
16563,6;645,0;1392,3;27,4;62,0;23,33;6,64;Kale;SOIL_BASED;3,991
17331,3;1171,5;1211,4;19,23;59,18;15,78;6,18;Bok Choy;AEROPONIC;4,975
19136,5;504,4;1912,5;19,24;66,73;13,73;5,61;Kale;HYDROPONIC;6,029
18043,3;679,8;1205,5;21,5;79,33;16,36;6,44;Bok Choy;AEROPONIC;4,778
19467,8;839,2;1344,6;21,6;41,15;16,75;6,05;Bok Choy;HYDROPONIC;4,51
20189,4;884,5;1290,8;19,23;76,68;14,87;6,42;Bok Choy;SOIL_BASED;3,703
9608,8;708,4;1225,1;18,72;77,75;16,05;5,85;Lettuce;AQUAPONIC;5,168
11773,5;963,3;1508,0;26,49;49,87;22,1;5,92;Kale;AEROPONIC;6,012
11299,7;625,8;1017,0;23,03;68,31;19,57;6,13;Spinach;SOIL_BASED;3,524
15075,0;620,9;1895,6;22,82;64,29;17,74;5,89;Bok Choy;AQUAPONIC;4,495
12283,7;589,5;1103,7;23,66;66,58;18,78;5,96;Kale;SOIL_BASED;4,48
13162,6;810,7;1403,8;27,97;69,82;23,11;6,65;Chinese Cabbage;AEROPONIC;4,528
18249,7;759,6;1335,0;23,83;70,7;18,06;6,04;Bok Choy;AEROPONIC;5,191
16431,7;604,1;1274,8;23,19;56,35;20,24;5,44;Bok Choy;AQUAPONIC;4,494
12762,7;804,6;1623,5;21,71;81,83;19,14;6,43;Spinach;AEROPONIC;4,963
17261,6;611,8;1786,0;25,18;63,96;20,26;6,39;Lettuce;SOIL_BASED;4,241
15511,4;820,6;1077,2;23,32;90,36;20,29;6,65;Lettuce;AQUAPONIC;5,036
15523,9;914,7;1082,4;28,13;59,99;23,9;5,99;Bok Choy;AQUAPONIC;4,253
16840,8;623,3;1421,0;23,05;59,01;19,11;5,85;Kale;SOIL_BASED;4,239
5913,6;722,3;1267,4;26,32;70,75;22,05;6,37;Chinese Cabbage;HYDROPONIC;4,364
11371,6;1002,5;1150,5;21,51;75,64;17,45;6,15;Chinese Cabbage;AQUAPONIC;4,164
10933,1;712,4;1206,4;21,48;78,83;17,04;6,57;Kale;HYDROPONIC;5,726
14614,0;702,0;1150,3;18,38;59,6;15,58;6,48;Bok Choy;SOIL_BASED;3,57
17188,2;1118,9;988,8;25,72;65,16;20,44;6,19;Chinese Cabbage;SOIL_BASED;3,03
12692,1;930,9;1350,8;23,39;83,86;19,23;5,7;Lettuce;AQUAPONIC;5,092
11227,7;722,6;1293,6;25,29;64,86;20,97;6,41;Kale;AEROPONIC;6,104
6909,4;871,2;1162,2;28,25;75,57;24,89;6,36;Spinach;AQUAPONIC;4,218
15795,0;432,3;785,1;21,13;51,9;16,75;6,36;Bok Choy;AEROPONIC;4,8
10376,2;681,9;1193,7;20,71;54,29;16,04;5,76;Kale;HYDROPONIC;6,206
15564,3;735,2;1789,6;21,3;76,21;17,24;6,33;Chinese Cabbage;AEROPONIC;4,485
11396,8;705,2;1193,3;17,61;66,74;13,49;5,38;Bok Choy;AQUAPONIC;4,442
16441,0;666,9;1201,5;22,96;74,43;19,56;5,8;Lettuce;AEROPONIC;5,763
15781,8;862,9;1154,4;25,98;62,66;23,73;6,11;Bok Choy;SOIL_BASED;4,08
8270,8;734,8;1441,0;23,64;53,92;19,49;6,29;Bok Choy;HYDROPONIC;4,952
17556,2;758,8;1559,2;19,1;68,79;15,79;6,37;Lettuce;SOIL_BASED;4,307
15541,7;724,7;1109,5;22,5;56,13;18,52;5,66;Lettuce;SOIL_BASED;4,039
18291,4;708,5;888,8;23,85;69,06;18,04;6,59;Bok Choy;SOIL_BASED;3,604
9643,9;871,8;1191,4;26,2;59,79;21,79;5,82;Lettuce;SOIL_BASED;3,888
10618,0;875,6;1143,5;25,73;73,55;22,26;5,95;Kale;AEROPONIC;6,229
13141,1;890,1;1225,8;22,53;65,7;19,08;5,98;Lettuce;SOIL_BASED;4,24
13950,6;779,9;1590,4;22,53;65,43;17,59;5,52;Lettuce;AEROPONIC;5,557
13553,9;779,5;1013,9;25,16;70,9;21,82;5,79;Bok Choy;SOIL_BASED;3,667
7672,2;732,2;1389,7;21,84;75,9;19,25;6,19;Kale;AQUAPONIC;5,554
15428,3;901,2;1391,4;25,9;69,55;21,55;6,64;Spinach;SOIL_BASED;3,193
13502,4;665,9;1411,0;21,65;83,15;15,69;6,26;Spinach;AQUAPONIC;4,297
13167,2;795,7;1460,8;27,84;82,8;23,6;6,47;Chinese Cabbage;AEROPONIC;4,488
14559,0;766,4;788,9;24,16;62,03;19,99;5,67;Lettuce;HYDROPONIC;5,399
15351,0;630,3;1437,2;18,01;58,5;14,87;6,21;Lettuce;AEROPONIC;5,904
14079,8;741,1;1277,4;25,29;57,61;22,32;6,15;Kale;HYDROPONIC;6,081
11103,4;739,1;1100,6;24,21;83,32;19,88;6,0;Spinach;HYDROPONIC;4,287
9653,2;918,4;1709,9;24,86;57,65;19,53;6,03;Chinese Cabbage;SOIL_BASED;3,117
17586,3;817,4;1512,1;29,81;64,7;25,46;5,49;Kale;HYDROPONIC;5,723
11060,7;885,7;1069,2;22,77;68,09;18,66;6,25;Lettuce;AEROPONIC;6,158
10137,6;557,3;1156,1;19,15;83,05;14,62;6,13;Spinach;SOIL_BASED;3,194
14574,2;647,9;1560,8;27,05;56,86;21,84;6,08;Chinese Cabbage;HYDROPONIC;4,202
16174,1;957,4;1272,0;18,52;77,24;12,69;6,45;Bok Choy;AEROPONIC;4,964
18937,5;656,1;942,7;21,41;68,12;17,1;6,56;Spinach;HYDROPONIC;4,743
11430,8;801,1;1736,9;23,62;66,91;18,3;5,96;Chinese Cabbage;HYDROPONIC;4,164
11927,2;692,0;1216,2;20,98;67,77;17,58;7,09;Kale;SOIL_BASED;4,293
15223,1;894,5;1287,9;23,32;62,02;19,2;6,38;Bok Choy;SOIL_BASED;4,063
16741,9;731,1;1399,4;23,12;64,47;19,29;5,46;Chinese Cabbage;AEROPONIC;4,399
12450,3;761,8;1062,6;27,8;61,85;22,4;6,21;Chinese Cabbage;SOIL_BASED;3,455
16795,6;663,8;1617,2;16,72;56,85;12,0;6,62;Lettuce;SOIL_BASED;3,805
12397,5;718,5;1038,7;23,74;57,99;19,4;6,19;Spinach;AQUAPONIC;4,128
14917,8;903,3;1342,5;20,92;78,05;17,0;5,62;Lettuce;AQUAPONIC;4,782
9908,3;770,8;1143,1;21,92;65,02;17,56;5,94;Bok Choy;AEROPONIC;5,561
15967,3;626,9;1556,9;25,4;73,7;21,48;5,96;Chinese Cabbage;SOIL_BASED;3,272
16284,8;887,4;1427,6;24,95;66,49;19,51;5,74;Lettuce;AEROPONIC;5,767
15198,7;671,7;1233,8;24,46;66,34;19,66;6,14;Spinach;AQUAPONIC;4,192
7926,2;814,7;876,7;19,98;67,35;16,27;6,67;Bok Choy;AQUAPONIC;4,634
13105,2;730,5;1378,2;26,82;74,21;23,67;5,63;Kale;AQUAPONIC;5,891
15758,0;937,9;1317,7;21,05;62,17;17,73;5,91;Lettuce;AEROPONIC;5,771
11721,8;990,8;878,7;27,38;66,69;22,49;7,09;Bok Choy;SOIL_BASED;3,536
18717,9;789,9;1333,1;21,68;75,69;16,07;5,79;Kale;HYDROPONIC;6,097
22466,0;367,0;1451,2;26,39;77,21;22,25;5,71;Lettuce;SOIL_BASED;3,911
11422,9;738,8;1296,8;23,78;80,62;20,58;6,15;Bok Choy;AEROPONIC;5,387
16696,3;708,5;1150,7;18,81;59,82;13,69;5,53;Bok Choy;AQUAPONIC;4,858
13958,3;762,9;1636,9;22,5;62,56;19,13;5,86;Lettuce;HYDROPONIC;5,674
16060,7;902,0;1754,6;28,27;66,31;24,38;6,44;Bok Choy;AEROPONIC;5,023
14100,8;701,3;990,6;25,81;56,82;21,82;5,2;Chinese Cabbage;AQUAPONIC;3,885
13851,2;763,1;1547,8;22,28;75,42;18,91;5,86;Lettuce;AEROPONIC;5,692
12885,4;825,9;1391,3;27,15;70,45;22,44;5,11;Bok Choy;HYDROPONIC;4,924
16300,7;849,6;1121,5;24,29;66,68;20,11;6,58;Kale;AQUAPONIC;5,407
9206,3;829,8;1224,9;28,1;76,75;25,0;5,82;Kale;SOIL_BASED;4,168
12047,5;657,7;1236,6;23,28;61,58;19,06;6,07;Chinese Cabbage;AEROPONIC;4,632
14786,0;930,9;1553,1;22,68;77,59;18,86;5,91;Lettuce;HYDROPONIC;5,463
12404,4;810,0;1164,6;26,27;82,81;22,88;5,64;Bok Choy;SOIL_BASED;3,478
18801,5;510,5;803,9;24,21;70,62;19,52;6,28;Bok Choy;HYDROPONIC;5,071
16402,3;626,4;1224,5;25,06;67,94;20,87;5,97;Kale;AEROPONIC;6,164
10741,1;760,4;1523,5;21,08;69,43;17,15;6,21;Chinese Cabbage;HYDROPONIC;4,228
13605,6;834,9;1588,6;26,78;56,19;23,72;6,33;Kale;AQUAPONIC;5,215
17247,3;897,1;1172,9;26,25;66,33;21,87;6,25;Kale;HYDROPONIC;5,958
15571,7;1025,3;1403,9;27,28;85,49;23,08;6,15;Chinese Cabbage;AEROPONIC;4,259
14061,5;765,9;1593,4;19,69;86,06;17,2;6,01;Lettuce;AQUAPONIC;4,848
13974,7;787,6;1449,9;20,24;68,78;14,47;5,55;Bok Choy;HYDROPONIC;4,868
18603,3;602,3;1817,0;21,41;63,37;16,21;6,26;Lettuce;HYDROPONIC;5,791
9836,8;808,8;1642,2;22,83;76,75;18,71;6,01;Spinach;AQUAPONIC;4,334
20913,6;831,4;1168,0;19,77;67,7;14,78;6,63;Spinach;SOIL_BASED;3,354
15219,1;908,9;1254,1;25,28;76,04;21,39;6,51;Spinach;SOIL_BASED;3,288
20496,7;907,2;1721,3;22,27;61,68;18,35;6,59;Chinese Cabbage;AQUAPONIC;4,111
14385,4;821,0;975,4;27,02;70,6;22,32;6,28;Kale;HYDROPONIC;5,933
23218,8;832,1;1262,3;29,38;64,93;25,48;6,52;Lettuce;SOIL_BASED;4,023
12286,0;808,8;1774,7;21,84;67,95;17,33;6,11;Bok Choy;AQUAPONIC;4,662
14770,1;762,8;1808,0;21,35;63,15;18,2;6,89;Spinach;AEROPONIC;4,74
17353,7;830,8;1356,5;25,59;66,81;22,49;5,4;Lettuce;HYDROPONIC;5,649
17245,6;712,1;846,7;23,77;70,57;19,58;6,5;Spinach;AEROPONIC;4,667
11469,3;600,8;1187,1;24,54;73,91;21,41;5,76;Spinach;HYDROPONIC;4,955
9434,5;666,3;1468,0;27,22;66,64;22,54;6,03;Bok Choy;SOIL_BASED;3,473
11563,5;804,9;1074,0;22,74;80,33;18,08;5,93;Chinese Cabbage;AEROPONIC;4,562
13652,1;851,0;1889,7;20,52;57,06;17,87;5,66;Kale;AEROPONIC;5,716
13992,8;920,3;1218,8;20,05;55,28;16,14;5,77;Chinese Cabbage;AQUAPONIC;4,095
14870,4;1110,1;1625,8;23,0;62,95;18,16;5,49;Lettuce;SOIL_BASED;3,919
17030,6;836,1;1248,7;22,51;68,09;19,09;5,59;Chinese Cabbage;SOIL_BASED;3,186
14115,7;635,1;1360,8;25,92;81,8;21,65;5,06;Lettuce;HYDROPONIC;5,731
7529,2;710,0;1279,5;27,4;66,42;23,88;5,92;Lettuce;AQUAPONIC;5,244
17901,2;954,8;1133,7;27,39;59,96;23,98;5,7;Kale;AQUAPONIC;5,396
18566,5;917,3;1175,8;21,54;62,54;17,25;5,76;Bok Choy;HYDROPONIC;4,763
15634,2;826,6;1462,2;21,25;68,69;18,37;6,71;Kale;AEROPONIC;6,1
13511,2;625,4;1225,0;18,42;58,85;14,37;5,77;Chinese Cabbage;HYDROPONIC;4,363
15387,3;885,9;1165,6;23,51;84,4;18,88;5,38;Lettuce;HYDROPONIC;5,396
18568,2;775,9;1439,6;25,98;48,1;22,68;6,96;Spinach;HYDROPONIC;4,704
10603,5;817,1;1677,7;21,52;61,51;18,04;6,62;Spinach;AQUAPONIC;4,21
12335,3;1081,9;1725,8;19,36;63,23;14,55;6,5;Lettuce;HYDROPONIC;5,72
12284,3;734,2;1021,3;28,78;59,71;26,11;5,96;Kale;HYDROPONIC;5,65
10571,5;520,9;1078,0;21,53;73,72;16,45;5,57;Bok Choy;HYDROPONIC;4,848
23841,4;895,8;1617,3;23,19;62,42;20,27;5,12;Kale;SOIL_BASED;4,682
14939,8;615,9;1151,5;22,19;73,27;17,78;5,27;Lettuce;AEROPONIC;5,653
10548,1;544,3;1218,3;19,77;81,43;15,66;6,22;Lettuce;AEROPONIC;5,745
9679,0;888,8;929,5;26,03;78,52;22,08;5,61;Bok Choy;AEROPONIC;5,04
17443,1;789,9;1466,6;18,6;69,36;14,0;6,15;Chinese Cabbage;AEROPONIC;4,201
18503,7;685,9;1272,2;26,65;68,02;23,03;6,14;Chinese Cabbage;AQUAPONIC;3,902
17843,3;831,2;1556,1;24,25;75,51;20,29;5,66;Bok Choy;AQUAPONIC;4,691
21064,9;929,0;1489,1;22,75;65,57;18,42;5,91;Chinese Cabbage;HYDROPONIC;4,149
12961,1;1015,6;1553,7;22,79;63,86;19,24;5,7;Spinach;AQUAPONIC;4,214
10002,4;875,2;1556,8;24,77;59,58;20,74;6,11;Chinese Cabbage;AEROPONIC;4,419
23496,7;649,5;1179,5;21,7;70,62;18,43;6,05;Chinese Cabbage;SOIL_BASED;3,209
12110,1;553,1;1276,5;23,99;59,02;19,96;6,55;Chinese Cabbage;HYDROPONIC;3,941
16731,9;894,1;1333,2;21,01;61,99;17,71;5,92;Spinach;HYDROPONIC;4,594
11561,3;694,5;1308,0;17,48;85,88;12,76;6,36;Chinese Cabbage;AEROPONIC;4,389
18251,3;633,1;1458,7;25,23;73,73;21,19;6,15;Spinach;AEROPONIC;5,145
10026,1;825,5;1160,1;30,32;71,43;27,1;6,57;Bok Choy;AEROPONIC;5,279
23468,2;731,8;1361,9;25,08;61,88;22,13;5,99;Kale;AQUAPONIC;5,551
15859,9;772,6;1130,0;23,37;74,56;19,18;5,59;Bok Choy;HYDROPONIC;4,926
9793,5;753,9;1346,0;22,39;59,36;18,08;5,7;Kale;AEROPONIC;6,244
7058,6;982,4;1375,4;22,48;55,04;18,93;5,8;Bok Choy;SOIL_BASED;3,525
14247,7;913,8;973,7;22,39;63,3;17,98;6,68;Kale;HYDROPONIC;6,028
18350,5;668,7;1372,1;24,06;57,97;18,9;6,5;Kale;HYDROPONIC;5,703
12883,4;768,3;1634,9;16,82;71,95;12,0;6,22;Lettuce;AQUAPONIC;4,952
19025,9;837,1;1557,3;16,33;71,11;12,0;5,89;Kale;HYDROPONIC;5,993
10944,3;671,8;973,4;24,76;69,94;21,49;7,18;Kale;AEROPONIC;6,315
17169,5;940,7;951,4;22,94;72,96;18,86;5,49;Lettuce;AEROPONIC;5,802
13526,2;601,1;1416,6;20,74;72,59;17,03;5,93;Chinese Cabbage;SOIL_BASED;3,197
17044,7;883,0;1319,5;20,66;62,25;17,31;6,7;Chinese Cabbage;HYDROPONIC;4,187
11622,2;904,2;1240,6;21,94;72,08;17,58;6,24;Lettuce;HYDROPONIC;5,599
12474,5;848,5;632,5;22,33;70,67;19,62;7,07;Spinach;AQUAPONIC;3,777
9662,2;1026,1;1013,1;27,49;62,76;21,8;6,03;Kale;AEROPONIC;6,041
18585,5;585,8;1615,6;20,5;64,96;17,16;5,72;Kale;SOIL_BASED;4,316
12781,3;736,6;1389,5;25,64;75,24;22,62;6,03;Lettuce;AEROPONIC;5,747
12800,0;543,6;1796,8;25,15;56,82;21,11;6,24;Lettuce;HYDROPONIC;5,372
12711,6;827,9;1505,6;22,91;70,83;18,64;5,51;Spinach;HYDROPONIC;4,577
16406,9;732,3;1365,7;25,64;67,08;20,74;5,99;Chinese Cabbage;SOIL_BASED;2,923
6641,1;1131,2;872,3;24,74;67,76;20,27;6,05;Bok Choy;HYDROPONIC;4,958
10020,0;926,5;1367,2;19,98;65,59;15,17;6,06;Chinese Cabbage;SOIL_BASED;3,338
19242,4;871,3;1256,6;21,84;71,58;16,74;5,76;Kale;SOIL_BASED;4,216
15308,7;956,1;987,2;24,59;54,6;21,06;5,26;Lettuce;AEROPONIC;5,433
12382,5;680,5;1617,2;21,83;70,14;16,22;5,72;Spinach;SOIL_BASED;3,63
17591,1;850,2;1296,1;25,21;59,09;20,96;5,78;Chinese Cabbage;HYDROPONIC;4,18
15216,2;484,7;1388,1;26,76;76,77;21,93;6,53;Spinach;AQUAPONIC;3,852
19233,0;670,1;1064,9;23,42;57,01;19,18;6,25;Chinese Cabbage;AQUAPONIC;3,659
12369,0;891,4;1374,1;21,8;47,64;18,18;6,8;Kale;HYDROPONIC;5,714
11704,2;1017,7;1238,0;21,49;53,56;17,27;6,12;Bok Choy;AQUAPONIC;4,648
9651,6;1058,3;1873,5;22,48;67,52;17,88;6,27;Spinach;AQUAPONIC;4,272
18300,3;742,1;1136,6;22,28;54,8;18,12;6,2;Spinach;SOIL_BASED;3,289
18240,3;876,3;1098,8;25,92;56,89;21,27;5,75;Bok Choy;AQUAPONIC;4,356
16948,4;750,1;1346,5;21,86;62,07;16,68;6,45;Spinach;AQUAPONIC;4,121
11044,4;691,0;1220,9;23,01;72,5;19,07;6,34;Spinach;AQUAPONIC;4,512
9494,0;1122,7;1342,0;25,68;61,48;21,77;6,6;Chinese Cabbage;AEROPONIC;4,438
17645,0;652,5;1707,0;22,58;66,22;17,61;6,15;Chinese Cabbage;HYDROPONIC;4,653
15359,2;735,7;1026,2;22,26;66,08;17,32;6,24;Bok Choy;SOIL_BASED;3,918
11285,0;949,2;1309,4;25,94;55,71;21,22;6,45;Kale;AQUAPONIC;5,717
16690,8;498,0;1117,4;26,75;71,46;22,29;6,23;Spinach;HYDROPONIC;4,671
21045,1;636,7;1106,7;23,61;87,14;19,3;5,84;Kale;AQUAPONIC;5,559
13281,9;693,1;1244,2;28,15;53,31;24,33;6,47;Bok Choy;AEROPONIC;4,904
14205,4;730,6;1282,7;23,96;60,5;19,15;6,92;Bok Choy;AEROPONIC;5,338
17799,0;881,7;1742,9;25,95;57,18;21,24;6,1;Chinese Cabbage;AQUAPONIC;3,858
18834,8;784,1;1143,9;28,97;66,32;23,98;6,35;Spinach;AQUAPONIC;4,295
14698,8;731,1;1215,6;21,74;55,67;16,24;5,62;Lettuce;AQUAPONIC;4,771
8334,6;673,0;796,2;22,04;78,65;18,47;5,76;Bok Choy;AEROPONIC;5,333
18220,5;730,3;1398,4;25,74;80,02;20,6;6,44;Spinach;AEROPONIC;4,595
12213,6;689,8;1311,7;23,05;73,88;18,24;6,0;Kale;HYDROPONIC;5,919
15970,4;941,9;1434,7;20,87;75,95;16,09;6,07;Chinese Cabbage;SOIL_BASED;3,198
18485,7;835,9;1342,7;22,52;68,98;17,56;6,3;Kale;SOIL_BASED;4,218
16913,2;935,9;808,9;19,54;77,18;16,13;5,84;Bok Choy;AEROPONIC;4,668
14871,9;496,1;1731,2;23,57;65,42;18,41;6,46;Bok Choy;SOIL_BASED;3,674
14369,3;1023,4;1358,6;23,96;63,44;20,49;6,29;Kale;AQUAPONIC;5,608
11894,3;809,2;1376,4;26,54;73,64;23,37;6,52;Bok Choy;HYDROPONIC;5,026
15406,1;728,8;1737,6;26,81;64,72;22,31;6,72;Spinach;AEROPONIC;4,553
10770,4;622,6;1153,1;22,61;86,17;17,15;6,3;Bok Choy;AEROPONIC;5,247
17457,2;696,9;919,9;29,4;76,96;24,52;6,21;Chinese Cabbage;SOIL_BASED;2,96
17763,1;961,1;997,1;20,49;63,26;15,57;5,89;Spinach;AQUAPONIC;4,36
14281,5;766,8;1271,5;19,58;66,57;14,77;6,22;Lettuce;HYDROPONIC;5,403
12057,9;786,3;1250,4;20,02;66,8;15,95;6,1;Bok Choy;SOIL_BASED;3,655
8389,0;622,1;1702,8;20,22;61,62;16,41;6,04;Bok Choy;AEROPONIC;4,751
11634,9;886,3;1381,4;25,62;75,55;22,41;6,15;Chinese Cabbage;AEROPONIC;4,403
12046,9;457,9;901,8;28,21;60,58;23,49;6,26;Chinese Cabbage;SOIL_BASED;2,707
14737,3;788,0;1102,9;28,33;67,21;24,39;5,9;Kale;AQUAPONIC;5,366
11399,1;679,8;1125,3;18,22;61,45;13,08;6,1;Kale;HYDROPONIC;5,854
17609,2;935,3;1210,9;25,9;63,35;21,46;6,21;Kale;HYDROPONIC;6,112
19494,5;801,0;1097,8;27,78;74,53;23,38;6,63;Chinese Cabbage;HYDROPONIC;4,318
14924,2;858,2;963,4;26,29;73,76;23,33;6,28;Kale;HYDROPONIC;5,665
9758,5;705,4;1318,8;21,73;65,03;17,64;6,22;Kale;AQUAPONIC;5,94
6635,5;823,6;1160,8;23,97;77,67;19,78;6,35;Lettuce;AEROPONIC;5,815
14698,0;806,5;952,1;20,84;72,87;18,55;6,92;Kale;AEROPONIC;6,096
13107,3;800,9;1697,1;25,59;69,0;21,51;6,3;Bok Choy;HYDROPONIC;4,798
10895,6;812,4;1263,4;19,4;75,72;15,21;6,25;Chinese Cabbage;HYDROPONIC;4,398
13507,5;758,5;1797,4;25,42;80,06;21,29;6,64;Spinach;HYDROPONIC;4,594
23060,4;817,9;1572,9;21,51;71,74;17,99;6,38;Lettuce;SOIL_BASED;4,394
20856,9;709,9;1160,1;24,52;70,32;19,55;5,46;Chinese Cabbage;SOIL_BASED;3,101
20682,7;670,0;1760,0;22,79;51,68;18,71;5,68;Chinese Cabbage;AEROPONIC;4,43
12931,2;709,6;1567,4;22,49;70,23;19,77;6,3;Bok Choy;AEROPONIC;5,132
13470,4;908,3;1129,9;26,15;71,95;22,85;5,63;Kale;HYDROPONIC;5,699
17930,2;713,7;1198,1;27,77;70,67;22,03;6,3;Bok Choy;SOIL_BASED;3,623
14690,2;944,9;1357,7;21,08;60,34;17,09;6,49;Kale;AQUAPONIC;5,465
16564,0;844,6;1224,1;24,02;62,16;21,54;6,13;Kale;SOIL_BASED;4,381
10083,2;835,8;1548,1;20,46;74,14;16,06;6,09;Chinese Cabbage;AEROPONIC;4,555
16034,2;648,2;1382,1;22,21;64,7;18,95;6,07;Kale;SOIL_BASED;4,541
9259,7;899,1;1552,8;21,46;69,51;16,27;6,24;Lettuce;AEROPONIC;5,631
6246,8;728,3;1444,8;19,97;50,13;16,85;5,59;Lettuce;HYDROPONIC;5,313
13154,4;368,6;1103,4;26,47;67,87;23,27;6,34;Lettuce;AQUAPONIC;4,961
17831,7;891,0;860,2;23,79;74,85;18,72;6,5;Chinese Cabbage;HYDROPONIC;4,425
15819,2;896,6;1090,3;21,97;70,57;18,62;6,61;Bok Choy;HYDROPONIC;4,993
13875,6;711,0;1829,3;23,34;66,82;18,72;5,53;Spinach;AQUAPONIC;4,355
7117,5;870,7;1534,8;26,85;59,08;23,14;6,64;Kale;AQUAPONIC;5,511
8837,1;566,0;1311,0;26,38;52,76;22,34;6,15;Spinach;AQUAPONIC;4,413
13502,5;765,5;1641,4;25,06;61,36;20,56;6,25;Bok Choy;AEROPONIC;5,108
13289,6;1060,7;1288,6;21,63;76,84;16,78;6,19;Bok Choy;HYDROPONIC;5,102
14300,4;656,9;1309,5;23,83;67,54;18,37;5,94;Chinese Cabbage;AEROPONIC;4,699
20797,0;539,8;1379,9;20,45;73,87;17,06;5,66;Lettuce;AQUAPONIC;5,198
14997,2;772,2;1173,2;23,26;80,19;19,68;5,64;Lettuce;AEROPONIC;5,693
19198,1;985,7;1048,9;26,24;69,06;21,93;6,35;Bok Choy;AQUAPONIC;4,692
11977,6;534,1;1393,7;26,76;75,19;22,31;5,64;Chinese Cabbage;SOIL_BASED;3,21
6645,8;754,9;1285,5;21,7;77,65;18,48;6,13;Chinese Cabbage;AQUAPONIC;4,047
18261,4;910,7;1218,3;25,83;56,11;22,16;6,39;Kale;HYDROPONIC;5,67
19146,9;901,1;1419,3;25,26;61,52;21,83;5,85;Lettuce;HYDROPONIC;5,337
19622,2;802,1;1181,9;22,83;53,69;19,03;6,8;Bok Choy;HYDROPONIC;4,724
11197,4;726,3;1485,0;25,59;52,53;21,22;6,01;Spinach;AEROPONIC;4,817
12455,8;838,2;966,5;26,93;63,76;22,36;6,19;Lettuce;HYDROPONIC;5,766
12554,0;954,7;948,4;25,88;65,83;20,68;6,01;Kale;AQUAPONIC;5,372
16278,8;696,4;936,9;20,55;52,09;16,01;5,81;Chinese Cabbage;SOIL_BASED;3,15
11188,7;909,3;1283,0;22,72;71,86;19,63;6,52;Bok Choy;HYDROPONIC;5,247
15647,7;891,8;930,4;24,62;63,87;20,36;5,88;Lettuce;AEROPONIC;5,889
17706,6;759,3;1732,8;21,25;80,2;16,99;5,9;Spinach;SOIL_BASED;3,018
16979,0;603,1;1723,1;27,86;69,56;24,63;5,57;Kale;HYDROPONIC;5,921
10993,5;664,8;1383,0;24,38;69,5;20,65;5,99;Kale;HYDROPONIC;6,093
17870,0;1018,9;1521,1;22,23;66,26;17,51;5,85;Lettuce;SOIL_BASED;4,02
14744,2;1002,6;1058,6;22,06;66,99;18,67;6,77;Spinach;HYDROPONIC;4,931
12483,3;835,3;1581,3;21,55;71,15;16,68;6,38;Kale;AEROPONIC;6,087
18094,4;1136,3;1200,7;25,48;75,7;21,82;5,84;Bok Choy;AQUAPONIC;4,645
14732,8;791,8;1266,9;25,81;56,67;21,69;6,19;Kale;AQUAPONIC;5,281
19451,6;602,4;1229,4;21,64;60,88;18,47;5,89;Spinach;SOIL_BASED;3,282
18197,1;573,5;1094,8;27,61;70,5;23,4;5,84;Chinese Cabbage;AQUAPONIC;4,199
16911,0;599,6;1431,6;22,42;67,67;18,16;5,45;Chinese Cabbage;HYDROPONIC;4,349
14360,4;843,2;1139,4;21,27;74,73;17,75;5,78;Lettuce;HYDROPONIC;5,505
9509,5;710,1;1211,6;24,84;62,28;20,93;6,44;Spinach;AEROPONIC;4,783
9325,8;693,5;690,0;20,14;78,74;15,8;6,11;Kale;AQUAPONIC;5,361
23543,5;778,6;1377,5;19,68;63,6;14,91;6,06;Kale;SOIL_BASED;4,301
16366,7;1044,4;1253,3;20,83;65,3;16,56;5,93;Chinese Cabbage;HYDROPONIC;4,149
19131,0;1053,7;1035,8;21,3;77,31;15,26;5,95;Chinese Cabbage;SOIL_BASED;3,053
15043,9;829,6;1218,0;25,6;72,86;20,99;6,55;Bok Choy;HYDROPONIC;4,851
14137,8;913,7;1158,9;19,87;84,85;14,84;6,19;Chinese Cabbage;HYDROPONIC;4,201
14828,9;904,1;878,1;24,53;76,07;21,58;6,37;Bok Choy;AEROPONIC;5,297
15293,7;845,6;1702,1;25,86;78,96;21,92;6,21;Kale;AQUAPONIC;5,337
14657,7;621,5;1648,2;27,55;65,48;22,75;6,41;Bok Choy;AEROPONIC;5,254
20215,4;868,6;1465,6;22,12;79,08;17,62;6,42;Bok Choy;AQUAPONIC;4,283
17527,1;705,4;1604,7;22,34;68,59;16,97;5,91;Lettuce;SOIL_BASED;4,128
15886,9;685,7;1150,5;29,2;49,13;25,52;6,29;Chinese Cabbage;AQUAPONIC;3,385
17511,9;857,0;1277,7;27,29;72,03;24,25;6,41;Bok Choy;SOIL_BASED;3,72
17889,4;1031,1;1140,8;22,73;72,76;18,92;5,94;Kale;HYDROPONIC;5,633
15740,2;836,9;1345,5;26,71;58,72;24,25;6,0;Spinach;SOIL_BASED;3,364
16638,4;742,0;1528,1;24,19;71,06;19,17;6,69;Bok Choy;SOIL_BASED;3,962
17108,0;744,5;1260,5;23,55;68,98;20,97;6,55;Chinese Cabbage;HYDROPONIC;4,594
16947,7;882,3;945,0;30,45;78,31;25,64;6,07;Lettuce;SOIL_BASED;3,895
14455,1;749,6;1387,8;26,51;71,73;22,13;6,25;Kale;SOIL_BASED;4,41
17354,7;752,3;1122,7;28,78;68,0;23,27;6,33;Lettuce;HYDROPONIC;5,087
10796,9;695,0;1522,7;20,53;56,69;15,93;6,24;Spinach;HYDROPONIC;4,833
15055,4;699,5;1767,4;28,53;51,29;22,22;5,94;Bok Choy;HYDROPONIC;4,765
14526,6;938,3;1557,2;23,06;78,76;20,52;6,59;Bok Choy;AQUAPONIC;4,321
17135,4;802,6;1223,9;23,03;71,35;18,33;5,87;Chinese Cabbage;HYDROPONIC;4,276
12092,7;704,3;1309,8;24,59;65,96;18,37;6,62;Bok Choy;HYDROPONIC;4,993
12623,4;793,4;1255,2;24,93;72,71;21,97;6,24;Kale;SOIL_BASED;4,526
11598,5;857,2;1046,5;26,45;65,98;21,3;6,1;Spinach;AEROPONIC;4,944
16765,3;644,7;1142,1;25,97;50,99;22,16;6,1;Lettuce;AEROPONIC;5,238
8552,5;842,2;1240,4;21,67;76,61;17,12;6,25;Spinach;AQUAPONIC;4,195
11306,7;869,8;1222,1;20,71;77,7;15,9;6,48;Bok Choy;AQUAPONIC;4,682
7471,3;1034,3;961,7;22,96;65,21;19,83;6,48;Lettuce;AEROPONIC;5,82
12097,6;842,3;1291,7;23,46;67,65;18,85;6,45;Chinese Cabbage;AEROPONIC;4,381
14618,0;576,0;1264,8;23,75;62,79;20,2;5,06;Spinach;HYDROPONIC;4,756
18717,4;875,8;694,1;27,33;83,68;22,65;5,34;Lettuce;SOIL_BASED;3,955
19172,2;822,0;1247,8;24,02;78,23;19,47;5,43;Lettuce;HYDROPONIC;5,588
9614,3;801,1;669,4;30,88;61,1;24,36;6,28;Lettuce;AQUAPONIC;4,75
13175,8;956,3;1015,3;27,55;73,14;23,88;6,42;Kale;AEROPONIC;5,906
15978,7;847,7;972,4;22,66;60,54;18,39;6,44;Spinach;AQUAPONIC;4,127
13364,4;886,4;1219,7;18,53;61,09;15,52;6,44;Lettuce;HYDROPONIC;5,767
11597,8;679,9;1102,7;30,19;64,24;24,89;6,18;Spinach;AQUAPONIC;4,01
8355,1;848,9;1192,3;22,71;62,83;18,4;6,39;Lettuce;AQUAPONIC;5,271
10610,3;715,4;1773,5;26,1;54,75;21,09;6,68;Chinese Cabbage;SOIL_BASED;2,972
18975,2;715,2;1028,6;21,63;79,27;16,57;6,0;Chinese Cabbage;AQUAPONIC;3,843
18469,9;724,2;1565,9;27,98;69,8;23,74;6,34;Chinese Cabbage;HYDROPONIC;4,327
23932,8;581,9;1435,7;25,87;81,21;22,05;5,88;Bok Choy;SOIL_BASED;3,715
17620,5;736,8;1379,4;20,46;66,59;16,28;6,57;Lettuce;AQUAPONIC;4,65
11072,1;762,3;1600,3;18,03;55,52;12,81;5,56;Bok Choy;HYDROPONIC;4,806
16145,5;682,6;1161,6;24,03;76,72;19,51;5,75;Spinach;AEROPONIC;4,705
16439,6;1005,5;1241,2;24,89;70,22;20,35;6,05;Bok Choy;SOIL_BASED;3,657
16812,7;786,4;1059,8;25,64;65,74;19,42;6,18;Spinach;AQUAPONIC;4,318
13940,7;728,4;660,2;21,32;78,24;16,24;5,74;Spinach;AQUAPONIC;3,954
13508,4;684,1;1307,1;21,7;56,58;17,82;7,06;Spinach;SOIL_BASED;3,448
16196,8;973,6;1727,4;18,21;76,34;14,61;6,79;Bok Choy;HYDROPONIC;4,684
11535,9;692,5;920,3;21,95;74,1;18,44;5,92;Lettuce;AQUAPONIC;5,392
18339,9;794,4;946,2;18,93;69,97;13,89;6,0;Bok Choy;HYDROPONIC;5,136
10731,8;886,0;1357,9;21,5;55,44;18,28;5,87;Lettuce;SOIL_BASED;3,948
10365,4;609,6;1221,3;24,42;75,97;20,2;6,35;Lettuce;AQUAPONIC;5,182
13105,4;736,6;1670,4;24,38;74,33;19,36;5,6;Spinach;AEROPONIC;4,86
16439,9;812,7;1147,2;21,61;70,26;18,14;6,63;Bok Choy;AEROPONIC;5,186
18047,7;766,4;1678,4;24,26;67,54;18,83;6,58;Lettuce;AEROPONIC;5,669
16102,7;840,0;1395,7;27,64;58,41;25,03;6,34;Chinese Cabbage;SOIL_BASED;3,215
12363,8;790,8;1573,9;22,72;58,48;18,05;6,06;Lettuce;AQUAPONIC;4,875
13951,2;895,2;1071,1;19,92;61,41;15,88;5,59;Chinese Cabbage;SOIL_BASED;3,536
12937,8;624,7;1222,2;25,7;54,61;21,28;5,54;Bok Choy;AQUAPONIC;4,88
18214,9;849,0;1322,4;26,56;54,89;22,02;5,73;Bok Choy;AEROPONIC;5,234
15233,3;777,6;1371,7;21,55;64,23;17,42;6,45;Bok Choy;AEROPONIC;5,193
19371,2;790,9;1090,5;21,57;56,67;17,27;6,47;Lettuce;HYDROPONIC;5,545
17191,8;831,7;1149,2;17,95;66,02;14,18;5,85;Kale;SOIL_BASED;4,182
13551,0;616,0;1680,5;22,21;68,56;18,11;6,54;Lettuce;SOIL_BASED;4,121
14050,5;738,8;1514,6;20,92;55,68;16,75;6,37;Lettuce;HYDROPONIC;5,483
14786,3;926,3;960,2;19,24;75,03;16,6;5,31;Spinach;AEROPONIC;4,897
14295,3;657,4;1348,7;22,48;76,59;18,43;5,86;Spinach;AEROPONIC;4,684
17171,6;804,5;1594,3;23,49;49,42;19,68;5,9;Lettuce;SOIL_BASED;3,997
15980,6;803,7;1089,5;22,97;79,5;18,36;6,48;Chinese Cabbage;AQUAPONIC;4,105
12583,7;815,2;1417,5;22,59;72,75;17,89;6,25;Spinach;AEROPONIC;5,041
21661,9;423,4;1428,4;27,77;68,8;22,36;6,6;Lettuce;HYDROPONIC;5,69
15230,3;998,7;840,7;24,36;80,43;18,8;6,65;Kale;HYDROPONIC;5,944
11116,9;644,8;1078,3;25,32;68,9;22,09;6,48;Chinese Cabbage;HYDROPONIC;4,408
16667,9;981,9;1142,9;28,57;61,37;23,14;6,09;Bok Choy;SOIL_BASED;3,39
10806,0;642,4;1280,0;26,26;55,31;24,06;6,13;Lettuce;SOIL_BASED;3,929
15605,0;841,0;1137,1;22,73;67,0;18,53;6,26;Lettuce;SOIL_BASED;3,833
14307,9;717,6;1382,1;18,31;66,97;13,99;6,0;Chinese Cabbage;SOIL_BASED;3,246
14721,8;661,9;1196,7;22,46;53,52;17,7;5,08;Spinach;HYDROPONIC;4,588
11553,7;1163,3;874,6;27,58;64,96;23,67;6,36;Spinach;HYDROPONIC;4,379
14079,5;744,6;574,6;26,24;81,05;21,84;6,25;Spinach;SOIL_BASED;3,401
14138,4;573,3;1140,0;22,47;72,29;18,43;6,57;Bok Choy;SOIL_BASED;3,669
14462,1;988,0;1320,1;23,28;56,54;17,84;5,68;Chinese Cabbage;HYDROPONIC;4,442
20983,1;901,4;1278,8;23,86;70,59;19,61;5,75;Chinese Cabbage;SOIL_BASED;3,436
12549,5;1006,1;998,1;21,78;73,97;16,54;6,8;Spinach;SOIL_BASED;3,508
15266,3;585,9;1496,6;21,94;76,76;18,45;5,47;Spinach;SOIL_BASED;3,243
9912,9;649,2;1176,4;21,68;72,97;16,48;5,68;Kale;SOIL_BASED;4,492
7256,3;834,2;1501,3;24,88;77,87;21,41;6,29;Kale;AEROPONIC;6,526
13375,5;727,2;1511,4;20,54;74,42;15,6;5,44;Lettuce;SOIL_BASED;4,253
19461,1;694,9;1493,2;27,54;65,93;23,24;5,65;Lettuce;HYDROPONIC;5,625
10093,4;881,3;1446,3;23,48;70,81;19,02;6,26;Chinese Cabbage;HYDROPONIC;4,215
17019,5;602,8;970,8;20,4;66,05;14,26;5,86;Chinese Cabbage;HYDROPONIC;4,26
18650,5;606,1;1227,3;26,37;71,43;22,57;5,96;Bok Choy;HYDROPONIC;5,07
19506,6;822,6;1667,7;27,7;74,25;22,68;6,2;Bok Choy;SOIL_BASED;3,595
16838,4;638,2;1215,7;32,3;67,36;27,83;6,38;Kale;AEROPONIC;6,087
11705,5;712,8;879,5;27,34;70,58;21,57;6,4;Lettuce;AQUAPONIC;5,241
10237,2;810,5;1466,1;21,05;63,89;15,42;6,14;Kale;AQUAPONIC;5,317
7900,9;681,8;1419,7;24,09;65,4;18,75;6,17;Kale;AQUAPONIC;5,264
21039,1;655,5;1251,3;30,58;67,41;26,02;6,65;Lettuce;AQUAPONIC;4,872
17538,4;965,6;1205,6;21,32;63,24;18,31;6,38;Bok Choy;HYDROPONIC;4,969
16743,6;749,1;1340,1;19,94;79,28;15,78;6,42;Lettuce;SOIL_BASED;4,221
6164,1;874,3;1475,6;22,41;73,07;19,68;6,17;Spinach;SOIL_BASED;3,442
16701,8;695,4;1300,6;20,66;74,29;17,43;6,35;Spinach;AQUAPONIC;4,65
15200,9;757,0;1431,0;21,8;72,76;18,01;6,38;Spinach;AQUAPONIC;4,404
15655,4;810,0;1713,3;21,65;69,44;16,86;5,76;Chinese Cabbage;AEROPONIC;4,685
13035,6;781,2;1209,5;25,5;57,65;22,25;6,09;Bok Choy;AEROPONIC;5,153
15073,1;814,0;1979,2;19,87;77,54;16,6;5,54;Bok Choy;AEROPONIC;4,85
10834,4;1089,9;1752,0;23,87;85,69;21,94;6,55;Chinese Cabbage;HYDROPONIC;4,05
14769,7;918,3;1157,0;21,36;73,62;15,89;5,32;Kale;SOIL_BASED;4,402
10039,5;861,5;1810,5;25,04;61,31;20,85;6,28;Spinach;HYDROPONIC;4,808
18073,0;941,1;1141,1;25,34;73,05;20,33;6,51;Spinach;HYDROPONIC;4,486
17462,8;718,7;1913,8;26,0;61,2;21,35;5,58;Kale;SOIL_BASED;4,123
17040,5;1019,0;1213,2;26,0;63,95;22,38;5,64;Lettuce;AEROPONIC;5,496
9222,1;564,5;1413,8;21,76;47,43;17,33;6,13;Lettuce;SOIL_BASED;4,093
14812,3;856,7;1408,7;23,49;79,64;18,5;5,54;Bok Choy;AQUAPONIC;4,298
17033,0;977,9;1180,6;27,62;70,69;24,01;6,12;Chinese Cabbage;AEROPONIC;4,615
17173,4;574,3;1396,8;24,74;72,87;19,96;6,81;Bok Choy;SOIL_BASED;3,555
20710,1;793,1;1581,7;25,98;74,71;22,0;6,11;Lettuce;HYDROPONIC;5,391
11128,7;703,8;1302,2;20,09;72,06;15,27;6,54;Kale;SOIL_BASED;4,594
13434,7;587,0;1348,1;26,17;76,3;22,07;6,23;Bok Choy;AEROPONIC;5,093
16017,0;811,2;1490,9;18,22;79,61;12,79;6,31;Spinach;AQUAPONIC;4,651
15090,0;730,7;991,2;19,22;67,7;13,52;5,38;Spinach;HYDROPONIC;4,641
17495,7;941,8;1301,9;20,98;53,88;15,94;6,05;Kale;AQUAPONIC;5,29
8022,1;771,5;1607,2;24,69;60,83;18,79;6,37;Lettuce;AQUAPONIC;5,057
13352,0;625,1;1207,7;25,17;73,26;20,25;6,5;Spinach;HYDROPONIC;4,512
13378,1;757,6;1435,9;21,22;59,27;18,01;6,71;Spinach;SOIL_BASED;3,445
17239,7;709,8;849,2;18,11;67,47;14,49;5,85;Chinese Cabbage;SOIL_BASED;3,081
18706,8;992,3;1307,1;26,17;89,26;20,25;5,96;Bok Choy;AQUAPONIC;4,492
15635,8;833,6;1243,5;25,15;76,88;21,71;5,9;Lettuce;SOIL_BASED;4,223
21499,9;780,9;1293,1;24,7;50,9;20,5;5,85;Bok Choy;AEROPONIC;5,147
14276,7;1064,0;1236,6;28,89;87,81;26,29;6,25;Lettuce;AQUAPONIC;5,005
12347,3;824,4;1601,6;23,92;79,62;19,97;6,18;Spinach;AQUAPONIC;4,122
20200,2;718,7;1044,0;20,72;73,64;15,5;6,41;Chinese Cabbage;AQUAPONIC;4,094
13902,2;733,7;1188,9;27,22;69,14;22,42;5,43;Bok Choy;AEROPONIC;5,121
11899,2;857,9;1076,5;22,36;56,28;18,05;5,89;Spinach;AQUAPONIC;4,365
18048,4;671,9;936,5;23,21;64,83;20,2;6,72;Lettuce;SOIL_BASED;4,172
11984,0;1226,3;1262,2;22,0;51,14;17,02;6,18;Bok Choy;SOIL_BASED;3,625
16433,9;823,4;1035,2;21,17;76,09;16,1;6,0;Bok Choy;SOIL_BASED;3,843
19303,5;803,7;1343,9;22,32;69,58;17,95;6,33;Spinach;SOIL_BASED;3,448
14511,5;516,3;1350,7;27,76;61,68;23,31;5,7;Bok Choy;AQUAPONIC;4,348
19074,0;450,3;1321,1;20,51;76,59;16,58;6,59;Chinese Cabbage;AEROPONIC;4,278
15963,5;689,0;1430,2;26,49;70,83;22,39;5,98;Chinese Cabbage;HYDROPONIC;4,445
9133,8;702,3;672,5;18,32;81,93;15,1;5,39;Spinach;SOIL_BASED;3,012
17823,6;677,0;1668,8;27,98;64,23;22,73;6,61;Lettuce;HYDROPONIC;5,345
19937,6;756,4;1264,4;28,28;79,84;23,44;6,52;Spinach;HYDROPONIC;4,823
16309,6;494,2;1458,4;20,63;69,91;16,36;5,94;Chinese Cabbage;AQUAPONIC;4,109
13363,5;868,8;1020,3;23,72;61,42;19,9;6,54;Kale;SOIL_BASED;4,448
15584,4;772,7;948,5;25,3;73,05;19,98;6,42;Kale;SOIL_BASED;4,164
12706,5;846,1;1412,4;21,81;68,63;16,97;6,67;Bok Choy;SOIL_BASED;3,907
19507,7;819,6;1468,4;28,77;71,87;23,87;6,07;Bok Choy;HYDROPONIC;4,744
15484,0;666,1;960,7;23,56;59,62;18,6;6,17;Kale;SOIL_BASED;4,274
15837,2;834,5;1435,3;22,04;48,36;17,43;6,73;Chinese Cabbage;SOIL_BASED;2,844
14067,8;976,8;1462,2;23,72;63,79;19,75;5,15;Bok Choy;AEROPONIC;4,978
18393,5;674,0;1443,5;21,44;72,86;19,06;6,01;Spinach;AQUAPONIC;4,531
11434,1;925,5;1319,8;23,56;72,61;20,2;6,53;Spinach;SOIL_BASED;3,662
22933,0;967,1;1360,7;22,24;64,14;19,57;5,68;Chinese Cabbage;SOIL_BASED;3,482
14774,9;797,9;1724,8;21,32;69,99;16,8;6,17;Bok Choy;AQUAPONIC;4,556
15416,3;757,9;1129,0;25,73;64,67;20,77;5,93;Spinach;AQUAPONIC;4,25
11322,7;741,0;1507,8;18,76;66,86;14,36;5,63;Bok Choy;HYDROPONIC;4,534
20457,9;796,1;1389,5;28,44;78,73;25,28;5,95;Bok Choy;HYDROPONIC;4,858
16229,1;1119,1;923,3;24,15;56,66;20,32;6,17;Spinach;HYDROPONIC;4,518
17374,5;687,1;909,6;28,67;84,04;24,09;6,44;Kale;AQUAPONIC;5,151
12663,5;857,8;1323,7;26,19;69,48;22,66;6,86;Spinach;AEROPONIC;4,869
19366,3;832,1;864,1;19,74;85,16;15,46;5,9;Chinese Cabbage;SOIL_BASED;3,076
12483,6;932,6;657,0;23,7;83,82;19,29;6,31;Lettuce;AQUAPONIC;4,849
17814,5;774,2;2138,5;18,47;48,67;13,88;6,59;Spinach;AEROPONIC;4,388
13268,0;829,9;1028,8;20,97;69,56;17,69;6,24;Bok Choy;AQUAPONIC;4,608
10425,4;666,3;1519,0;23,12;59,66;17,78;5,73;Bok Choy;AEROPONIC;5,23
12882,8;697,3;1340,9;21,53;66,85;17,01;6,54;Spinach;AQUAPONIC;4,423
10576,1;770,5;1884,9;22,17;71,89;18,2;6,65;Lettuce;AQUAPONIC;4,982
14382,4;542,9;1771,9;21,63;80,39;17,47;6,38;Spinach;AEROPONIC;5,326
20095,3;725,1;1426,0;29,74;58,78;24,08;5,95;Lettuce;AEROPONIC;5,282
20852,3;846,4;911,2;23,83;89,5;20,09;6,07;Lettuce;AEROPONIC;5,585
23233,7;953,9;1678,8;25,25;63,06;21,58;5,34;Chinese Cabbage;AEROPONIC;4,175
13726,4;702,9;957,1;23,35;56,58;19,1;6,2;Bok Choy;AEROPONIC;5,105
14256,1;768,7;1558,7;24,44;77,31;21,39;6,51;Bok Choy;AEROPONIC;5,193
15493,3;784,0;1022,6;17,74;69,08;12,01;5,66;Lettuce;AEROPONIC;5,793
8805,9;700,6;1150,3;28,18;86,8;24,87;6,12;Bok Choy;AEROPONIC;5,047
12554,1;726,8;1884,5;21,48;59,64;16,74;5,88;Kale;AQUAPONIC;5,438
12457,9;890,5;1343,9;26,71;69,57;22,38;6,62;Lettuce;AEROPONIC;5,212
11443,3;1100,0;1076,9;26,82;78,8;22,66;6,41;Bok Choy;AEROPONIC;5,186
13337,5;818,9;1223,2;18,46;60,81;13,88;6,51;Kale;AQUAPONIC;5,612
9553,2;933,2;1342,0;23,66;78,89;19,98;6,13;Chinese Cabbage;AQUAPONIC;3,823
14859,6;584,7;1058,2;24,63;71,38;19,92;6,29;Bok Choy;HYDROPONIC;4,687
8971,4;830,9;1449,6;23,81;59,45;20,32;5,67;Kale;HYDROPONIC;6,21
12429,7;1001,6;1068,1;23,5;78,74;19,98;6,11;Spinach;AEROPONIC;5,437
8626,4;938,8;723,3;22,28;66,33;19,04;5,8;Spinach;AEROPONIC;4,669
18519,2;752,0;1223,3;21,5;78,1;17,55;5,79;Kale;HYDROPONIC;5,968
21521,0;922,9;1122,3;26,46;62,03;22,19;5,69;Lettuce;HYDROPONIC;5,669
12629,4;826,6;1317,8;24,61;55,66;19,94;5,61;Lettuce;SOIL_BASED;4,17
11502,8;580,9;1228,0;24,02;64,26;20,16;5,86;Bok Choy;SOIL_BASED;3,707
16811,1;662,1;1505,1;19,02;66,96;14,65;6,23;Spinach;AEROPONIC;4,925
12336,0;883,1;1466,3;22,78;69,66;18,65;6,08;Lettuce;SOIL_BASED;4,45
10287,5;747,4;757,7;23,34;72,54;18,79;6,78;Lettuce;HYDROPONIC;5,369
8444,0;562,4;1267,5;25,85;84,66;22,22;6,55;Spinach;AEROPONIC;4,779
10142,4;811,7;1164,4;18,62;67,12;14,03;6,34;Chinese Cabbage;AQUAPONIC;4,056
18618,9;692,2;1200,5;20,43;83,15;16,73;6,25;Lettuce;AQUAPONIC;5,193
18796,4;388,8;814,0;28,54;76,71;24,0;5,92;Kale;HYDROPONIC;5,791
12737,7;763,5;455,4;21,27;67,31;17,33;6,52;Bok Choy;SOIL_BASED;3,537
16105,4;523,5;1669,0;18,32;70,61;13,4;5,93;Lettuce;AQUAPONIC;5,255
19021,7;769,1;1218,4;21,55;71,36;17,11;6,29;Lettuce;SOIL_BASED;4,201
9972,5;763,9;1356,0;21,28;76,72;16,13;6,74;Chinese Cabbage;AQUAPONIC;3,768
15337,1;1120,5;1101,2;25,32;78,02;20,73;5,73;Kale;SOIL_BASED;4,292
8327,0;865,3;906,6;25,29;56,1;21,16;5,83;Bok Choy;AQUAPONIC;4,413
13766,4;825,7;1138,1;20,79;76,32;15,72;5,62;Lettuce;AQUAPONIC;5,342
17229,9;964,9;1016,6;22,44;71,47;19,43;5,48;Bok Choy;AEROPONIC;5,206
19402,3;720,0;1438,2;25,0;71,34;20,82;6,13;Spinach;AEROPONIC;5,22
16758,0;720,0;1367,2;25,1;66,87;20,95;6,4;Lettuce;HYDROPONIC;5,486
6629,2;673,3;1451,9;20,6;73,98;16,16;6,45;Lettuce;AQUAPONIC;5,128
10621,9;947,4;1380,6;20,91;75,55;17,43;5,89;Spinach;SOIL_BASED;3,333
13634,3;807,5;775,4;29,43;68,95;24,56;6,38;Chinese Cabbage;AQUAPONIC;3,975
15418,6;684,2;1185,1;22,77;76,68;17,39;6,6;Lettuce;SOIL_BASED;3,828
15147,6;894,2;1066,6;27,68;62,64;23,52;6,55;Bok Choy;SOIL_BASED;3,344
12048,2;605,8;1323,5;24,14;68,1;20,24;5,62;Kale;AQUAPONIC;5,711
18015,7;656,4;1109,5;26,57;71,07;22,02;5,91;Bok Choy;SOIL_BASED;3,798
14739,2;736,0;1360,4;25,25;65,37;21,76;6,13;Chinese Cabbage;HYDROPONIC;4,445
10543,4;794,9;1372,8;23,98;65,19;20,17;5,91;Kale;AEROPONIC;6,404
12444,4;828,0;1213,5;23,95;60,1;20,07;5,76;Bok Choy;SOIL_BASED;3,599
24025,1;748,5;1352,7;20,03;71,67;16,22;6,66;Bok Choy;AQUAPONIC;4,62
19066,3;814,6;1377,8;23,03;84,53;19,03;5,93;Spinach;AEROPONIC;4,945
17756,8;891,3;1312,1;22,04;73,12;17,26;5,95;Chinese Cabbage;HYDROPONIC;4,366
15617,8;1004,3;1372,6;22,58;66,57;18,63;6,41;Spinach;SOIL_BASED;3,64
11030,7;785,7;1452,0;22,47;79,18;18,27;5,86;Kale;SOIL_BASED;4,206
14236,3;1024,3;1184,9;23,95;67,71;20,42;6,02;Spinach;AEROPONIC;4,85
12206,9;798,0;1087,0;25,29;74,38;20,29;5,66;Chinese Cabbage;SOIL_BASED;2,834
14093,9;741,1;1370,3;23,11;72,76;19,66;6,47;Lettuce;AQUAPONIC;5,424
11276,7;706,3;1129,6;26,17;55,31;21,47;6,26;Lettuce;AEROPONIC;5,747
16432,2;593,3;1277,5;22,34;68,85;17,87;6,87;Kale;AEROPONIC;6,017
11825,0;713,1;1245,1;23,74;86,22;21,41;6,15;Lettuce;SOIL_BASED;3,797
12166,1;888,0;1718,5;30,57;63,39;27,22;6,72;Spinach;HYDROPONIC;4,614
16061,0;668,8;1477,2;20,14;81,54;15,6;6,13;Kale;HYDROPONIC;5,901
21445,9;668,0;1600,7;22,32;76,61;18,31;6,35;Chinese Cabbage;HYDROPONIC;4,314
10832,6;707,6;1386,9;18,42;64,18;14,25;6,35;Kale;HYDROPONIC;6,055
12106,5;869,0;1354,6;24,14;68,9;20,25;6,4;Kale;AEROPONIC;6,079
14703,9;686,6;1388,1;23,55;59,86;20,01;6,33;Bok Choy;AEROPONIC;5,393
12826,0;495,5;1161,1;23,85;76,08;17,72;6,24;Bok Choy;SOIL_BASED;3,599
6794,3;525,6;983,3;20,95;59,97;16,31;6,22;Kale;HYDROPONIC;5,588
20133,5;652,3;1431,0;21,37;72,28;16,38;6,48;Lettuce;HYDROPONIC;5,62
10803,2;787,7;1412,9;23,65;84,39;20,43;6,07;Bok Choy;SOIL_BASED;3,809
15636,4;741,4;1651,1;19,57;63,35;15,46;6,02;Chinese Cabbage;SOIL_BASED;2,898
17131,0;761,9;1503,2;25,97;71,79;21,44;5,86;Spinach;SOIL_BASED;3,429
10651,2;977,0;1166,6;19,61;56,14;16,16;6,04;Bok Choy;AQUAPONIC;4,336
15486,7;1030,9;990,2;23,08;69,21;18,83;6,38;Kale;SOIL_BASED;4,626
16782,1;624,0;1370,7;22,28;60,24;17,34;6,16;Lettuce;SOIL_BASED;4,119
7356,4;594,0;1286,5;22,1;70,93;17,85;6,52;Spinach;AQUAPONIC;4,348
13862,2;931,5;1134,1;19,0;64,3;14,64;5,94;Bok Choy;HYDROPONIC;4,815
15918,1;790,3;1422,0;23,38;60,43;18,38;6,0;Lettuce;AEROPONIC;6,1
17875,0;783,6;971,2;20,12;67,68;16,21;5,71;Lettuce;HYDROPONIC;5,232
8393,5;636,2;1119,0;23,89;46,31;18,92;6,37;Lettuce;AEROPONIC;5,544
14851,3;589,6;2021,5;21,37;59,88;17,44;5,39;Kale;AEROPONIC;6,143
17750,1;423,0;1024,0;23,36;89,0;20,2;6,61;Chinese Cabbage;SOIL_BASED;3,108
15633,9;793,7;1394,9;18,43;66,9;13,75;6,51;Lettuce;SOIL_BASED;3,749
17095,4;906,7;1541,3;26,05;64,8;21,13;6,68;Spinach;AQUAPONIC;4,425
17028,7;859,2;1500,2;26,57;72,02;23,62;6,24;Bok Choy;HYDROPONIC;4,76
11352,0;817,4;1456,0;21,95;77,85;18,67;7,03;Spinach;HYDROPONIC;4,868
17757,9;636,7;1397,5;31,34;82,88;27,99;6,53;Kale;AEROPONIC;6,035
17128,8;579,6;1275,8;25,63;68,43;22,49;6,48;Kale;SOIL_BASED;4,145
12783,3;876,4;1653,5;22,78;67,24;18,17;6,27;Spinach;SOIL_BASED;3,417
14256,5;606,3;1639,2;22,13;72,27;17,6;5,59;Chinese Cabbage;HYDROPONIC;4,188
17386,6;659,2;1540,9;21,31;69,5;17,47;6,1;Kale;AQUAPONIC;5,4
18998,5;667,9;1696,1;21,85;67,58;18,74;5,98;Kale;SOIL_BASED;4,334
13868,8;777,8;1527,7;23,19;74,12;19,32;6,04;Spinach;AQUAPONIC;4,05
15866,8;786,1;1193,5;23,38;73,99;18,54;6,08;Kale;HYDROPONIC;5,756
19264,5;897,8;1100,4;19,57;69,51;14,41;6,39;Chinese Cabbage;HYDROPONIC;4,346
12712,5;785,2;1376,2;27,29;89,5;24,81;6,14;Chinese Cabbage;AQUAPONIC;3,614
19905,7;765,2;1355,7;25,7;85,21;22,61;5,68;Chinese Cabbage;SOIL_BASED;3,274
11456,1;946,0;1400,3;28,67;73,72;23,68;5,56;Bok Choy;HYDROPONIC;4,784
13899,4;688,6;1678,5;24,53;78,85;19,02;6,36;Chinese Cabbage;AEROPONIC;4,36
17171,2;783,4;1181,8;26,43;63,27;21,79;5,78;Chinese Cabbage;HYDROPONIC;4,371
18669,4;630,4;1240,5;20,0;69,26;16,78;5,42;Bok Choy;SOIL_BASED;3,58
15239,0;802,1;1357,8;25,19;75,21;21,74;6,12;Lettuce;AEROPONIC;5,772
8052,8;897,1;1241,4;18,48;80,86;14,28;6,31;Kale;HYDROPONIC;6,102
13817,3;689,0;803,7;20,78;60,21;16,92;6,13;Chinese Cabbage;SOIL_BASED;2,795
13711,3;1020,1;1160,2;30,52;63,41;26,38;5,86;Kale;SOIL_BASED;4,152
14054,5;784,5;1024,2;22,52;69,68;18,37;6,77;Spinach;HYDROPONIC;4,816
18784,2;860,8;1635,7;23,45;81,97;18,71;5,66;Kale;SOIL_BASED;4,264
10589,7;556,7;1064,9;25,47;69,66;21,86;6,28;Bok Choy;AQUAPONIC;4,353
14198,4;983,5;1269,0;23,39;78,8;18,93;6,31;Kale;AEROPONIC;6,17
13910,5;938,2;1293,4;20,64;67,65;17,18;6,19;Kale;AQUAPONIC;5,487
13710,2;494,1;1409,6;20,71;75,21;16,8;6,27;Kale;HYDROPONIC;5,934
11288,5;579,9;1347,6;25,74;59,74;21,69;6,48;Lettuce;AQUAPONIC;5,025
15316,4;895,5;1361,6;24,34;62,59;20,11;5,87;Lettuce;HYDROPONIC;5,391
13150,9;917,2;1051,3;25,84;66,87;22,8;6,29;Spinach;HYDROPONIC;4,517
12168,7;509,8;1208,7;25,14;58,82;21,87;6,04;Bok Choy;SOIL_BASED;3,354
12789,0;886,1;919,4;23,67;58,33;19,79;5,8;Kale;SOIL_BASED;4,336
12472,3;683,3;1378,5;23,54;65,16;18,41;5,7;Kale;HYDROPONIC;5,87
11136,6;765,3;1079,8;23,77;56,12;19,96;5,99;Kale;AEROPONIC;6,148
11769,6;748,7;1630,6;22,48;67,45;20,19;6,26;Kale;AEROPONIC;6,505
9296,6;668,8;765,8;22,51;70,85;17,84;6,02;Lettuce;AEROPONIC;5,761
20650,7;744,4;1780,4;24,91;61,3;20,55;6,32;Spinach;AQUAPONIC;4,513
15174,3;645,8;1340,7;27,53;65,41;23,83;6,35;Chinese Cabbage;HYDROPONIC;4,106
14127,1;691,3;1200,3;18,81;65,17;14,52;6,03;Bok Choy;SOIL_BASED;3,736
18030,0;610,4;1423,1;30,18;81,5;24,92;6,29;Kale;AQUAPONIC;5,149
15445,3;960,4;1660,1;25,44;69,36;21,36;7,0;Spinach;AQUAPONIC;4,07
16650,8;706,0;1770,4;24,72;87,19;20,95;6,49;Chinese Cabbage;SOIL_BASED;2,861
15096,6;919,8;1278,8;20,68;64,49;16,98;5,45;Spinach;HYDROPONIC;4,652
20639,8;862,4;761,3;21,51;64,47;17,66;6,81;Lettuce;AQUAPONIC;5,279
23523,2;938,2;1258,1;25,21;77,78;21,61;6,38;Chinese Cabbage;HYDROPONIC;4,493
21052,9;714,4;1142,3;24,2;46,57;20,0;5,78;Spinach;HYDROPONIC;4,581
3681,7;750,3;1450,5;19,88;74,63;14,42;5,92;Lettuce;HYDROPONIC;5,634
12389,5;794,7;1172,5;21,09;67,21;17,26;6,57;Spinach;SOIL_BASED;3,282
12585,0;603,2;985,8;21,43;68,96;18,15;6,32;Spinach;HYDROPONIC;4,78
19181,3;790,8;1144,1;21,19;65,15;18,06;6,36;Chinese Cabbage;AQUAPONIC;3,78
13092,4;735,8;1635,0;24,26;73,01;21,47;5,77;Lettuce;SOIL_BASED;4,291
13367,3;951,9;1313,9;20,63;52,3;16,95;6,02;Kale;SOIL_BASED;4,263
12819,2;986,7;1535,5;25,68;61,68;22,09;5,93;Bok Choy;AQUAPONIC;4,564
13371,4;1042,3;1172,5;19,34;84,65;15,06;6,41;Chinese Cabbage;SOIL_BASED;3,13
14422,0;519,9;1586,1;26,23;68,54;20,64;6,13;Lettuce;AQUAPONIC;4,852
16498,4;880,5;1054,1;32,07;57,95;27,49;6,15;Spinach;AEROPONIC;4,687
14157,7;731,5;1083,2;25,68;68,53;20,9;6,16;Lettuce;AQUAPONIC;4,913
14011,1;680,8;1635,4;21,98;74,35;16,49;5,99;Bok Choy;SOIL_BASED;3,627
12820,4;1000,6;1623,6;22,1;68,82;19,15;5,64;Bok Choy;AQUAPONIC;4,569
15317,4;633,3;784,2;20,35;67,04;15,29;6,39;Kale;AEROPONIC;6,099
7950,4;810,1;1538,7;26,52;62,98;21,4;6,3;Kale;HYDROPONIC;5,753
8446,1;643,2;931,8;23,96;57,24;20,39;6,08;Bok Choy;HYDROPONIC;4,717
10990,6;428,3;1556,6;18,43;52,1;13,76;6,09;Chinese Cabbage;HYDROPONIC;3,997
16667,7;562,1;1549,7;19,43;60,93;16,46;5,96;Chinese Cabbage;SOIL_BASED;2,979
8653,3;445,8;1689,9;18,58;79,16;14,95;6,49;Spinach;AEROPONIC;4,649
17845,7;716,6;1723,0;25,63;64,39;20,1;6,19;Kale;AQUAPONIC;5,398
14906,1;593,2;1341,3;20,69;66,62;16,76;5,88;Spinach;AQUAPONIC;4,223
10666,1;947,6;1215,6;25,83;55,06;22,11;6,21;Kale;AQUAPONIC;5,387
16284,2;863,9;1274,5;21,94;68,05;18,55;5,75;Bok Choy;AQUAPONIC;4,673
11221,4;646,4;1247,3;25,72;64,57;21,49;5,99;Chinese Cabbage;SOIL_BASED;3,108
14540,2;630,6;1212,5;22,78;65,17;19,47;6,17;Chinese Cabbage;SOIL_BASED;2,927
12691,1;696,5;1231,5;26,16;62,95;22,64;6,27;Bok Choy;AEROPONIC;5,239
17969,7;725,5;1573,1;21,28;63,07;15,99;5,87;Spinach;AQUAPONIC;4,247
17361,5;957,1;943,4;21,44;65,93;18,09;5,94;Spinach;HYDROPONIC;4,958
18015,6;703,6;1560,8;22,23;67,73;19,87;6,11;Lettuce;SOIL_BASED;3,944
18851,7;794,2;1277,8;25,83;48,79;21,99;5,7;Kale;AEROPONIC;6,06
17077,7;699,8;897,2;20,47;53,71;15,52;5,75;Spinach;AEROPONIC;4,81
15520,9;862,5;1434,6;21,89;63,52;18,58;6,0;Bok Choy;SOIL_BASED;3,675
8053,6;884,8;876,2;22,8;75,84;19,07;5,66;Spinach;HYDROPONIC;4,702
14614,6;952,2;1302,5;24,62;55,96;18,88;6,04;Chinese Cabbage;HYDROPONIC;4,347
7375,4;914,2;1831,3;22,39;72,93;17,51;6,16;Kale;AQUAPONIC;5,373
10065,1;429,6;1163,5;25,12;82,08;21,41;5,68;Lettuce;SOIL_BASED;4,113
17195,1;559,4;1182,6;21,41;65,73;17,08;6,13;Kale;HYDROPONIC;6,119
10336,0;810,2;1484,5;26,27;64,19;21,94;5,5;Chinese Cabbage;SOIL_BASED;3,136
16138,7;814,3;1445,1;25,62;72,57;22,58;6,09;Chinese Cabbage;AEROPONIC;4,53
13827,3;739,0;1445,3;21,9;68,93;18,2;6,07;Chinese Cabbage;AEROPONIC;4,671
13832,0;919,2;1161,7;25,52;62,71;20,91;6,05;Chinese Cabbage;AEROPONIC;4,374
13259,2;998,1;1403,4;20,44;70,32;17,17;6,63;Bok Choy;SOIL_BASED;3,973
16229,6;680,3;1132,0;23,95;62,17;19,89;6,57;Lettuce;AQUAPONIC;4,894
13383,7;554,2;1401,3;21,29;79,7;18,74;5,61;Chinese Cabbage;AQUAPONIC;4,015
12979,1;843,4;1246,2;24,38;66,18;19,16;6,21;Chinese Cabbage;HYDROPONIC;4,478
15869,6;692,2;1478,6;23,02;71,6;16,93;5,88;Spinach;SOIL_BASED;3,333
14210,6;470,8;1515,1;21,37;82,15;16,97;6,4;Lettuce;AQUAPONIC;5,21
10489,1;821,6;1393,2;19,1;66,46;15,36;5,93;Kale;SOIL_BASED;4,574
14165,0;844,2;1080,0;22,89;61,61;20,64;6,34;Lettuce;AQUAPONIC;5,367
9959,8;677,5;888,0;26,84;63,13;22,2;6,24;Lettuce;AEROPONIC;5,545
14498,9;756,7;985,5;24,3;67,97;19,47;5,96;Lettuce;AEROPONIC;6,153
18769,1;825,8;1026,9;19,12;66,78;14,66;5,98;Chinese Cabbage;HYDROPONIC;4,319
11215,4;992,8;2057,8;22,85;66,48;17,7;6,27;Chinese Cabbage;AEROPONIC;4,365
17449,7;869,2;1451,4;26,83;70,97;22,3;6,18;Bok Choy;AQUAPONIC;4,264
16652,1;562,7;1338,9;22,63;69,04;18,86;5,63;Kale;HYDROPONIC;5,996
9125,4;995,0;1136,2;20,78;64,07;17,99;6,82;Spinach;HYDROPONIC;4,726
14862,0;1027,1;1523,8;28,39;68,09;23,97;6,34;Lettuce;AEROPONIC;5,476
18600,8;841,2;1229,9;20,47;62,14;17,27;6,17;Kale;SOIL_BASED;4,018
12410,9;943,2;1368,9;22,87;63,89;18,25;6,38;Kale;AEROPONIC;6,127
12266,1;604,4;1435,8;21,78;48,17;16,32;5,69;Bok Choy;AEROPONIC;4,894
11574,0;785,6;1388,3;25,33;60,92;19,75;5,64;Spinach;HYDROPONIC;4,442
15363,3;903,7;1297,8;24,85;74,93;22,1;5,54;Lettuce;AEROPONIC;5,916
8827,5;817,6;1016,2;20,99;73,35;15,9;5,37;Spinach;AQUAPONIC;4,658
10306,6;672,3;1295,6;21,54;74,21;16,91;6,16;Bok Choy;HYDROPONIC;5,122
11447,1;634,2;1562,5;23,89;71,62;19,57;5,96;Chinese Cabbage;AEROPONIC;4,42
7853,3;821,9;1476,1;24,11;63,88;20,15;6,18;Kale;SOIL_BASED;4,516
8690,3;889,7;1362,7;22,86;57,25;19,92;6,07;Lettuce;AQUAPONIC;5,207
11353,2;613,8;1492,0;22,64;65,3;18,61;6,54;Chinese Cabbage;SOIL_BASED;2,994
13297,2;701,9;968,6;20,06;41,68;15,29;6,08;Bok Choy;AQUAPONIC;4,189
18967,6;1120,6;1238,4;28,68;77,71;24,16;5,52;Spinach;SOIL_BASED;3,344
18140,4;873,1;1269,4;25,29;69,74;21,44;5,88;Kale;AEROPONIC;6,431
16081,8;744,0;1001,5;23,52;75,26;18,93;7,01;Lettuce;AQUAPONIC;5,073
21939,2;922,2;1413,8;26,23;63,64;20,72;5,76;Chinese Cabbage;HYDROPONIC;4,252
14253,2;887,1;1457,5;22,93;54,35;17,89;6,3;Chinese Cabbage;HYDROPONIC;4,442
17334,1;813,2;1322,7;21,22;69,57;17,14;6,51;Kale;SOIL_BASED;4,211
13048,5;816,3;1332,3;24,47;69,46;20,57;6,21;Spinach;SOIL_BASED;3,087
16760,7;684,0;1125,3;23,89;66,83;19,84;5,58;Bok Choy;SOIL_BASED;3,409
12247,3;916,7;1128,0;28,21;70,42;24,73;6,06;Spinach;AQUAPONIC;4,456
7936,1;664,1;925,8;21,44;63,94;16,57;5,51;Spinach;HYDROPONIC;5,019
13514,4;906,4;1231,8;20,8;69,69;16,11;6,42;Spinach;AEROPONIC;4,911
19052,3;916,6;1124,9;29,38;71,98;25,81;6,11;Kale;AQUAPONIC;5,349
8293,6;698,1;1071,3;26,82;82,24;21,89;6,8;Kale;SOIL_BASED;4,272
10928,2;535,3;1294,4;25,28;74,51;20,4;6,32;Bok Choy;HYDROPONIC;4,98
15343,8;883,9;1183,6;21,59;57,47;16,73;5,19;Spinach;SOIL_BASED;3,276
16536,2;893,1;914,1;24,67;64,69;20,06;5,96;Kale;AEROPONIC;6,225
17837,4;843,1;1135,9;19,89;60,73;16,99;5,38;Bok Choy;AEROPONIC;5,077
18063,0;568,4;1245,6;22,06;79,65;16,94;6,67;Bok Choy;HYDROPONIC;4,775
14475,2;823,3;994,7;20,24;63,83;17,58;5,62;Spinach;AQUAPONIC;4,261
10134,6;1035,7;1371,3;21,39;65,76;17,92;6,45;Lettuce;AEROPONIC;5,851
17896,5;1018,3;1299,7;20,16;67,05;15,29;6,39;Spinach;AEROPONIC;4,943
11470,4;961,9;1052,6;25,45;71,42;20,7;5,87;Lettuce;AEROPONIC;5,592
11124,7;864,8;1482,7;28,5;57,89;24,44;6,55;Bok Choy;AEROPONIC;5,151
20131,6;853,6;1640,7;26,23;67,91;22,51;6,15;Kale;SOIL_BASED;4,206
13367,1;708,0;1261,6;25,6;75,98;20,54;7,02;Chinese Cabbage;SOIL_BASED;3,264
15390,8;1021,6;1225,1;22,56;65,21;17,7;5,58;Bok Choy;AQUAPONIC;4,542
17760,5;808,5;1197,1;24,04;83,54;20,04;6,6;Kale;HYDROPONIC;6,154
14834,0;948,7;1143,5;20,5;60,48;18,21;6,33;Bok Choy;HYDROPONIC;4,868
14841,1;738,2;1036,6;19,86;63,71;16,27;5,78;Spinach;HYDROPONIC;4,825
20109,4;869,1;1309,9;19,43;74,58;15,27;6,64;Lettuce;AEROPONIC;5,638
11111,2;764,3;1082,0;20,08;68,28;14,5;5,82;Bok Choy;SOIL_BASED;3,428
15025,7;560,3;604,1;25,42;66,06;20,42;6,64;Kale;SOIL_BASED;3,985
15861,9;670,5;1808,2;25,73;58,49;22,07;5,7;Spinach;AQUAPONIC;4,305
6879,9;722,4;1721,3;20,98;63,04;16,2;6,24;Chinese Cabbage;HYDROPONIC;4,328
12009,9;1001,2;1309,0;24,32;83,56;19,54;6,16;Spinach;SOIL_BASED;3,423
10059,7;619,5;942,1;26,7;70,71;22,84;6,9;Lettuce;AQUAPONIC;5,319
17636,2;636,9;1877,8;23,07;72,9;17,74;6,09;Spinach;HYDROPONIC;4,571
14839,2;674,5;1415,1;21,42;62,7;18,04;5,47;Chinese Cabbage;AEROPONIC;4,834
13931,6;956,5;1184,6;22,33;69,66;17,87;5,99;Kale;SOIL_BASED;4,629
13708,4;759,0;1673,4;27,51;65,65;23,87;5,62;Bok Choy;SOIL_BASED;3,568
18392,7;763,1;1021,2;23,31;57,4;19,98;6,86;Lettuce;HYDROPONIC;5,627
14104,3;897,5;740,0;29,48;61,76;26,36;6,05;Chinese Cabbage;AEROPONIC;4,518
15552,3;1021,3;1110,2;21,63;63,58;17,39;5,76;Lettuce;AEROPONIC;5,755
11647,9;1065,1;1467,2;22,08;85,81;17,64;5,95;Spinach;SOIL_BASED;3,365
17581,3;1005,3;1872,6;19,57;83,9;14,62;6,81;Lettuce;HYDROPONIC;5,407
18171,2;753,4;1094,7;26,5;53,77;22,58;6,75;Chinese Cabbage;AQUAPONIC;3,704
8785,0;725,2;977,2;23,76;60,98;19,54;6,32;Bok Choy;SOIL_BASED;3,288
12669,3;757,5;1288,5;20,98;66,45;16,12;5,75;Bok Choy;AEROPONIC;5,296
11055,4;529,1;1277,0;22,5;68,22;18,2;6,11;Lettuce;AQUAPONIC;5,453
15183,2;576,1;1769,8;24,86;66,88;21,22;5,73;Kale;HYDROPONIC;5,672
14965,1;870,2;1346,1;21,18;83,72;17,54;6,33;Lettuce;AEROPONIC;5,901
16647,4;557,9;1829,4;24,46;63,99;19,34;5,73;Spinach;AQUAPONIC;4,17
12110,1;628,2;1637,7;26,02;83,44;21,11;6,52;Bok Choy;SOIL_BASED;3,706
14181,4;807,7;1520,1;22,29;76,17;17,62;5,82;Bok Choy;AEROPONIC;4,991
13036,7;626,5;899,3;18,29;67,47;13,13;6,12;Bok Choy;HYDROPONIC;5,021
9637,4;698,7;1177,5;22,74;62,52;18,1;6,25;Kale;AEROPONIC;6,239
10472,0;701,0;1346,6;22,09;62,39;15,71;6,02;Kale;SOIL_BASED;4,802
7662,4;429,2;599,2;20,01;84,51;17,08;6,44;Chinese Cabbage;HYDROPONIC;4,037
18914,7;771,5;1106,7;25,14;74,13;20,88;6,12;Lettuce;SOIL_BASED;3,97
10121,4;726,2;1196,2;25,25;70,51;21,52;6,06;Lettuce;AQUAPONIC;4,739
13136,7;746,8;1076,1;24,11;49,34;19,95;6,18;Spinach;AEROPONIC;5,029
19901,1;578,9;1829,5;22,29;63,8;18,98;6,2;Bok Choy;SOIL_BASED;3,859
12584,7;655,4;1409,0;23,88;64,86;20,87;6,36;Kale;AQUAPONIC;5,382
17487,7;716,3;1226,3;21,68;69,85;17,77;5,24;Spinach;HYDROPONIC;4,679
13019,8;621,5;801,9;25,42;66,84;20,53;6,5;Spinach;HYDROPONIC;4,555
15485,1;704,8;1142,2;22,27;64,74;18,2;5,87;Kale;AQUAPONIC;5,319
13551,2;1138,8;1694,8;22,79;70,74;17,78;5,54;Lettuce;AQUAPONIC;4,927
10139,8;828,4;1121,7;23,03;75,65;19,25;5,62;Bok Choy;HYDROPONIC;5,111
21122,2;715,4;1176,5;32,65;62,93;29,1;6,63;Lettuce;SOIL_BASED;3,406
17945,9;765,0;941,8;20,64;59,58;16,63;6,34;Spinach;AQUAPONIC;4,257
13718,2;956,7;1323,3;22,18;63,22;17,79;5,31;Bok Choy;SOIL_BASED;3,547
11218,2;689,1;1363,2;19,01;59,84;13,64;6,15;Chinese Cabbage;HYDROPONIC;4,454
11454,7;818,0;1328,1;24,21;65,74;19,41;5,91;Spinach;SOIL_BASED;3,654
13375,4;973,8;973,8;28,35;85,03;23,36;6,07;Lettuce;SOIL_BASED;4,048
11131,7;773,0;1412,8;22,86;65,11;19,15;5,39;Lettuce;AQUAPONIC;5,18
14395,1;747,3;1173,1;21,7;58,65;18,4;6,28;Lettuce;SOIL_BASED;3,991
18903,9;998,1;1341,8;23,33;64,24;19,87;6,3;Kale;SOIL_BASED;4,221
12637,2;928,6;1485,5;26,4;81,27;22,08;6,04;Spinach;SOIL_BASED;3,708
19174,7;857,0;1389,3;27,37;65,63;23,76;6,07;Bok Choy;HYDROPONIC;5,061
10638,6;765,1;1450,0;20,57;61,13;14,72;5,76;Lettuce;HYDROPONIC;5,568
18103,9;611,6;1459,5;25,34;53,29;20,81;5,99;Lettuce;AEROPONIC;5,78
18380,9;1074,8;1507,1;23,22;65,16;20,17;6,57;Kale;HYDROPONIC;5,841
18184,9;940,5;1533,6;27,54;55,69;23,46;6,0;Bok Choy;HYDROPONIC;4,907
16027,8;768,2;1592,2;29,93;69,84;25,73;6,48;Spinach;AEROPONIC;4,71
14237,3;953,8;1393,0;28,6;64,42;25,17;5,89;Chinese Cabbage;AEROPONIC;4,308
17744,8;926,2;1498,8;20,74;50,21;15,94;6,18;Kale;AQUAPONIC;5,332
15030,6;691,6;1324,5;21,14;82,14;16,89;6,18;Spinach;AQUAPONIC;4,137
14875,7;739,7;1458,9;28,24;86,17;23,44;5,98;Chinese Cabbage;HYDROPONIC;3,956
11112,5;893,1;1161,1;23,21;70,18;19,02;6,67;Lettuce;SOIL_BASED;4,042
11234,4;652,8;822,2;21,35;81,06;17,95;6,27;Lettuce;AQUAPONIC;4,949
16260,4;879,9;1657,3;19,68;69,95;15,17;6,45;Bok Choy;AQUAPONIC;4,218
13251,4;747,0;1330,4;23,89;51,45;20,16;5,78;Chinese Cabbage;HYDROPONIC;4,294
17074,7;670,6;1324,1;22,35;65,83;19,05;6,74;Lettuce;SOIL_BASED;4,5
17836,5;644,6;1513,7;24,59;62,63;20,45;5,99;Lettuce;AEROPONIC;5,79
9742,5;747,4;1107,5;24,03;55,28;18,08;6,44;Bok Choy;AEROPONIC;4,971
11979,9;824,2;1252,2;20,1;68,01;15,19;5,93;Spinach;HYDROPONIC;4,619
11754,7;694,7;1128,1;21,21;61,66;16,43;5,78;Lettuce;HYDROPONIC;5,55
19813,8;728,2;1231,3;26,14;69,6;22,76;6,65;Kale;SOIL_BASED;4,01
14015,3;806,5;1178,4;26,39;74,23;21,71;5,88;Kale;HYDROPONIC;5,688
15721,3;1199,5;1136,0;22,46;82,44;17,19;6,2;Spinach;HYDROPONIC;4,649
11732,1;827,5;1380,7;23,99;67,72;18,57;5,85;Chinese Cabbage;HYDROPONIC;4,498
14693,8;839,8;796,0;20,59;58,46;17,42;5,34;Bok Choy;SOIL_BASED;3,568
12508,5;779,8;1622,6;23,35;63,43;18,79;6,15;Kale;HYDROPONIC;6,08
8193,4;1086,3;1094,9;26,59;64,43;22,21;6,7;Kale;AQUAPONIC;5,468
12403,8;494,0;1406,4;28,17;87,54;22,3;5,78;Spinach;SOIL_BASED;3,225
15312,7;622,0;1421,2;23,15;67,09;19,14;5,84;Chinese Cabbage;AQUAPONIC;3,987
25000,0;658,9;1202,8;22,62;72,33;18,58;6,16;Chinese Cabbage;SOIL_BASED;3,162
9978,9;908,1;1392,9;19,48;77,25;14,55;6,21;Spinach;AQUAPONIC;4,22
14139,5;714,3;998,4;21,82;79,7;17,17;5,88;Kale;SOIL_BASED;4,363
15376,2;896,6;1137,6;23,31;69,75;18,0;5,6;Bok Choy;AEROPONIC;5,018
17397,9;407,9;1217,1;23,01;65,03;20,0;6,26;Kale;HYDROPONIC;5,741
13198,9;826,9;1398,2;21,91;63,82;17,21;5,88;Chinese Cabbage;HYDROPONIC;4,368
12516,9;601,0;1191,6;26,82;57,1;21,94;6,43;Kale;SOIL_BASED;4,176
17115,5;907,5;1237,9;24,66;75,55;20,12;5,75;Bok Choy;AQUAPONIC;4,459
17003,6;623,4;1495,6;23,04;91,29;17,49;5,94;Lettuce;AEROPONIC;5,707
17561,8;665,9;1383,0;25,41;79,49;21,76;5,75;Kale;AQUAPONIC;5,19
16879,5;580,1;1887,8;23,43;68,18;19,5;6,09;Spinach;HYDROPONIC;4,459
8952,4;618,4;1044,6;27,85;57,08;23,61;5,8;Lettuce;HYDROPONIC;5,581
17079,1;774,3;945,8;21,27;63,29;16,22;6,33;Spinach;AQUAPONIC;4,3
15029,6;726,7;1776,9;24,42;71,42;19,46;6,04;Spinach;SOIL_BASED;3,393
6678,8;673,8;1348,2;17,55;65,11;13,82;6,19;Spinach;SOIL_BASED;3,366
16618,9;550,7;1626,3;22,4;66,92;18,36;6,17;Kale;AQUAPONIC;5,466
12976,9;672,5;1018,6;23,93;71,27;19,48;5,71;Chinese Cabbage;HYDROPONIC;4,299
18069,3;934,0;1153,1;22,6;69,81;17,94;6,75;Lettuce;AQUAPONIC;5,111
13684,2;800,9;1314,8;20,41;87,75;15,77;6,58;Bok Choy;HYDROPONIC;4,736
16520,7;835,0;1280,1;21,56;87,35;18,86;5,8;Chinese Cabbage;AQUAPONIC;3,658
16199,2;980,7;1260,2;20,68;65,37;15,0;5,57;Kale;SOIL_BASED;4,523
10760,0;910,8;868,3;23,17;76,77;19,54;6,04;Spinach;AEROPONIC;4,928
19161,2;960,6;1250,2;25,7;56,17;22,11;5,76;Bok Choy;HYDROPONIC;4,774
11640,8;806,6;1368,7;22,53;76,0;19,26;5,95;Lettuce;AEROPONIC;5,64
11284,3;694,4;1192,3;28,56;72,11;24,37;5,97;Chinese Cabbage;SOIL_BASED;3,185
18015,2;794,0;1534,8;24,14;60,33;19,93;5,51;Chinese Cabbage;AQUAPONIC;4,029
15120,2;795,8;1535,7;17,76;77,8;13,94;5,66;Bok Choy;SOIL_BASED;3,619
22130,0;488,5;1336,7;24,43;59,29;20,37;5,6;Kale;AEROPONIC;6,145
10569,7;729,9;1091,1;23,36;66,87;20,54;6,35;Lettuce;SOIL_BASED;4,161
16852,2;935,7;1373,0;27,36;69,24;24,63;5,93;Bok Choy;SOIL_BASED;4,127
16048,0;490,9;1409,3;23,45;53,64;18,8;6,41;Spinach;AQUAPONIC;4,006
18937,9;525,8;1305,6;22,79;69,36;18,6;5,53;Lettuce;AEROPONIC;5,723
19596,1;628,4;1086,1;29,3;60,34;24,26;6,19;Chinese Cabbage;AEROPONIC;4,539
17116,2;689,3;1499,5;17,6;64,49;13,32;6,23;Bok Choy;AEROPONIC;5,204
16339,7;750,9;1391,4;22,54;67,17;18,76;6,15;Chinese Cabbage;HYDROPONIC;4,311
14501,0;1047,8;1176,2;24,24;53,59;18,91;6,34;Chinese Cabbage;SOIL_BASED;3,24
14584,1;883,5;1320,4;22,38;63,68;18,56;5,81;Chinese Cabbage;AEROPONIC;4,771
17642,6;816,7;1040,2;17,62;66,51;12,37;6,38;Kale;SOIL_BASED;4,31
16560,9;753,3;789,4;24,63;64,88;19,12;5,79;Chinese Cabbage;AQUAPONIC;4,323
16549,1;766,5;882,9;22,22;59,9;18,33;5,92;Spinach;AQUAPONIC;4,095
14248,6;909,8;1348,1;23,12;56,49;18,29;6,31;Spinach;HYDROPONIC;4,709
9694,0;953,4;1202,3;27,02;59,34;22,26;6,59;Lettuce;HYDROPONIC;5,496
12296,8;672,7;1389,2;24,35;51,53;20,13;5,48;Chinese Cabbage;AQUAPONIC;3,713
12522,5;840,4;1496,0;21,76;60,8;17,07;5,68;Chinese Cabbage;AEROPONIC;4,579
15335,3;803,5;1370,4;24,6;78,44;20,89;6,17;Bok Choy;AQUAPONIC;4,406
18362,6;936,6;1112,6;22,31;54,87;17,52;6,52;Kale;SOIL_BASED;4,336
14233,4;990,0;1387,1;22,65;75,73;18,63;5,17;Lettuce;HYDROPONIC;5,713
11460,7;832,0;1179,1;25,62;56,59;21,75;5,35;Chinese Cabbage;HYDROPONIC;4,157
8220,5;756,0;1196,1;21,7;72,28;18,61;6,75;Bok Choy;AQUAPONIC;4,429
12971,3;551,1;1553,1;25,07;90,36;20,1;7,06;Kale;AEROPONIC;5,876
11091,5;616,4;1428,3;22,86;73,02;19,37;6,17;Lettuce;AEROPONIC;5,736
17398,6;811,2;1171,5;22,08;66,37;18,0;5,91;Lettuce;SOIL_BASED;4,183
16929,0;952,6;1067,4;22,09;66,62;17,84;6,03;Chinese Cabbage;HYDROPONIC;4,215
11789,7;1025,6;1640,6;21,78;75,55;16,57;5,45;Lettuce;AQUAPONIC;4,971
15701,4;461,8;1268,7;23,75;71,35;19,95;6,09;Bok Choy;AQUAPONIC;4,743
14847,3;715,7;982,3;22,73;70,26;19,48;5,44;Lettuce;HYDROPONIC;5,478
10926,8;813,5;1165,2;27,33;64,01;23,73;5,75;Spinach;AQUAPONIC;4,365
15836,6;906,4;824,8;21,02;70,81;16,05;6,0;Bok Choy;HYDROPONIC;5,047
14770,4;721,7;600,9;25,02;52,77;19,77;6,19;Kale;AEROPONIC;5,835
17396,7;736,4;1528,2;26,7;62,92;21,58;6,49;Kale;AEROPONIC;6,037
14161,2;803,8;1051,2;28,34;83,21;24,18;5,48;Chinese Cabbage;AQUAPONIC;3,654
19560,9;505,3;963,1;21,23;75,41;18,29;7,17;Chinese Cabbage;AEROPONIC;4,568
12482,7;723,2;1132,9;26,37;66,9;23,28;6,1;Spinach;AEROPONIC;4,906
9627,2;716,3;1192,4;24,08;58,72;19,68;5,54;Kale;SOIL_BASED;4,079
15235,5;832,4;1125,5;26,45;85,12;22,49;6,47;Kale;HYDROPONIC;5,784
18710,7;843,6;1044,4;21,69;62,71;17,34;6,29;Kale;HYDROPONIC;5,913
10628,3;686,5;1269,2;23,17;59,86;19,28;5,69;Kale;AQUAPONIC;5,391
13606,5;777,8;1217,6;22,48;69,48;19,06;5,72;Lettuce;HYDROPONIC;5,983
16559,4;789,7;1720,7;22,24;63,41;17,13;6,41;Bok Choy;SOIL_BASED;3,763
6762,4;738,5;1185,0;23,62;50,89;20,24;5,86;Bok Choy;AQUAPONIC;4,497
22196,2;928,0;1269,2;30,49;55,75;25,62;5,73;Spinach;AQUAPONIC;4,046
15466,0;753,7;1042,1;25,37;66,32;20,39;6,14;Lettuce;HYDROPONIC;5,627
13047,9;1090,7;1448,4;22,52;58,41;18,79;5,61;Kale;AEROPONIC;6,082
17464,2;663,0;1713,0;22,68;54,8;17,8;6,74;Kale;AEROPONIC;6,327
14637,6;889,1;1255,0;25,08;55,54;20,28;6,19;Chinese Cabbage;AEROPONIC;4,347
12698,2;938,2;1116,2;22,98;66,42;19,28;6,2;Chinese Cabbage;AEROPONIC;4,628
17225,9;617,5;1326,9;22,99;66,9;19,04;5,58;Spinach;SOIL_BASED;3,63
15829,8;853,2;1404,1;20,39;75,14;14,07;5,83;Kale;AQUAPONIC;5,34
7763,0;980,8;2031,6;23,37;57,78;17,71;6,51;Spinach;AEROPONIC;4,743
13242,6;866,3;1241,2;16,43;66,43;13,03;5,84;Lettuce;SOIL_BASED;4,012
12606,1;450,1;1191,3;18,55;62,3;15,78;5,74;Bok Choy;AQUAPONIC;4,305
13284,1;900,6;979,6;22,52;72,69;18,08;5,74;Kale;HYDROPONIC;5,972
15625,2;849,2;1202,2;25,35;68,15;21,68;5,75;Lettuce;HYDROPONIC;5,695
6737,0;854,6;1170,5;28,01;70,92;23,12;6,1;Kale;SOIL_BASED;4,289
17885,5;740,9;1422,1;24,62;78,47;21,01;5,82;Chinese Cabbage;AQUAPONIC;3,796
12574,0;639,0;1209,9;25,0;69,69;20,41;5,97;Spinach;AEROPONIC;4,825
17183,8;1019,3;1014,9;23,82;77,32;18,48;6,44;Chinese Cabbage;AQUAPONIC;4,243
12538,7;961,1;1005,0;25,85;56,87;22,77;6,1;Bok Choy;AEROPONIC;5,162
13387,1;962,0;1170,2;24,1;55,59;20,13;6,69;Chinese Cabbage;SOIL_BASED;3,082
21092,2;746,4;1476,5;24,54;79,26;20,13;5,82;Kale;AEROPONIC;6,492
10871,1;816,7;1326,4;19,12;70,38;14,8;5,6;Chinese Cabbage;SOIL_BASED;3,391
12678,5;871,8;1402,2;24,24;73,07;19,99;6,54;Kale;AQUAPONIC;5,482
12205,5;815,2;1283,5;23,57;77,94;18,61;6,19;Bok Choy;AQUAPONIC;4,579
20133,8;798,4;1383,4;22,33;61,56;18,63;6,09;Chinese Cabbage;AEROPONIC;4,499
9877,7;898,8;1188,3;22,54;62,77;18,83;6,0;Spinach;AQUAPONIC;4,428
17541,1;675,8;1056,1;19,77;74,98;14,14;5,75;Spinach;AEROPONIC;4,819
8829,2;999,9;1061,8;25,01;65,06;20,83;5,19;Spinach;AQUAPONIC;4,515
10047,9;787,6;1048,8;24,16;63,27;21,26;6,43;Chinese Cabbage;HYDROPONIC;4,103
11728,2;666,6;1608,7;23,69;57,21;20,78;6,45;Chinese Cabbage;AEROPONIC;4,758
13318,4;655,0;1534,1;24,14;75,6;19,51;5,71;Chinese Cabbage;SOIL_BASED;3,329
18085,0;535,7;1169,0;20,01;63,38;16,4;5,55;Kale;HYDROPONIC;6,053
13663,2;859,2;1323,4;28,44;75,48;23,75;5,85;Bok Choy;SOIL_BASED;3,473
16300,7;670,2;1461,3;26,14;72,2;21,61;5,55;Spinach;AQUAPONIC;4,417
12201,7;795,8;1126,4;25,24;79,84;23,02;6,58;Kale;HYDROPONIC;5,871
14720,7;815,4;1248,0;27,66;53,63;23,02;5,63;Spinach;AQUAPONIC;4,386
18124,0;390,6;1033,1;24,09;43,62;19,75;6,41;Kale;AEROPONIC;5,823
16711,1;742,7;1053,2;22,71;82,91;18,53;5,76;Chinese Cabbage;SOIL_BASED;3,162
16458,8;1073,6;1454,7;24,27;76,6;20,5;6,4;Spinach;AQUAPONIC;4,553
8012,2;879,0;1296,9;27,78;59,29;25,0;6,29;Chinese Cabbage;SOIL_BASED;3,149
12337,7;821,9;1287,5;21,0;61,01;17,34;6,7;Spinach;SOIL_BASED;3,391
14948,2;726,2;1575,7;27,74;68,4;25,59;5,64;Lettuce;AQUAPONIC;4,74
13751,9;366,7;1168,5;19,71;66,28;16,1;5,62;Kale;AEROPONIC;6,086
12664,7;794,5;1465,7;24,99;62,36;21,51;5,85;Lettuce;SOIL_BASED;4,254
11471,7;811,6;1065,1;26,33;60,8;20,9;6,98;Kale;AQUAPONIC;5,829
17951,3;637,7;1171,5;25,3;63,92;21,28;5,81;Bok Choy;AEROPONIC;5,085
15686,6;651,5;1091,9;26,43;72,19;22,83;6,08;Spinach;AQUAPONIC;3,863
17561,8;702,4;1074,0;23,14;68,14;18,48;6,17;Bok Choy;AEROPONIC;5,037
22796,3;811,8;1742,7;19,94;63,83;14,25;5,97;Bok Choy;SOIL_BASED;3,718
7982,6;541,4;949,7;26,44;62,32;20,15;6,52;Kale;HYDROPONIC;5,945
15419,0;499,4;1098,3;28,68;86,22;25,91;6,09;Lettuce;AQUAPONIC;5,135
13673,7;884,1;747,7;23,04;63,1;18,29;6,51;Chinese Cabbage;SOIL_BASED;3,38
18620,2;702,7;1143,9;25,41;72,43;22,0;6,71;Kale;AQUAPONIC;5,382
17969,5;962,7;1232,8;21,19;88,94;16,21;6,18;Chinese Cabbage;AQUAPONIC;4,135
13988,4;626,7;1500,0;20,97;73,87;17,6;5,97;Bok Choy;AEROPONIC;5,353
14972,2;754,1;1149,5;23,8;72,03;20,06;6,31;Chinese Cabbage;AQUAPONIC;3,879
18074,2;943,2;977,4;21,46;78,5;16,13;6,55;Lettuce;AEROPONIC;6,082
17024,9;955,5;1148,7;23,77;79,83;20,04;5,87;Kale;SOIL_BASED;4,507
20891,5;789,3;1348,4;31,98;67,77;27,45;6,39;Lettuce;AQUAPONIC;4,844
15443,8;610,3;1477,3;21,52;56,71;16,11;6,16;Lettuce;SOIL_BASED;4,293
13337,3;512,3;1114,3;24,46;66,68;20,09;6,11;Kale;HYDROPONIC;6,074
11454,4;765,7;1034,4;18,58;72,93;14,54;4,87;Lettuce;SOIL_BASED;4,244
15224,9;910,8;1180,5;24,97;65,07;20,75;6,43;Spinach;AQUAPONIC;4,177
11231,5;665,4;1369,2;21,52;66,03;16,74;6,15;Spinach;HYDROPONIC;4,941
14915,7;888,9;1487,3;24,32;81,76;20,8;6,11;Spinach;AEROPONIC;4,987
20565,7;542,5;1013,8;24,24;74,68;19,66;5,83;Chinese Cabbage;HYDROPONIC;4,38
17910,7;784,0;1092,6;23,89;73,02;18,76;5,54;Lettuce;AQUAPONIC;5,288
9701,2;901,3;732,7;20,85;59,2;15,58;5,74;Kale;AQUAPONIC;5,669
8097,7;919,8;745,7;22,71;65,91;18,33;5,74;Kale;SOIL_BASED;4,113
8529,4;818,7;991,9;24,16;71,25;20,21;6,58;Chinese Cabbage;AEROPONIC;4,394
12421,0;715,6;1022,8;22,82;73,54;20,14;5,77;Kale;AQUAPONIC;5,331
13350,7;681,0;1154,7;27,43;81,5;23,33;5,88;Spinach;AQUAPONIC;4,745
18417,6;539,0;1358,1;23,61;73,69;20,0;6,31;Lettuce;AEROPONIC;5,913
17320,4;705,1;1257,7;20,72;63,42;16,76;6,63;Kale;AEROPONIC;6,549
16500,9;994,5;1352,2;24,71;83,99;21,41;6,26;Kale;SOIL_BASED;4,528
12382,1;750,8;1515,1;16,65;65,64;12,57;6,82;Bok Choy;HYDROPONIC;4,768
12528,5;790,7;1344,0;28,99;75,79;24,3;6,54;Bok Choy;AEROPONIC;5,144
12145,2;819,1;1228,1;18,68;63,1;14,08;6,47;Bok Choy;AQUAPONIC;4,6
19410,2;727,2;1399,6;26,01;61,39;21,65;6,39;Lettuce;AEROPONIC;6,033
12327,1;904,9;787,8;25,57;56,49;21,43;6,37;Spinach;AQUAPONIC;3,967
9356,8;803,8;1213,1;20,33;57,09;16,54;5,75;Spinach;SOIL_BASED;3,539
13899,9;754,1;1446,7;25,07;63,97;20,84;5,79;Spinach;HYDROPONIC;4,863
19951,7;673,5;1242,0;21,57;79,12;16,41;6,12;Lettuce;SOIL_BASED;4,227
14259,0;889,7;1339,2;23,04;70,23;19,4;6,78;Lettuce;AEROPONIC;6,097
14291,3;808,0;1227,9;24,82;52,9;20,89;5,81;Bok Choy;AQUAPONIC;4,616
9860,9;782,2;1437,9;23,36;75,06;19,39;5,95;Kale;AEROPONIC;5,853
16393,6;773,3;1510,9;20,7;67,96;17,72;5,8;Chinese Cabbage;AEROPONIC;4,698
17980,3;846,3;733,7;24,65;80,89;19,76;6,16;Chinese Cabbage;AEROPONIC;4,282
13878,7;636,5;1107,9;22,92;63,82;19,96;6,25;Kale;AEROPONIC;6,182
17108,2;629,6;753,8;23,19;60,31;18,22;5,9;Bok Choy;HYDROPONIC;4,836
4001,0;831,4;400,0;23,36;82,73;19,49;6,33;Kale;AQUAPONIC;5,395
20106,7;894,9;1431,9;19,73;76,53;14,37;6,23;Kale;AEROPONIC;6,308
14891,7;559,6;1486,3;20,35;53,47;15,85;5,77;Chinese Cabbage;AQUAPONIC;3,932
12071,5;874,3;1148,5;21,85;71,07;18,44;6,63;Bok Choy;HYDROPONIC;5,099
13090,1;967,3;1100,2;24,65;53,49;21,14;6,18;Lettuce;AQUAPONIC;4,865
22111,1;476,2;1234,5;20,9;76,12;15,68;7,05;Chinese Cabbage;AQUAPONIC;4,129
15278,7;683,8;2008,0;26,83;58,54;23,26;6,6;Lettuce;HYDROPONIC;5,38
15818,5;784,5;1008,3;24,06;57,34;18,88;6,13;Bok Choy;AEROPONIC;5,141
14677,5;1132,9;929,1;24,52;79,79;20,03;6,0;Kale;AQUAPONIC;5,519
12576,5;737,8;1435,9;22,57;71,52;18,39;6,7;Spinach;SOIL_BASED;3,298
9398,5;722,7;1449,8;19,03;74,25;13,07;5,86;Spinach;AQUAPONIC;4,264
17139,1;824,4;1380,3;24,99;63,89;19,04;5,59;Bok Choy;AEROPONIC;5,413
13273,3;654,9;1299,5;21,48;67,31;17,45;6,05;Spinach;SOIL_BASED;3,643
14162,0;779,8;1198,5;19,32;81,33;15,27;5,33;Lettuce;AEROPONIC;5,669
18245,0;758,0;890,1;21,16;70,73;16,19;6,2;Spinach;AQUAPONIC;4,375
17148,4;972,9;1763,6;23,28;87,81;17,82;6,15;Bok Choy;HYDROPONIC;4,894
12964,1;776,8;1781,5;16,84;66,34;12,04;5,67;Bok Choy;AEROPONIC;5,024
16274,9;1125,8;1150,4;22,56;76,16;18,59;6,38;Lettuce;AEROPONIC;5,576
17085,7;587,5;1645,9;26,32;77,43;23,15;6,41;Spinach;HYDROPONIC;4,972
11900,3;756,4;1369,0;23,59;69,67;19,26;5,51;Spinach;AQUAPONIC;4,269
13042,9;786,1;821,0;26,86;79,58;21,91;6,48;Kale;AEROPONIC;6,026
15570,4;791,8;844,9;22,37;63,45;18,39;6,43;Chinese Cabbage;AQUAPONIC;4,02
17166,4;579,0;1478,0;26,73;75,33;22,64;6,15;Bok Choy;AQUAPONIC;4,332
15915,7;825,7;1614,7;19,74;59,17;15,17;5,81;Kale;AQUAPONIC;5,263
15889,7;536,5;1372,3;25,18;57,26;21,62;5,92;Bok Choy;HYDROPONIC;4,911
13024,8;626,3;1346,3;23,2;68,33;19,41;6,29;Kale;AQUAPONIC;5,812
11314,3;674,4;1051,3;27,29;66,91;23,02;5,83;Chinese Cabbage;AQUAPONIC;3,812
16259,1;867,9;987,5;22,35;58,59;18,33;6,73;Kale;SOIL_BASED;3,717
12104,9;879,2;1479,5;20,55;74,5;15,99;6,39;Bok Choy;SOIL_BASED;3,45
12903,4;821,2;1292,5;24,92;81,27;20,75;6,84;Spinach;SOIL_BASED;3,297
8147,5;713,2;1249,2;28,11;65,25;25,1;5,88;Bok Choy;AEROPONIC;5,177
12449,2;920,8;1606,2;24,16;76,85;21,86;5,91;Lettuce;AEROPONIC;6,011
13038,1;722,8;1719,9;23,38;62,6;18,36;5,75;Lettuce;SOIL_BASED;3,891
11068,4;634,9;1431,5;20,1;66,3;16,12;6,32;Lettuce;HYDROPONIC;5,772
11359,3;898,2;1037,8;26,15;67,58;21,78;6,46;Lettuce;HYDROPONIC;5,465
14803,5;445,5;1293,7;23,36;75,09;19,24;6,02;Chinese Cabbage;SOIL_BASED;3,07
16378,7;782,1;1169,8;25,46;67,31;20,61;5,82;Spinach;AEROPONIC;4,852
16433,7;690,9;1244,1;24,05;51,02;20,57;5,92;Spinach;AEROPONIC;4,924
16710,5;867,4;967,6;29,21;78,2;24,17;6,9;Bok Choy;HYDROPONIC;4,783
18026,9;800,8;1605,8;21,94;68,97;16,31;6,27;Kale;AQUAPONIC;5,354
18862,6;765,7;1157,0;22,04;48,47;15,85;7,27;Bok Choy;HYDROPONIC;4,76
13915,2;590,7;1697,0;26,34;80,07;23,24;6,01;Bok Choy;AQUAPONIC;4,098
12897,6;790,0;1246,9;26,41;80,53;21,41;5,87;Bok Choy;AEROPONIC;5,148
17127,9;826,8;1155,2;26,49;58,83;21,15;5,75;Bok Choy;AEROPONIC;5,112
9468,9;724,6;1105,9;23,46;55,95;20,03;6,51;Spinach;SOIL_BASED;3,4
14177,3;772,7;1108,6;24,08;77,71;20,63;6,31;Kale;AEROPONIC;6,475
11538,8;886,3;1336,6;19,73;77,73;16,3;6,62;Bok Choy;AQUAPONIC;4,401
11729,8;694,0;1265,5;23,05;72,1;18,52;5,75;Spinach;HYDROPONIC;4,886
12622,3;569,3;1488,5;24,28;64,21;18,95;5,86;Bok Choy;SOIL_BASED;3,685
16963,6;898,1;1079,0;24,28;61,27;22,19;5,74;Lettuce;AQUAPONIC;5,352
22004,9;850,9;1340,3;21,38;73,1;17,96;6,01;Bok Choy;HYDROPONIC;5,04
17210,3;883,1;1595,0;20,42;62,55;16,55;6,16;Bok Choy;HYDROPONIC;5,159
8003,1;691,7;1639,2;26,42;62,6;22,11;6,18;Chinese Cabbage;HYDROPONIC;4,139
13740,2;780,3;1090,8;25,98;74,66;21,76;5,85;Lettuce;AEROPONIC;5,735
12240,1;819,8;1190,6;22,85;76,35;18,54;6,69;Kale;HYDROPONIC;6,286
10906,0;875,6;1118,3;26,39;80,76;23,18;6,1;Bok Choy;AEROPONIC;5,053
13871,4;838,7;1055,6;26,13;52,53;22,57;6,54;Kale;HYDROPONIC;5,632
11962,7;696,0;1454,4;18,8;63,76;14,62;5,32;Lettuce;HYDROPONIC;5,343
11663,1;788,0;987,8;23,21;65,1;18,34;5,91;Bok Choy;AEROPONIC;5,041
16903,8;604,1;1841,9;27,25;67,85;23,87;7,03;Chinese Cabbage;AEROPONIC;4,491
15148,6;803,0;1340,7;19,05;57,19;14,69;6,11;Spinach;AQUAPONIC;4,551
20188,5;1036,0;1233,5;19,44;72,82;15,72;5,86;Chinese Cabbage;HYDROPONIC;4,076
10214,1;518,1;1803,3;25,25;84,06;22,1;6,39;Chinese Cabbage;AEROPONIC;4,44
9427,3;746,8;938,6;27,12;57,87;23,08;6,08;Spinach;AQUAPONIC;4,186
13368,4;746,1;1078,1;22,72;69,6;18,28;6,75;Spinach;AQUAPONIC;4,408
12764,8;802,1;954,5;22,19;78,67;18,5;5,59;Spinach;AEROPONIC;4,517
16789,3;729,7;1273,8;18,74;65,98;14,47;5,54;Bok Choy;HYDROPONIC;5,048
15959,3;604,1;1113,7;22,66;61,77;19,51;5,59;Kale;AQUAPONIC;5,646
16558,3;828,0;941,6;19,38;69,51;13,54;6,37;Kale;HYDROPONIC;5,77
9058,7;874,3;972,2;22,51;74,24;18,37;5,94;Spinach;HYDROPONIC;4,468
13587,0;970,6;1366,1;27,17;57,26;22,32;6,13;Chinese Cabbage;AQUAPONIC;3,625
7870,0;840,9;1444,7;19,88;76,81;15,78;6,13;Lettuce;AEROPONIC;5,801
18219,8;920,7;921,1;22,79;66,19;18,35;6,52;Spinach;HYDROPONIC;4,593
11582,5;652,9;1229,7;25,91;62,33;21,44;6,71;Chinese Cabbage;SOIL_BASED;3,333
14394,5;686,4;1172,5;21,33;54,97;16,78;6,64;Chinese Cabbage;AEROPONIC;4,706
9317,9;501,5;1109,6;24,64;62,45;20,42;6,06;Bok Choy;AQUAPONIC;4,382
11643,5;904,2;1698,7;25,77;62,84;21,53;6,17;Bok Choy;SOIL_BASED;3,685
13410,3;755,1;1266,3;23,72;57,84;19,48;6,78;Kale;HYDROPONIC;5,856
14105,6;823,9;1323,5;23,78;72,03;20,27;6,65;Kale;AEROPONIC;6,339
14813,8;896,3;1457,6;20,43;69,25;15,79;6,0;Lettuce;SOIL_BASED;4,432
16962,0;921,8;1301,4;22,38;76,34;18,27;6,52;Lettuce;AEROPONIC;5,774
18138,4;702,9;1274,9;23,95;74,08;19,36;5,76;Lettuce;HYDROPONIC;5,72
16824,0;680,8;1494,7;18,18;62,56;15,19;5,45;Lettuce;AEROPONIC;5,455
14910,1;716,8;1129,4;17,21;65,33;12,65;5,49;Chinese Cabbage;SOIL_BASED;3,1
12284,1;625,7;1162,7;23,07;61,66;18,58;5,84;Chinese Cabbage;AEROPONIC;4,733
13532,3;801,3;1021,2;24,56;54,43;19,81;6,06;Kale;AQUAPONIC;5,204
14352,8;929,7;1647,4;23,75;71,26;18,97;6,41;Bok Choy;AQUAPONIC;4,555
15705,0;512,3;1424,4;18,96;69,41;14,55;6,65;Bok Choy;SOIL_BASED;3,443
11533,6;722,3;1340,5;26,59;62,83;22,89;5,56;Spinach;AEROPONIC;4,865
14018,6;584,4;1685,0;23,79;74,85;19,85;6,15;Chinese Cabbage;SOIL_BASED;3,386
17544,4;657,1;961,6;26,22;65,11;22,76;6,51;Lettuce;AEROPONIC;5,638
17868,6;711,8;1258,3;21,71;78,48;17,97;6,36;Lettuce;HYDROPONIC;5,362
13044,8;961,9;893,7;24,24;66,69;19,7;5,55;Spinach;AQUAPONIC;4,646
12560,9;1023,0;914,0;24,96;56,99;22,02;6,06;Bok Choy;HYDROPONIC;5,089
14914,6;887,0;1572,9;26,31;80,94;21,82;5,71;Lettuce;AEROPONIC;5,64
14252,0;794,6;1719,3;26,08;71,11;21,9;6,22;Bok Choy;HYDROPONIC;4,953
8136,1;798,5;1171,8;21,26;59,95;17,96;6,63;Spinach;SOIL_BASED;3,357
20571,9;888,8;1173,8;23,18;64,58;19,19;5,52;Bok Choy;SOIL_BASED;3,811
12157,7;895,4;1165,3;22,04;60,95;18,14;6,16;Bok Choy;AEROPONIC;5,251
12846,8;870,4;1718,7;23,9;76,43;19,19;6,27;Bok Choy;AQUAPONIC;4,606
10106,2;926,0;1128,1;19,47;50,3;15,03;6,63;Lettuce;SOIL_BASED;3,953
18046,6;685,5;1713,2;19,05;70,37;15,45;6,41;Kale;AQUAPONIC;5,462
12076,8;754,5;1292,1;30,18;53,4;26,42;6,3;Chinese Cabbage;AEROPONIC;4,158
15951,2;886,7;1153,9;28,92;51,97;24,55;5,82;Bok Choy;AQUAPONIC;4,444
16705,9;711,8;1349,7;26,76;71,49;21,46;6,41;Bok Choy;AEROPONIC;5,296
12267,7;1105,8;1771,4;24,86;57,71;20,83;5,78;Bok Choy;HYDROPONIC;4,708
11826,7;877,6;1322,5;25,67;73,93;21,44;6,11;Kale;AEROPONIC;6,442
15388,2;721,5;1229,2;25,68;76,2;22,49;6,47;Spinach;HYDROPONIC;4,594
7524,4;1026,6;1418,7;28,13;64,2;24,11;6,1;Lettuce;AEROPONIC;5,665
16837,7;893,2;1219,8;22,12;72,15;18,68;6,08;Kale;SOIL_BASED;4,686
13604,5;673,4;986,9;21,38;80,53;16,11;6,35;Bok Choy;SOIL_BASED;3,578
11935,6;810,0;1260,9;23,46;59,85;20,36;5,34;Kale;AQUAPONIC;5,682
12570,7;663,3;1506,2;25,17;75,32;22,08;6,78;Kale;AEROPONIC;6,131
13690,2;842,0;1394,3;22,79;61,39;18,02;5,75;Kale;AEROPONIC;6,213
13051,5;626,1;945,2;21,95;68,03;17,56;5,72;Spinach;AEROPONIC;4,825
19354,9;799,6;1487,4;27,52;62,71;22,98;5,53;Chinese Cabbage;AQUAPONIC;3,563
10472,3;770,5;1412,6;21,16;63,02;16,83;6,38;Lettuce;SOIL_BASED;4,179
11174,7;846,0;1312,4;27,61;64,94;22,95;5,59;Spinach;AEROPONIC;4,765
14583,1;867,8;1561,6;26,2;62,91;21,75;6,33;Spinach;AQUAPONIC;4,091
18421,9;866,8;1518,4;28,85;66,88;24,32;5,86;Chinese Cabbage;AEROPONIC;4,35
13180,0;805,6;1509,5;29,61;77,93;24,76;6,18;Spinach;HYDROPONIC;4,407
11183,3;633,5;824,7;24,54;56,29;21,0;6,06;Kale;AEROPONIC;6,014
14772,7;809,3;1446,8;29,32;71,64;26,03;5,6;Kale;HYDROPONIC;5,511
16846,9;735,1;1203,9;24,91;58,83;20,41;6,13;Bok Choy;AQUAPONIC;4,962
16649,5;1011,3;1367,4;24,61;59,35;20,61;5,79;Spinach;AQUAPONIC;4,083
9817,0;881,6;1036,7;24,04;52,23;20,45;6,28;Bok Choy;SOIL_BASED;3,733
16647,3;529,1;1518,8;22,28;77,15;16,97;6,04;Lettuce;AEROPONIC;5,911
12937,7;814,8;1557,7;25,63;65,95;19,75;6,25;Kale;AQUAPONIC;5,437
9436,5;1134,2;1254,6;26,72;60,36;24,55;5,79;Lettuce;SOIL_BASED;3,876
17788,7;647,9;839,1;19,58;69,1;17,18;5,97;Chinese Cabbage;AEROPONIC;4,474
8865,5;862,7;1418,8;30,67;65,03;26,13;6,34;Kale;AQUAPONIC;5,316
9709,1;718,7;1332,6;28,05;77,36;25,89;6,62;Lettuce;HYDROPONIC;5,538
18066,6;1014,5;781,5;21,87;59,35;16,73;5,93;Chinese Cabbage;AQUAPONIC;3,82
9397,6;683,5;1279,2;25,07;66,8;19,88;6,25;Lettuce;HYDROPONIC;5,628
12241,3;762,8;1492,1;23,38;75,23;19,21;5,62;Chinese Cabbage;SOIL_BASED;3,384
11258,8;870,5;697,6;24,43;58,94;20,11;5,89;Chinese Cabbage;SOIL_BASED;2,889
13739,0;586,8;1295,7;23,12;64,08;19,23;5,61;Kale;AEROPONIC;6,155
11953,9;756,4;1338,1;24,96;57,14;21,34;6,05;Bok Choy;AEROPONIC;4,831
10939,1;857,6;1340,0;20,51;60,62;16,92;6,29;Chinese Cabbage;AEROPONIC;4,391
16040,0;449,8;1219,6;29,63;54,79;24,8;6,3;Chinese Cabbage;SOIL_BASED;2,896
16741,0;903,4;1319,3;20,72;58,98;16,13;6,63;Kale;HYDROPONIC;6,317
11448,3;616,3;1225,0;25,05;56,87;20,44;5,79;Bok Choy;AEROPONIC;4,972
15767,5;608,1;1208,9;21,6;62,32;16,01;5,46;Spinach;AEROPONIC;4,732
23344,3;964,5;1403,2;23,06;76,26;19,05;5,88;Spinach;SOIL_BASED;3,343
14426,1;693,4;1945,3;24,79;70,38;20,08;6,07;Bok Choy;HYDROPONIC;4,929
14487,8;524,1;1267,1;23,77;79,03;18,89;5,42;Lettuce;AQUAPONIC;5,002
14201,2;812,4;1100,9;23,86;64,71;20,39;5,71;Kale;AEROPONIC;6,147
14639,1;928,9;1246,5;22,47;60,38;18,68;5,98;Bok Choy;AQUAPONIC;4,296
14302,2;658,9;1256,9;21,56;66,92;17,47;6,6;Spinach;AQUAPONIC;4,428
8196,6;824,2;1108,1;25,36;62,84;21,86;6,37;Chinese Cabbage;AEROPONIC;4,294
15531,8;780,9;1107,1;21,11;71,49;16,82;6,7;Spinach;SOIL_BASED;3,65
12194,0;627,6;1059,0;21,68;55,21;17,6;5,65;Chinese Cabbage;AEROPONIC;4,501
10680,0;653,4;1132,3;21,71;67,39;18,54;6,24;Kale;HYDROPONIC;5,774
9567,4;870,8;1299,1;22,57;80,78;18,2;6,12;Chinese Cabbage;HYDROPONIC;4,241
10496,0;901,0;1256,0;19,52;60,17;15,16;5,35;Bok Choy;AEROPONIC;4,936
20336,3;793,9;1575,5;19,57;64,25;15,56;5,8;Chinese Cabbage;AQUAPONIC;3,911
12347,0;355,7;747,8;25,02;53,32;20,46;6,02;Lettuce;HYDROPONIC;5,3
12665,4;1060,2;1234,7;25,05;77,43;20,4;6,45;Bok Choy;HYDROPONIC;4,677
17788,4;1026,6;1130,7;24,37;67,17;21,19;5,73;Kale;AEROPONIC;6,343
17440,1;889,3;964,5;27,35;63,58;23,78;6,24;Bok Choy;AEROPONIC;5,099
12397,7;628,7;1065,9;21,03;68,4;18,7;5,75;Lettuce;SOIL_BASED;4,141
10965,5;599,0;804,6;18,67;67,4;12,66;6,6;Kale;AEROPONIC;5,968
19703,4;772,2;1238,7;25,7;62,04;22,85;5,92;Spinach;AEROPONIC;4,914
16227,6;690,4;1280,6;18,61;56,06;13,03;5,96;Lettuce;HYDROPONIC;5,337
12364,9;946,8;915,2;23,12;69,31;18,64;6,13;Kale;HYDROPONIC;5,669
19575,1;925,2;1264,2;24,28;68,13;21,2;5,45;Chinese Cabbage;HYDROPONIC;4,636
13044,4;564,4;1299,9;29,27;64,7;24,36;5,99;Bok Choy;AQUAPONIC;4,347
11969,5;950,8;1040,0;21,97;65,4;17,7;6,28;Kale;HYDROPONIC;5,936
10684,5;746,6;1303,9;22,18;77,19;16,96;5,95;Bok Choy;HYDROPONIC;4,962
9836,3;681,7;1293,4;25,35;70,47;20,64;5,96;Chinese Cabbage;AEROPONIC;4,728
15037,0;771,2;1230,1;25,19;56,73;19,98;5,48;Kale;SOIL_BASED;4,391
3057,7;606,0;1483,9;22,54;78,96;18,57;6,0;Spinach;HYDROPONIC;4,806
10117,6;958,8;1551,8;24,02;73,79;19,69;6,35;Lettuce;SOIL_BASED;4,023
14285,8;755,4;1563,5;21,44;73,18;16,18;6,63;Kale;HYDROPONIC;5,97
18571,6;937,8;1055,5;24,75;61,26;21,09;5,71;Chinese Cabbage;HYDROPONIC;4,196
16587,5;935,7;1230,9;19,04;75,26;14,52;6,67;Kale;SOIL_BASED;4,108
18811,7;699,6;766,8;31,64;69,53;28,04;6,87;Bok Choy;AEROPONIC;4,829
14012,4;796,1;1458,1;25,52;58,13;20,81;6,1;Kale;HYDROPONIC;5,633
21644,7;672,0;1500,6;20,42;70,45;16,29;5,8;Spinach;SOIL_BASED;3,309
8670,5;968,8;1568,7;22,75;76,09;18,41;6,12;Kale;HYDROPONIC;5,911
11831,6;707,6;1763,6;20,55;72,83;15,27;6,2;Lettuce;AQUAPONIC;5,315
17344,1;876,1;1557,3;21,21;52,7;17,14;6,07;Kale;AQUAPONIC;5,407
15010,5;924,8;1419,5;24,09;71,4;19,66;5,1;Bok Choy;AQUAPONIC;4,459
11461,1;1017,5;1306,0;27,4;64,91;22,38;6,12;Kale;AQUAPONIC;5,305
15483,5;935,8;1956,0;23,22;51,98;19,28;6,22;Spinach;AEROPONIC;4,698
12332,9;739,4;1348,5;18,21;73,52;14,26;6,39;Chinese Cabbage;AQUAPONIC;3,792
12863,7;990,9;1906,7;21,78;73,81;18,68;6,82;Kale;SOIL_BASED;4,603
21094,2;934,3;1102,8;21,97;67,73;17,91;5,54;Kale;HYDROPONIC;5,759
18019,1;573,9;1199,0;23,75;59,33;18,64;6,51;Lettuce;SOIL_BASED;4,107
16683,7;939,3;1477,6;23,11;79,85;19,38;5,88;Spinach;AQUAPONIC;4,263
16447,2;845,0;498,7;17,34;72,65;13,4;5,75;Chinese Cabbage;AEROPONIC;4,086
10563,1;761,0;1217,7;20,91;73,14;17,22;6,37;Bok Choy;AQUAPONIC;4,521
11119,8;763,3;1591,4;20,4;75,83;17,3;6,54;Kale;AQUAPONIC;5,132
16627,9;775,8;1181,0;26,01;78,31;22,23;6,19;Chinese Cabbage;AEROPONIC;4,539
17800,7;727,5;1279,9;22,7;70,74;18,72;5,96;Bok Choy;AEROPONIC;5,195
17910,9;840,2;869,4;17,9;58,32;12,23;5,97;Spinach;AEROPONIC;4,702
12845,6;936,1;1174,1;21,07;62,17;16,99;6,94;Spinach;AEROPONIC;5,168
11394,1;626,8;1066,0;26,79;63,58;22,24;5,97;Chinese Cabbage;AEROPONIC;4,499
15977,6;508,8;1475,7;21,82;78,33;17,52;6,38;Bok Choy;AEROPONIC;5,404
9417,5;786,8;1490,1;21,6;69,83;16,79;6,05;Spinach;HYDROPONIC;4,765
12843,0;927,0;1073,2;23,02;62,18;20,07;6,12;Chinese Cabbage;AQUAPONIC;3,837
18457,2;882,7;1033,7;24,13;66,31;19,75;6,58;Spinach;AQUAPONIC;4,187
12501,5;712,1;1685,9;23,1;79,24;19,01;6,81;Spinach;AEROPONIC;4,903
17021,0;744,8;937,2;26,36;73,22;21,89;5,9;Spinach;SOIL_BASED;3,378
7197,3;504,7;1483,0;23,1;76,86;18,34;5,87;Lettuce;AEROPONIC;5,673
13736,7;977,9;1290,1;25,39;58,52;21,13;6,19;Bok Choy;HYDROPONIC;5,0
10532,7;714,7;1569,7;24,05;66,22;20,21;5,92;Chinese Cabbage;SOIL_BASED;3,207
7606,8;799,9;1332,4;19,88;62,55;15,01;5,45;Chinese Cabbage;HYDROPONIC;4,396
12060,5;738,1;1142,3;28,5;80,77;23,82;5,59;Bok Choy;SOIL_BASED;3,374
14085,4;656,5;977,2;26,74;66,83;21,73;6,2;Bok Choy;SOIL_BASED;3,778
13239,0;694,6;983,7;21,91;63,12;17,72;6,12;Bok Choy;AEROPONIC;5,364
14985,3;711,5;952,0;23,19;50,95;19,41;5,33;Bok Choy;HYDROPONIC;4,989
16252,5;686,1;1250,6;25,22;79,99;19,56;6,01;Kale;SOIL_BASED;4,409
15771,4;882,8;1491,0;24,0;80,4;20,52;6,41;Chinese Cabbage;HYDROPONIC;4,535
14294,2;887,1;1041,6;23,8;50,55;18,76;6,4;Kale;AEROPONIC;6,143
15624,1;744,5;1010,9;24,92;69,81;19,88;5,93;Spinach;AEROPONIC;4,831
9421,6;798,2;1326,6;24,49;76,05;19,77;6,3;Spinach;AEROPONIC;4,885
10021,0;995,6;1641,6;24,5;72,06;20,35;5,57;Chinese Cabbage;AEROPONIC;4,265
10614,8;550,3;1480,9;23,76;64,29;19,39;6,42;Spinach;AQUAPONIC;4,455
14540,2;1002,9;1256,2;25,29;59,96;21,56;6,03;Bok Choy;SOIL_BASED;3,463
17407,3;1013,1;1012,9;24,09;77,93;21,1;6,37;Kale;AQUAPONIC;5,477
20277,6;894,5;1292,5;24,16;74,55;20,23;6,23;Bok Choy;AEROPONIC;4,913
15941,6;843,6;1510,0;27,35;73,42;23,24;6,38;Spinach;SOIL_BASED;3,5
8778,8;843,9;1431,8;24,71;77,96;21,41;6,83;Kale;SOIL_BASED;4,72
15605,9;566,9;1347,1;24,43;86,58;21,04;6,79;Bok Choy;HYDROPONIC;5,01
17222,4;865,1;1568,5;21,01;65,23;17,37;5,59;Chinese Cabbage;AEROPONIC;4,555
12659,2;939,9;1669,3;21,15;65,25;16,9;5,97;Bok Choy;AQUAPONIC;4,753
13390,3;599,2;1497,3;26,7;64,56;21,9;6,64;Spinach;HYDROPONIC;4,641
17679,9;634,7;759,6;25,1;60,16;20,82;5,78;Kale;SOIL_BASED;4,406
13962,1;992,3;1531,4;26,07;78,15;20,12;6,87;Chinese Cabbage;AQUAPONIC;3,597
14848,6;745,9;1241,7;24,05;79,43;20,03;6,15;Kale;AEROPONIC;6,009
13209,0;912,3;1314,9;24,61;77,06;20,4;5,76;Chinese Cabbage;AQUAPONIC;3,835
18376,0;638,1;1214,0;23,09;82,17;17,83;6,16;Kale;AQUAPONIC;5,087
9203,2;876,9;1103,4;23,43;68,86;19,53;5,85;Spinach;AQUAPONIC;4,207
13570,1;874,2;663,3;22,33;71,19;18,28;6,0;Chinese Cabbage;HYDROPONIC;4,461
12809,7;479,7;1357,5;27,23;73,55;23,11;6,2;Lettuce;SOIL_BASED;3,891
12481,5;891,8;941,0;21,51;64,43;16,64;5,86;Kale;AQUAPONIC;5,377
10442,8;701,5;1415,4;24,36;58,9;19,98;6,15;Kale;SOIL_BASED;4,276
19122,8;828,6;1177,1;23,06;69,23;18,95;5,87;Bok Choy;HYDROPONIC;5,358
13236,0;744,3;1571,6;26,17;64,03;21,62;5,96;Chinese Cabbage;AEROPONIC;4,542
11970,5;922,2;1733,0;24,14;86,44;20,57;5,68;Lettuce;AEROPONIC;5,77
17276,8;942,7;1246,7;24,79;55,34;20,07;5,99;Spinach;AQUAPONIC;4,263
14474,4;986,6;1145,5;24,08;67,5;18,92;6,39;Bok Choy;HYDROPONIC;5,23
8462,2;965,0;1091,0;20,72;70,46;15,56;6,2;Lettuce;AEROPONIC;6,049
7754,3;934,2;1396,9;25,04;60,95;21,19;6,59;Chinese Cabbage;HYDROPONIC;4,271
14004,8;760,7;1129,4;23,22;64,1;20,41;6,1;Lettuce;HYDROPONIC;5,732
16362,6;755,7;1273,4;21,37;68,51;15,74;6,28;Kale;AQUAPONIC;5,217
14173,5;711,0;1038,1;19,55;58,14;16,14;6,35;Kale;AQUAPONIC;5,837
9496,8;671,7;1293,4;21,21;71,47;16,97;6,0;Bok Choy;HYDROPONIC;5,131
17756,6;553,6;1712,7;25,64;81,41;21,14;5,43;Chinese Cabbage;HYDROPONIC;4,184
11719,8;867,4;1088,3;28,43;64,78;25,85;5,68;Chinese Cabbage;AQUAPONIC;3,688
21962,5;776,2;1283,8;23,83;74,53;19,19;6,88;Lettuce;HYDROPONIC;5,57
13925,1;806,6;1407,7;20,71;82,52;15,8;6,35;Bok Choy;AQUAPONIC;4,58
16232,1;881,3;1627,3;24,67;76,56;20,1;5,81;Chinese Cabbage;SOIL_BASED;3,054
18408,2;786,1;1579,9;26,52;61,82;22,5;6,87;Kale;HYDROPONIC;5,796
15444,8;727,0;1469,0;28,88;54,93;24,97;5,77;Lettuce;AQUAPONIC;5,141
14287,1;752,1;1386,1;27,04;65,36;23,46;5,36;Spinach;HYDROPONIC;4,8
17059,2;694,1;2026,0;24,13;68,5;19,79;6,23;Kale;AQUAPONIC;5,12
13443,2;927,8;1464,1;25,11;50,41;21,14;6,15;Bok Choy;HYDROPONIC;4,749
15189,6;584,9;1355,1;21,48;68,24;19,0;5,75;Chinese Cabbage;AEROPONIC;4,515
13843,5;844,0;1593,3;25,73;60,97;21,43;6,11;Kale;AEROPONIC;6,21
14626,6;796,1;1430,5;26,12;66,99;20,8;5,91;Spinach;HYDROPONIC;4,983
17419,9;582,9;1941,3;16,51;65,35;13,13;6,15;Spinach;AEROPONIC;4,81
10268,1;753,0;1134,3;23,9;66,24;19,98;6,0;Bok Choy;HYDROPONIC;5,476
12884,7;871,8;1267,5;27,67;74,39;23,4;6,7;Kale;HYDROPONIC;5,932
12730,7;752,2;932,9;21,62;59,51;18,57;6,36;Lettuce;SOIL_BASED;4,219
17932,7;668,5;1251,3;17,55;52,45;13,68;6,7;Kale;SOIL_BASED;4,029
14039,4;787,7;974,1;23,42;75,05;18,21;6,26;Spinach;AEROPONIC;4,8
11252,5;571,5;1311,6;26,51;73,5;22,78;5,55;Bok Choy;SOIL_BASED;3,467
7590,9;698,6;1099,6;24,62;72,57;21,47;5,68;Bok Choy;SOIL_BASED;3,489
18495,6;614,5;1485,2;23,58;60,47;19,34;7,06;Lettuce;HYDROPONIC;5,457
14443,8;815,8;1151,9;20,91;73,19;17,25;4,87;Bok Choy;AQUAPONIC;4,442
13816,0;936,3;1465,0;20,42;57,12;15,6;6,08;Bok Choy;HYDROPONIC;5,053
14183,0;842,7;1225,2;24,01;65,44;19,0;5,29;Bok Choy;SOIL_BASED;3,677
18399,5;1027,7;1589,7;23,34;80,9;20,33;6,33;Bok Choy;HYDROPONIC;5,383
16022,8;932,7;1255,9;25,89;73,08;20,1;5,66;Bok Choy;AEROPONIC;5,184
7896,0;652,8;1167,0;24,73;67,38;21,25;6,13;Spinach;AQUAPONIC;4,615
16569,5;751,0;806,9;21,42;66,78;17,72;6,24;Kale;SOIL_BASED;4,513
8264,3;838,0;929,2;24,22;58,64;20,26;6,45;Chinese Cabbage;SOIL_BASED;2,822
16998,6;674,2;1474,3;23,75;81,77;18,87;6,08;Bok Choy;HYDROPONIC;5,088
12880,6;848,5;946,2;18,84;76,59;13,23;5,61;Chinese Cabbage;HYDROPONIC;4,227
17073,4;839,5;1528,5;22,33;74,78;18,47;6,48;Chinese Cabbage;HYDROPONIC;4,439
17311,0;822,4;1166,9;23,67;67,21;19,03;6,63;Spinach;HYDROPONIC;4,791
12301,0;767,6;1276,3;23,18;64,9;17,98;6,36;Bok Choy;SOIL_BASED;3,821
14444,1;635,5;1426,3;24,38;61,55;20,73;6,37;Chinese Cabbage;HYDROPONIC;4,334
15299,7;839,1;1559,6;23,72;80,17;19,62;6,34;Bok Choy;SOIL_BASED;3,58
11965,6;791,2;900,6;24,45;52,59;19,4;6,22;Lettuce;HYDROPONIC;5,079
11936,7;672,3;921,1;23,97;72,82;19,49;5,99;Lettuce;AQUAPONIC;5,518
16082,6;788,5;1211,9;23,43;54,6;19,34;6,42;Lettuce;AQUAPONIC;4,83
18981,1;728,1;1591,0;23,95;66,28;20,07;6,66;Chinese Cabbage;HYDROPONIC;4,257
10421,4;851,9;1285,0;22,49;67,79;18,08;5,81;Lettuce;HYDROPONIC;5,665
16284,7;853,0;1581,5;22,34;57,12;19,43;6,41;Spinach;AEROPONIC;5,16
13673,3;703,7;850,4;23,78;60,74;19,74;6,2;Spinach;AQUAPONIC;4,351
16867,1;772,9;1133,6;17,87;74,19;13,55;5,03;Chinese Cabbage;SOIL_BASED;3,353
16111,9;710,8;1299,3;22,46;80,57;18,06;6,02;Bok Choy;AQUAPONIC;4,279
15581,6;989,4;1001,0;21,52;70,66;17,02;5,77;Kale;SOIL_BASED;4,385
9468,0;732,1;980,6;21,18;62,16;17,33;6,3;Bok Choy;HYDROPONIC;5,104
21048,3;822,6;1071,2;22,62;59,77;18,25;5,97;Bok Choy;AQUAPONIC;4,44
14156,3;1042,2;1180,2;19,75;61,71;16,16;5,63;Bok Choy;AQUAPONIC;4,379
13526,4;414,9;984,1;22,63;67,81;18,05;6,21;Bok Choy;AEROPONIC;5,067
16898,4;873,4;1596,6;24,15;70,19;20,29;5,88;Kale;AEROPONIC;6,42
8051,8;854,4;1332,5;26,44;78,44;20,92;6,09;Lettuce;AQUAPONIC;5,224
17234,3;691,1;1361,7;29,66;67,38;25,29;6,45;Bok Choy;AQUAPONIC;4,321
17920,4;580,4;1353,7;18,38;62,37;15,03;6,06;Spinach;AQUAPONIC;4,132
10197,5;715,4;1690,3;20,89;58,42;17,2;5,53;Chinese Cabbage;SOIL_BASED;3,182
15952,7;740,8;1805,2;22,63;66,22;17,62;6,14;Chinese Cabbage;HYDROPONIC;4,544
14241,2;828,4;1207,9;23,89;53,99;20,42;5,8;Spinach;AEROPONIC;4,731
15845,7;580,8;1418,2;24,52;62,86;21,92;5,89;Bok Choy;HYDROPONIC;4,906
9260,7;639,7;1202,6;21,79;57,29;17,07;6,16;Kale;AEROPONIC;6,142
18872,2;711,4;1510,1;16,42;65,8;12,0;6,02;Lettuce;AEROPONIC;5,743
16950,5;1073,4;1647,9;26,4;71,88;23,98;6,46;Chinese Cabbage;AEROPONIC;4,576
10850,3;725,5;1278,5;24,91;71,23;19,31;6,39;Lettuce;AQUAPONIC;5,056
12756,4;663,5;1526,1;25,5;73,81;21,54;6,51;Kale;AEROPONIC;6,31
18080,0;894,9;1195,2;22,9;60,14;20,01;5,29;Chinese Cabbage;HYDROPONIC;4,187
15781,4;543,8;1581,7;24,48;80,05;20,51;5,93;Lettuce;AEROPONIC;5,751
12222,5;653,6;1048,5;17,9;73,66;12,51;5,1;Kale;HYDROPONIC;5,74
15249,7;492,4;1000,8;20,5;73,35;17,98;5,56;Lettuce;AEROPONIC;5,81
13125,5;766,7;1436,5;26,84;77,57;22,4;6,21;Bok Choy;AEROPONIC;5,205
10252,5;696,2;1577,0;23,59;69,5;18,1;5,91;Kale;AQUAPONIC;5,59
13686,6;972,7;1449,3;28,73;67,02;24,61;6,37;Lettuce;HYDROPONIC;5,469
16176,1;809,1;1555,3;20,77;79,46;16,58;6,22;Bok Choy;AEROPONIC;5,578
12185,1;770,8;1058,7;30,65;60,9;25,79;5,36;Bok Choy;AEROPONIC;4,944
16329,8;634,7;1262,2;31,05;66,2;26,52;6,14;Kale;HYDROPONIC;6,034
17736,0;742,1;870,0;21,69;77,84;17,92;6,39;Spinach;AEROPONIC;4,868
17096,1;913,4;969,7;22,23;66,23;17,41;6,03;Chinese Cabbage;SOIL_BASED;3,014
16146,8;641,5;1658,3;27,01;63,01;21,9;6,67;Kale;AQUAPONIC;5,318
10248,5;905,7;1184,1;21,92;59,97;19,12;5,25;Bok Choy;HYDROPONIC;5,262
13586,0;614,2;1762,9;22,76;70,02;17,91;5,9;Bok Choy;AQUAPONIC;4,498
15196,7;748,2;1323,4;21,45;64,36;18,24;5,84;Kale;SOIL_BASED;4,137
14321,6;884,8;1222,6;21,52;72,16;17,41;6,09;Spinach;SOIL_BASED;3,455
17260,4;869,2;1215,2;23,83;81,96;20,22;6,27;Chinese Cabbage;SOIL_BASED;3,117
14164,6;653,6;1540,6;22,73;77,12;19,2;6,43;Lettuce;HYDROPONIC;5,679
18152,2;695,0;1249,1;17,65;48,25;12,43;5,88;Kale;SOIL_BASED;4,13
17614,4;768,3;1290,9;27,54;74,1;22,81;5,87;Chinese Cabbage;HYDROPONIC;4,359
12781,0;1033,7;1361,1;27,98;74,69;22,75;6,12;Chinese Cabbage;HYDROPONIC;4,067
10443,3;1027,3;930,7;24,93;65,47;21,41;6,07;Bok Choy;AEROPONIC;4,94
17468,3;945,5;1305,4;23,85;78,58;18,91;6,19;Lettuce;HYDROPONIC;5,547
18934,1;907,8;1267,1;20,88;70,51;15,6;6,42;Kale;SOIL_BASED;4,54
13310,3;583,4;1398,7;22,21;51,48;17,98;5,97;Bok Choy;HYDROPONIC;4,888
15987,5;957,0;1538,1;26,55;69,2;22,92;5,7;Bok Choy;HYDROPONIC;4,878
17784,3;623,8;1218,6;25,17;65,69;21,11;5,99;Spinach;AQUAPONIC;4,422
9461,4;638,3;1411,7;24,77;62,66;21,39;5,71;Chinese Cabbage;SOIL_BASED;3,034
19829,7;829,0;927,6;24,89;71,08;20,94;6,8;Kale;HYDROPONIC;6,06
13274,7;781,3;1798,7;26,47;73,53;22,51;6,0;Kale;AEROPONIC;6,431
20028,7;777,3;1680,7;26,05;73,69;23,2;5,89;Kale;HYDROPONIC;5,575
17157,2;597,6;1193,3;25,43;73,95;20,78;5,93;Bok Choy;HYDROPONIC;5,132
15709,9;725,0;1307,9;22,52;58,18;18,93;6,46;Spinach;AQUAPONIC;4,138
20430,8;593,4;714,3;28,22;58,98;23,36;6,5;Lettuce;SOIL_BASED;3,838
15693,6;945,1;1454,4;22,14;70,29;17,17;6,19;Bok Choy;SOIL_BASED;3,906
18934,8;497,9;1089,2;21,07;77,16;18,25;6,0;Lettuce;AEROPONIC;5,842
17196,6;865,2;857,0;21,92;71,01;17,18;5,95;Spinach;AEROPONIC;4,93
12916,5;723,4;1369,7;20,16;50,1;15,47;5,3;Chinese Cabbage;AEROPONIC;4,291
10861,4;582,5;1043,9;25,13;72,65;20,08;6,45;Kale;HYDROPONIC;5,858
19319,6;861,0;1012,3;23,46;54,76;18,91;6,7;Lettuce;HYDROPONIC;5,648
14942,1;885,7;1482,4;26,66;73,83;24,21;5,81;Bok Choy;AEROPONIC;5,169
16828,9;738,6;1704,3;16,65;63,26;13,38;6,23;Lettuce;SOIL_BASED;3,965
16118,1;984,1;1352,6;24,09;70,57;20,31;6,43;Chinese Cabbage;SOIL_BASED;2,966
16297,0;678,0;1607,1;22,78;85,88;19,18;5,87;Kale;AEROPONIC;6,286
17130,2;965,9;1191,7;22,53;65,0;19,03;6,05;Lettuce;AQUAPONIC;5,089
14331,2;950,9;1434,1;20,59;61,59;16,55;6,37;Chinese Cabbage;SOIL_BASED;3,243
19735,0;529,3;1343,2;23,62;64,31;18,94;6,27;Bok Choy;SOIL_BASED;3,715
18769,0;1119,6;1398,5;21,36;55,23;16,03;6,34;Spinach;AEROPONIC;4,916
12960,8;810,5;1034,7;27,76;59,47;22,62;5,54;Bok Choy;SOIL_BASED;3,336
12934,1;852,5;648,3;25,26;77,06;20,56;6,16;Kale;HYDROPONIC;5,745
10719,5;590,4;1643,7;26,25;51,23;21,62;5,84;Bok Choy;HYDROPONIC;4,589
21024,9;1045,8;1214,3;18,63;62,67;14,42;5,91;Bok Choy;SOIL_BASED;3,549
13457,1;769,5;795,1;25,98;70,04;21,76;6,36;Bok Choy;HYDROPONIC;4,609
16343,3;694,6;1276,4;25,72;64,52;21,96;5,53;Bok Choy;AQUAPONIC;4,543
12999,4;808,6;1377,4;22,36;79,47;19,23;6,41;Kale;SOIL_BASED;4,379
15947,7;743,7;1293,0;22,98;66,58;19,19;5,89;Chinese Cabbage;AEROPONIC;4,515
17366,9;857,3;1348,6;20,75;65,12;16,79;6,58;Lettuce;HYDROPONIC;5,749
18767,3;626,1;1305,6;22,64;69,27;17,78;6,03;Spinach;AQUAPONIC;4,091
18036,9;957,6;1196,2;25,08;70,31;20,03;6,92;Lettuce;AQUAPONIC;5,357
9481,9;982,7;1325,8;21,63;68,0;18,38;5,35;Lettuce;HYDROPONIC;5,41
17102,2;832,9;1240,0;23,6;67,39;19,51;5,36;Spinach;AQUAPONIC;4,194
21137,4;868,6;1331,8;30,63;51,39;26,92;6,56;Kale;SOIL_BASED;4,146
13449,2;604,9;1383,2;20,76;58,39;16,75;6,55;Spinach;AQUAPONIC;4,277
18980,2;616,9;1431,2;24,43;72,91;22,37;5,55;Kale;HYDROPONIC;5,998
11121,6;772,7;1151,2;20,61;76,57;19,0;5,79;Lettuce;AQUAPONIC;5,209
16462,1;641,0;1457,0;19,34;78,86;15,19;5,98;Kale;HYDROPONIC;5,631
14578,6;350,9;1394,7;25,74;55,73;20,99;6,2;Chinese Cabbage;HYDROPONIC;4,284
7873,7;849,9;1599,4;22,36;60,88;17,57;6,5;Spinach;AQUAPONIC;4,305
12628,9;1015,7;1330,2;27,98;80,72;24,42;6,07;Chinese Cabbage;HYDROPONIC;4,064
18128,8;856,4;1542,9;25,09;64,76;19,96;6,59;Lettuce;HYDROPONIC;5,709
16470,2;777,5;702,6;21,3;73,25;17,0;6,35;Spinach;AEROPONIC;4,671
14240,7;948,0;1005,0;21,04;95,0;16,25;6,19;Lettuce;SOIL_BASED;4,086
17327,9;834,0;1569,3;25,52;76,92;20,99;5,81;Chinese Cabbage;HYDROPONIC;4,375
9328,7;663,0;1367,0;20,55;66,16;15,63;6,58;Lettuce;SOIL_BASED;4,119
13823,1;637,4;1006,9;20,47;66,8;16,85;5,65;Spinach;AEROPONIC;4,515
11438,5;627,3;1328,6;18,69;72,48;14,95;5,76;Spinach;AEROPONIC;4,908
8336,2;722,3;1558,3;25,25;51,67;21,86;6,42;Lettuce;AEROPONIC;5,408
17615,6;890,4;959,3;21,23;71,75;17,92;6,08;Spinach;AEROPONIC;5,0
16104,5;836,7;1353,2;24,51;65,65;20,91;6,52;Spinach;SOIL_BASED;3,566
13485,1;985,9;1849,0;19,85;67,34;16,14;5,9;Lettuce;AQUAPONIC;5,109
12775,9;754,5;1071,3;18,91;68,9;13,04;6,74;Chinese Cabbage;AQUAPONIC;4,161
9567,7;671,4;1044,0;25,52;81,31;20,0;5,91;Spinach;SOIL_BASED;3,282
13959,7;931,0;640,8;23,06;70,18;18,35;6,06;Spinach;HYDROPONIC;4,562
16657,9;705,5;1184,6;21,6;69,99;17,84;6,57;Spinach;SOIL_BASED;3,693
12458,3;833,3;1520,8;22,14;74,08;17,93;6,01;Spinach;HYDROPONIC;4,747
18622,0;865,2;1145,5;22,15;68,62;16,65;6,15;Lettuce;HYDROPONIC;5,665
9311,2;1088,6;1956,4;29,2;73,62;25,24;5,71;Chinese Cabbage;AQUAPONIC;4,139
7457,5;711,8;2165,8;24,24;67,04;21,11;5,65;Chinese Cabbage;AEROPONIC;4,158
14755,0;949,9;1749,3;23,89;77,89;17,57;6,93;Kale;AQUAPONIC;5,204
16766,8;755,6;1093,4;21,39;78,87;17,04;5,96;Spinach;AQUAPONIC;4,313
16307,7;959,6;1361,1;25,7;73,72;19,7;6,56;Spinach;SOIL_BASED;3,884
9910,2;729,1;1127,6;20,27;48,51;15,96;6,06;Kale;SOIL_BASED;3,915
13729,5;871,9;1111,0;24,95;69,49;20,58;5,87;Chinese Cabbage;HYDROPONIC;4,191
15550,6;1150,7;1369,4;24,97;51,64;19,85;5,95;Bok Choy;SOIL_BASED;3,952
17368,8;592,7;1006,4;26,35;71,24;22,03;5,6;Bok Choy;HYDROPONIC;5,052
7978,9;921,0;787,9;17,99;81,63;13,63;5,85;Chinese Cabbage;HYDROPONIC;4,273
14424,2;960,4;916,8;26,66;77,71;21,53;6,65;Spinach;AEROPONIC;4,638
15565,7;716,2;1350,0;24,49;65,72;18,82;6,83;Bok Choy;AEROPONIC;4,8
10830,5;1006,1;1772,7;21,39;66,64;16,39;6,42;Lettuce;AQUAPONIC;4,881
15348,7;609,2;1524,4;17,45;52,37;13,4;6,36;Lettuce;AEROPONIC;5,569
11815,6;902,2;1251,1;22,36;68,11;18,42;5,95;Kale;HYDROPONIC;5,852
16973,9;834,1;1478,0;24,02;66,26;19,87;5,75;Chinese Cabbage;SOIL_BASED;3,301
18731,8;910,7;1262,4;19,24;57,32;14,84;6,19;Chinese Cabbage;AEROPONIC;4,467
11025,2;761,7;1557,6;21,12;59,66;17,19;5,89;Bok Choy;AEROPONIC;5,028
11036,6;923,7;1476,5;19,96;57,82;15,63;6,15;Spinach;AEROPONIC;4,628
18564,8;936,0;658,1;22,28;86,26;17,15;6,26;Chinese Cabbage;AEROPONIC;4,188
15838,3;509,8;1111,2;20,45;69,01;16,62;5,79;Bok Choy;HYDROPONIC;4,849
16090,8;719,6;1457,3;29,58;74,41;24,81;6,36;Bok Choy;HYDROPONIC;4,328
10434,1;790,2;1492,0;25,92;75,79;22,4;5,43;Chinese Cabbage;AQUAPONIC;3,974
15965,1;744,6;1159,5;20,4;81,7;16,58;6,43;Bok Choy;SOIL_BASED;3,354
14716,1;857,4;723,6;20,81;81,43;15,76;6,09;Kale;AQUAPONIC;5,65
17690,8;506,7;1334,7;19,35;76,02;14,1;5,72;Kale;AQUAPONIC;5,654
16800,0;738,3;881,7;23,08;55,07;19,91;5,83;Chinese Cabbage;AEROPONIC;4,1
13834,7;813,4;1063,7;28,47;76,1;22,84;6,05;Spinach;SOIL_BASED;3,357
12164,6;810,5;1646,3;26,85;64,6;22,29;6,35;Kale;AEROPONIC;6,017
17187,1;623,4;1161,1;24,05;57,26;21,66;6,13;Kale;HYDROPONIC;6,08
16102,8;1076,5;1096,1;22,68;64,84;19,35;6,41;Chinese Cabbage;AQUAPONIC;4,051
8913,2;649,3;1246,9;25,04;69,3;20,12;5,84;Lettuce;SOIL_BASED;4,292
11511,2;809,4;1516,5;24,28;46,2;19,47;6,05;Bok Choy;HYDROPONIC;4,422
17533,0;709,2;1215,3;24,71;71,4;19,92;6,31;Kale;AQUAPONIC;5,532
8139,1;913,1;1661,9;24,05;77,66;21,99;6,51;Lettuce;SOIL_BASED;4,234
11259,7;989,1;1040,6;24,75;68,74;20,52;5,68;Spinach;AQUAPONIC;4,271
18249,9;832,2;1008,9;19,52;58,8;15,62;5,22;Lettuce;SOIL_BASED;4,179
11291,4;858,6;1402,7;23,16;73,18;18,96;5,91;Chinese Cabbage;AQUAPONIC;4,05
8638,2;708,3;1098,6;24,15;67,77;20,56;5,83;Spinach;AEROPONIC;4,88
11893,9;682,9;1404,8;22,28;82,8;19,8;6,39;Spinach;AQUAPONIC;4,488
12015,8;444,3;1875,8;20,01;48,47;18,29;5,75;Lettuce;AQUAPONIC;4,761
12561,8;663,3;950,3;23,51;46,11;18,83;6,69;Chinese Cabbage;SOIL_BASED;3,164
13312,9;653,9;1365,1;35,0;67,16;31,37;6,18;Kale;SOIL_BASED;3,782
15927,7;836,5;1520,2;21,2;64,08;17,62;6,06;Lettuce;AEROPONIC;5,96
19212,9;597,1;1108,8;23,1;70,29;18,55;5,86;Kale;SOIL_BASED;4,163
10382,5;676,4;1283,4;27,03;71,54;22,77;5,57;Lettuce;AQUAPONIC;5,302
10906,2;930,5;682,0;28,46;80,92;24,26;5,88;Kale;SOIL_BASED;3,954
17601,8;632,7;1279,3;21,87;65,95;16,5;6,16;Lettuce;SOIL_BASED;4,234
20025,9;618,5;1021,4;26,2;71,82;20,59;6,2;Spinach;SOIL_BASED;3,461
9520,1;1037,8;1024,5;25,72;56,82;20,1;5,79;Bok Choy;AEROPONIC;4,924
15026,0;1057,9;1226,2;22,08;88,95;18,7;6,75;Spinach;AEROPONIC;4,733
16316,9;760,1;1163,4;25,25;77,4;20,04;6,67;Kale;HYDROPONIC;5,871
14085,1;899,8;957,7;23,02;75,5;19,74;6,54;Chinese Cabbage;AEROPONIC;4,777
8646,0;870,7;1686,6;21,75;61,14;16,88;6,22;Spinach;AEROPONIC;5,055
20037,5;874,8;1318,5;28,31;79,58;24,71;5,72;Bok Choy;AEROPONIC;4,96
5943,4;717,4;1382,4;25,32;76,61;21,03;5,9;Kale;AQUAPONIC;5,686
6618,5;816,8;1133,1;18,79;73,44;14,28;6,15;Spinach;HYDROPONIC;4,688
15604,4;814,3;1264,1;23,14;67,13;18,79;6,45;Lettuce;AQUAPONIC;5,018
13194,5;849,7;737,9;22,05;59,06;17,2;5,87;Chinese Cabbage;AEROPONIC;4,6
17357,2;799,2;995,3;22,91;67,52;18,61;6,31;Kale;AEROPONIC;6,127
8566,4;825,2;1667,8;24,94;61,31;21,29;5,71;Spinach;HYDROPONIC;4,762
15243,2;706,2;1441,5;24,32;71,26;20,47;6,06;Kale;HYDROPONIC;5,535
20931,4;687,2;1154,5;27,52;58,64;23,71;6,06;Lettuce;SOIL_BASED;4,009
12188,3;911,7;1381,8;26,92;61,9;22,74;5,75;Bok Choy;AEROPONIC;5,225
17024,7;767,9;825,2;20,1;50,29;15,76;6,37;Spinach;AEROPONIC;4,799
16626,0;693,7;1174,8;23,22;72,52;19,61;6,16;Kale;AQUAPONIC;5,642
13664,3;1123,5;1281,0;18,05;71,68;14,45;6,05;Kale;SOIL_BASED;4,364
20453,2;1098,1;1485,2;20,71;63,7;16,17;5,91;Kale;AEROPONIC;5,895
14602,4;605,5;1069,8;17,63;47,26;12,57;5,77;Bok Choy;AQUAPONIC;4,185
12566,7;744,7;1291,0;19,11;53,65;15,35;6,51;Kale;HYDROPONIC;5,732
14749,9;991,7;1215,9;27,42;68,85;23,06;5,53;Chinese Cabbage;AQUAPONIC;3,884
6192,4;657,2;1377,6;25,61;76,5;21,53;6,3;Chinese Cabbage;AEROPONIC;4,581
7838,3;662,6;1341,4;25,23;59,58;19,39;5,48;Kale;AQUAPONIC;5,656
14242,5;803,8;1269,1;26,79;78,28;21,51;6,4;Chinese Cabbage;AQUAPONIC;3,873
16396,2;876,6;1368,6;25,22;82,28;21,61;6,28;Spinach;SOIL_BASED;3,54
10618,0;635,2;1123,5;23,26;71,86;19,27;5,9;Chinese Cabbage;SOIL_BASED;3,375
8059,3;904,6;1143,9;21,85;76,87;17,73;6,45;Kale;HYDROPONIC;5,923
12254,0;1006,3;872,9;28,25;58,43;24,63;6,26;Lettuce;SOIL_BASED;3,584
13820,0;659,7;1462,8;27,16;52,86;23,61;5,97;Spinach;AQUAPONIC;4,296
21266,1;706,4;1245,4;22,89;83,82;17,91;6,44;Bok Choy;SOIL_BASED;3,595
16082,3;876,9;999,2;25,64;59,58;23,24;6,07;Kale;AEROPONIC;5,9
16677,4;694,6;1074,7;15,69;77,79;12,0;5,72;Bok Choy;AQUAPONIC;4,572
20254,9;462,1;1709,0;25,78;71,57;20,95;6,6;Lettuce;AQUAPONIC;5,274
21429,6;755,6;1212,4;22,1;82,96;16,68;5,56;Bok Choy;AQUAPONIC;4,533
17500,5;736,9;1389,6;31,09;74,59;26,1;6,23;Kale;AEROPONIC;6,101
17552,5;634,0;1146,8;26,72;58,03;23,68;6,51;Kale;AQUAPONIC;5,671
11953,9;917,9;981,4;17,98;65,06;13,28;5,95;Lettuce;SOIL_BASED;4,095
13432,5;750,6;1290,5;21,51;73,96;15,71;5,8;Kale;AEROPONIC;6,785
11984,7;939,0;1566,3;23,67;63,33;20,18;6,11;Lettuce;AQUAPONIC;5,309
16969,3;479,5;1663,5;23,38;76,89;19,69;5,48;Lettuce;SOIL_BASED;4,06
16292,1;437,0;1634,0;23,25;68,82;19,07;6,72;Kale;SOIL_BASED;4,504
18920,2;891,1;1450,0;26,26;77,06;21,58;5,94;Chinese Cabbage;HYDROPONIC;4,374
17903,8;557,4;1426,9;21,99;77,6;16,83;5,99;Lettuce;SOIL_BASED;4,273
13127,6;603,3;1042,9;23,3;70,64;19,21;6,45;Kale;SOIL_BASED;4,341
16053,9;624,3;1300,4;27,77;66,86;22,6;6,52;Chinese Cabbage;HYDROPONIC;3,897
21085,5;1044,6;1540,4;27,82;63,45;23,99;6,15;Lettuce;HYDROPONIC;5,642
14081,7;879,7;1653,5;26,24;58,26;23,16;5,63;Chinese Cabbage;AEROPONIC;4,454
14889,7;512,6;1262,5;22,52;82,62;18,06;6,25;Spinach;SOIL_BASED;3,576
13646,6;726,9;1172,5;21,52;68,68;17,35;6,26;Spinach;AEROPONIC;4,79
15188,1;765,5;1041,1;23,38;65,9;19,19;6,13;Chinese Cabbage;AEROPONIC;4,67
15486,9;589,7;1279,8;23,58;66,02;18,82;6,33;Lettuce;AQUAPONIC;5,07
17943,7;728,4;1585,8;23,4;67,55;19,28;6,23;Kale;AEROPONIC;6,19
12592,0;643,6;1153,2;25,06;63,84;19,97;5,44;Bok Choy;AEROPONIC;5,224
15425,8;999,7;1453,9;24,51;63,14;18,81;5,72;Kale;AEROPONIC;6,049
10190,8;755,6;1583,4;24,39;56,4;19,68;6,15;Bok Choy;AEROPONIC;5,017
10432,3;544,6;1176,5;22,19;68,39;17,22;6,04;Bok Choy;HYDROPONIC;4,738
17969,6;802,8;1235,1;20,14;79,1;17,8;6,09;Lettuce;SOIL_BASED;4,332
9483,1;841,9;1611,3;25,44;61,86;20,77;6,01;Chinese Cabbage;AQUAPONIC;3,861
16352,2;671,3;1376,7;23,67;72,69;19,39;6,02;Kale;HYDROPONIC;6,325
11487,5;854,9;1704,0;24,64;72,89;20,76;5,83;Chinese Cabbage;AQUAPONIC;4,087
10033,1;786,6;1295,7;24,72;71,41;21,88;5,95;Spinach;AQUAPONIC;4,405
16055,8;698,0;1585,5;17,82;83,93;13,19;6,23;Lettuce;HYDROPONIC;5,246
22670,6;737,3;984,2;28,32;73,12;24,8;5,61;Lettuce;AEROPONIC;5,818
16101,9;764,1;1485,2;21,92;68,57;18,79;5,81;Spinach;HYDROPONIC;5,145
13056,0;350,0;1181,8;27,35;70,85;21,85;5,96;Kale;AQUAPONIC;5,478
12211,4;755,4;949,5;24,69;75,19;20,85;6,08;Spinach;AQUAPONIC;4,255
11403,2;915,0;1161,6;20,48;82,79;17,24;6,21;Kale;AEROPONIC;6,502
13742,8;728,0;1245,4;21,52;65,97;17,28;6,86;Bok Choy;HYDROPONIC;5,363
17573,9;923,9;1432,7;21,57;69,53;17,41;5,92;Lettuce;SOIL_BASED;4,046
14918,0;589,3;1255,6;21,73;94,02;16,74;6,52;Kale;AQUAPONIC;5,391
13863,2;545,1;790,3;18,55;67,58;14,15;5,55;Chinese Cabbage;HYDROPONIC;4,523
8744,4;566,1;1198,2;21,26;67,23;16,39;7,28;Chinese Cabbage;AEROPONIC;4,54
9961,8;806,9;1282,2;26,21;60,86;23,5;6,33;Lettuce;AEROPONIC;5,856
10787,7;838,9;1450,3;26,5;68,71;21,67;5,46;Spinach;SOIL_BASED;3,499
13250,7;592,7;1524,1;21,61;67,37;16,44;5,89;Spinach;AQUAPONIC;4,274
14173,7;802,0;1096,4;18,26;71,34;14,51;5,9;Kale;SOIL_BASED;4,011
20385,7;737,2;1091,3;25,27;70,3;20,49;5,51;Spinach;SOIL_BASED;3,486
15280,4;729,4;1073,2;20,48;51,22;17,45;6,25;Lettuce;SOIL_BASED;4,112
13094,5;701,4;1027,5;20,7;56,89;15,69;6,07;Kale;SOIL_BASED;4,339
17411,0;802,5;858,5;22,71;66,63;19,34;6,25;Bok Choy;AEROPONIC;5,12
17852,5;457,0;1405,8;22,45;64,39;17,51;6,11;Spinach;AQUAPONIC;4,515
14930,2;491,9;1962,4;21,29;59,21;17,64;5,72;Spinach;SOIL_BASED;3,349
13908,8;748,5;1505,9;21,54;52,36;17,57;6,86;Kale;AQUAPONIC;5,653
19434,8;881,1;1533,5;22,09;81,81;18,57;5,68;Chinese Cabbage;AEROPONIC;4,262
15244,5;815,3;1400,1;21,5;81,66;16,69;5,71;Spinach;AEROPONIC;5,197
10220,3;901,8;929,7;21,68;74,44;17,55;6,6;Lettuce;HYDROPONIC;5,651
13278,6;863,1;1199,7;22,64;63,02;19,64;5,98;Spinach;HYDROPONIC;4,914
15865,7;436,3;1461,3;24,49;80,49;20,23;5,64;Bok Choy;AQUAPONIC;4,405
13122,1;638,7;948,2;24,2;61,89;19,86;4,87;Spinach;HYDROPONIC;4,841
16413,1;1068,6;1154,6;21,98;71,7;18,73;6,28;Chinese Cabbage;SOIL_BASED;3,181
9350,4;710,3;939,6;22,61;61,28;18,25;5,61;Spinach;AQUAPONIC;3,907
17553,6;981,1;1150,7;27,26;68,21;22,64;5,73;Kale;AEROPONIC;6,314
13122,8;437,3;1796,2;26,26;72,14;23,56;6,25;Spinach;AEROPONIC;4,889
12513,9;608,5;1701,9;25,04;55,27;21,85;5,58;Chinese Cabbage;SOIL_BASED;3,281
17406,2;753,3;1322,2;18,54;64,41;14,15;5,53;Kale;HYDROPONIC;6,032
14312,5;875,0;1686,4;23,8;70,13;19,34;6,83;Lettuce;AQUAPONIC;5,304
12483,2;572,0;1454,4;21,61;57,34;17,53;6,02;Kale;AQUAPONIC;5,821
13996,0;773,2;1214,4;20,82;59,99;15,75;6,13;Bok Choy;SOIL_BASED;3,556
13987,5;768,7;959,3;22,49;70,13;18,92;5,86;Kale;HYDROPONIC;6,108
12718,6;891,1;1189,1;26,43;63,46;21,82;6,4;Lettuce;AQUAPONIC;5,294
15640,7;759,9;1205,1;25,99;57,55;22,33;6,73;Spinach;SOIL_BASED;3,223
14220,4;623,7;1178,1;21,77;68,25;15,68;6,02;Kale;AQUAPONIC;5,217
17403,7;780,6;1250,6;23,74;71,7;19,08;6,2;Kale;AEROPONIC;6,216
8813,0;992,2;1009,5;22,32;87,08;19,33;5,98;Kale;AQUAPONIC;5,423
14691,5;657,4;943,6;22,83;68,72;17,1;5,67;Kale;AQUAPONIC;5,392
19187,3;772,1;927,4;26,29;68,09;23,57;5,97;Lettuce;AQUAPONIC;5,177
12648,2;641,2;1395,8;23,32;65,58;18,3;6,25;Chinese Cabbage;HYDROPONIC;4,073
13735,2;977,7;1031,3;18,58;77,77;15,14;6,34;Chinese Cabbage;HYDROPONIC;4,057
19262,5;681,3;1334,9;23,89;70,77;18,65;6,37;Kale;SOIL_BASED;4,532
6332,5;927,5;1292,3;28,59;75,1;24,63;5,66;Lettuce;HYDROPONIC;5,522
19999,9;852,1;1369,8;21,54;69,89;18,47;5,66;Lettuce;AQUAPONIC;5,034
16344,0;491,4;1190,7;27,84;75,77;23,16;6,16;Kale;AQUAPONIC;5,493
14501,4;865,0;995,5;25,23;71,21;22,05;6,17;Bok Choy;HYDROPONIC;5,097
17842,0;683,9;1730,3;26,79;56,03;23,35;5,87;Kale;HYDROPONIC;5,872
13493,2;769,8;1097,7;25,95;65,55;22,6;5,29;Bok Choy;AQUAPONIC;4,795
10783,3;635,1;1782,9;24,0;65,81;20,16;6,08;Kale;AQUAPONIC;5,284
13294,1;1191,7;931,9;21,78;71,77;18,09;6,45;Bok Choy;AEROPONIC;5,018
13191,9;834,7;1016,4;23,99;69,3;19,82;6,34;Bok Choy;SOIL_BASED;3,695
12989,8;920,1;813,3;24,15;79,31;20,68;6,52;Kale;HYDROPONIC;6,088
15426,6;725,5;1301,6;26,22;71,38;23,52;6,42;Bok Choy;SOIL_BASED;3,429
14755,6;759,0;1449,3;17,2;72,01;12,57;5,75;Spinach;AQUAPONIC;4,236
15243,8;501,0;896,6;19,5;59,38;14,99;6,3;Chinese Cabbage;SOIL_BASED;2,994
19550,1;825,7;1287,7;24,16;69,28;20,01;6,28;Lettuce;HYDROPONIC;5,886
13494,5;588,0;1173,0;24,43;66,17;20,2;6,55;Bok Choy;HYDROPONIC;5,024
19424,1;690,1;739,5;21,07;50,45;16,14;6,71;Bok Choy;SOIL_BASED;3,369
18981,0;674,7;1253,2;24,5;56,84;19,96;5,69;Lettuce;HYDROPONIC;5,441
7270,1;534,7;1519,3;25,4;74,15;20,61;5,8;Bok Choy;AEROPONIC;5,097
10352,0;710,8;1661,0;22,95;73,55;18,72;5,97;Lettuce;AQUAPONIC;5,14
10109,6;897,3;846,3;27,5;62,99;22,42;6,3;Kale;AQUAPONIC;5,238
20041,9;577,4;1545,8;28,03;63,25;23,18;5,59;Spinach;HYDROPONIC;4,547
14336,5;839,9;1488,3;23,84;58,37;21,05;5,64;Spinach;AQUAPONIC;4,561
13016,7;777,9;1183,6;25,85;76,41;22,58;7,42;Chinese Cabbage;AEROPONIC;4,651
10009,4;764,1;832,6;18,75;61,12;15,36;5,92;Bok Choy;HYDROPONIC;4,676
18074,6;478,6;1366,4;26,51;63,15;22,05;6,02;Chinese Cabbage;AEROPONIC;4,695
13207,2;678,6;838,5;27,6;76,63;22,41;6,51;Kale;AEROPONIC;6,011
7140,1;1031,1;1361,8;20,66;76,46;16,33;5,68;Spinach;AQUAPONIC;4,644
20446,2;672,9;1127,0;25,23;66,47;20,51;5,55;Kale;AQUAPONIC;5,346
14375,6;846,1;1059,0;18,25;68,11;16,18;6,4;Kale;SOIL_BASED;4,627
18759,5;697,7;1353,6;21,3;72,0;16,69;6,4;Bok Choy;AEROPONIC;4,947
14497,1;584,0;1879,3;22,04;64,52;18,42;5,84;Kale;AQUAPONIC;5,359
12712,8;682,3;1659,3;19,37;67,15;13,78;6,17;Spinach;AEROPONIC;4,552
14434,2;972,9;1277,8;22,83;66,33;16,98;6,66;Chinese Cabbage;SOIL_BASED;2,952
16021,8;947,2;1356,4;22,65;73,84;18,4;6,06;Spinach;AEROPONIC;4,848
11998,5;577,0;1251,7;25,23;80,04;21,06;5,91;Bok Choy;HYDROPONIC;4,775
8150,5;684,7;1204,5;19,26;77,74;14,81;5,44;Spinach;SOIL_BASED;3,348
6618,7;597,2;1698,5;25,25;76,64;21,13;6,83;Lettuce;SOIL_BASED;4,292
14690,6;702,5;1353,9;21,29;58,69;16,51;5,7;Chinese Cabbage;AEROPONIC;4,572
15775,3;864,4;1416,7;19,92;78,98;15,95;6,39;Lettuce;AEROPONIC;5,845
13901,7;809,0;1386,1;22,95;62,25;19,32;5,76;Lettuce;AQUAPONIC;4,842
11039,9;963,1;1264,5;25,61;52,85;21,33;5,79;Bok Choy;HYDROPONIC;5,032
12674,9;1130,6;1008,6;22,14;60,78;18,04;6,46;Kale;SOIL_BASED;4,292
14742,0;815,7;1055,4;24,94;67,22;20,47;6,11;Lettuce;SOIL_BASED;3,972
15590,7;911,4;1361,9;24,28;50,68;19,86;5,84;Spinach;SOIL_BASED;3,416
14184,3;1075,9;1435,9;32,28;74,05;27,03;6,01;Kale;AQUAPONIC;5,062
12097,6;639,5;967,9;22,62;75,07;18,89;6,63;Spinach;HYDROPONIC;4,558
19222,2;979,4;1100,2;23,03;64,75;19,16;6,13;Spinach;SOIL_BASED;3,246
11370,6;697,7;1138,3;26,6;58,09;22,19;6,38;Kale;SOIL_BASED;4,465
11066,9;871,7;1035,4;23,36;75,85;20,4;6,14;Kale;AQUAPONIC;5,192
13266,1;663,9;745,2;24,2;60,15;21,41;5,79;Spinach;AEROPONIC;4,633
18619,3;997,2;938,3;18,58;54,23;14,33;6,54;Bok Choy;SOIL_BASED;3,393
16842,4;842,7;1269,0;23,16;67,45;19,3;6,47;Chinese Cabbage;HYDROPONIC;4,397
14311,7;765,2;1426,8;21,53;68,23;18,12;6,87;Chinese Cabbage;HYDROPONIC;4,782
10812,9;776,2;1101,3;22,16;70,66;17,94;6,03;Bok Choy;HYDROPONIC;4,841
11426,4;1182,4;1397,9;24,22;74,53;21,01;6,41;Kale;HYDROPONIC;6,136
13518,4;771,9;1304,5;23,35;75,56;20,45;6,19;Spinach;AQUAPONIC;4,299
12983,6;540,6;1461,0;25,66;57,25;23,16;6,08;Chinese Cabbage;SOIL_BASED;3,298
12776,1;706,2;1708,6;26,17;50,67;22,31;6,64;Spinach;AQUAPONIC;4,162
19385,4;927,7;1051,4;23,0;71,91;19,0;6,36;Bok Choy;HYDROPONIC;5,332
25000,0;1050,6;1154,9;24,34;68,42;19,84;6,14;Spinach;HYDROPONIC;4,616
11829,8;881,2;960,2;17,81;64,11;13,55;6,2;Bok Choy;HYDROPONIC;4,57
16818,3;553,1;1672,9;24,38;66,77;19,58;5,63;Kale;AQUAPONIC;5,431
17678,9;676,3;1166,5;26,45;60,89;21,99;6,25;Bok Choy;HYDROPONIC;4,854
12666,6;717,4;1341,7;20,95;82,68;16,96;6,35;Bok Choy;SOIL_BASED;3,772
11764,6;822,0;1448,3;25,62;50,9;20,18;5,96;Chinese Cabbage;HYDROPONIC;4,113
11269,1;783,7;1652,0;22,23;71,6;18,1;6,53;Spinach;SOIL_BASED;3,422
16459,8;917,6;893,3;21,89;57,08;16,65;6,11;Chinese Cabbage;SOIL_BASED;2,949
16490,0;674,4;1524,3;27,49;62,38;23,36;6,1;Lettuce;HYDROPONIC;5,613
18334,6;769,6;773,1;23,41;64,27;19,84;5,96;Bok Choy;AQUAPONIC;4,506
21973,6;685,2;983,3;25,93;59,66;21,56;5,67;Lettuce;AEROPONIC;5,773
16382,8;820,4;1222,5;18,03;66,07;12,16;5,74;Chinese Cabbage;AEROPONIC;4,435
14886,9;664,8;1274,9;21,79;45,66;17,33;6,15;Spinach;SOIL_BASED;3,587
11275,2;836,5;1675,8;25,49;54,97;19,64;6,16;Chinese Cabbage;AQUAPONIC;3,864
17227,9;878,3;1292,3;23,85;52,23;17,76;6,04;Spinach;AEROPONIC;4,86
4253,1;858,5;1270,2;22,99;57,62;19,21;6,45;Spinach;HYDROPONIC;4,581
13083,7;714,1;1329,4;25,19;61,24;22,52;6,07;Kale;HYDROPONIC;5,964
7275,5;975,9;1576,4;21,17;67,95;17,25;6,17;Bok Choy;SOIL_BASED;3,476
13354,9;809,1;1093,4;26,91;62,53;23,69;6,39;Chinese Cabbage;AQUAPONIC;3,704
17328,6;929,0;853,3;22,9;60,61;19,06;6,22;Spinach;AQUAPONIC;4,067
20612,7;1076,3;1304,7;21,22;63,55;16,45;5,67;Chinese Cabbage;AEROPONIC;4,565
6170,5;1024,2;1302,1;21,4;62,07;16,72;6,8;Chinese Cabbage;AEROPONIC;4,417
18829,4;728,2;1233,2;23,27;64,84;19,29;5,74;Spinach;HYDROPONIC;4,353
13534,3;956,2;1706,6;22,31;65,16;16,74;5,96;Lettuce;SOIL_BASED;4,271
14404,2;1125,0;1500,0;24,97;61,37;20,19;6,66;Bok Choy;AQUAPONIC;4,475
17512,6;1072,8;785,3;23,37;54,61;18,6;6,06;Bok Choy;AEROPONIC;5,416
14007,6;608,4;1149,5;22,5;67,59;19,46;5,67;Kale;AEROPONIC;6,302
11856,8;715,7;1409,3;24,49;75,1;19,63;6,05;Kale;SOIL_BASED;4,485
12492,6;922,5;1389,3;22,02;58,98;18,73;6,22;Kale;SOIL_BASED;4,291
11544,5;947,5;1567,3;24,88;67,07;20,32;5,81;Bok Choy;HYDROPONIC;4,774
14967,4;872,0;1672,8;24,41;64,23;19,3;6,48;Lettuce;SOIL_BASED;3,952
18909,0;819,6;1384,6;24,3;72,93;20,46;7,2;Bok Choy;HYDROPONIC;5,285
17508,7;1009,5;1438,8;22,5;60,63;19,11;6,23;Bok Choy;HYDROPONIC;5,101
14830,1;741,8;921,7;21,74;66,16;18,26;6,6;Bok Choy;SOIL_BASED;3,697
12195,1;849,3;1102,7;25,76;66,95;21,43;6,44;Bok Choy;SOIL_BASED;3,691
15562,0;806,7;1136,4;25,22;70,16;19,57;5,41;Lettuce;SOIL_BASED;4,427
20805,2;634,5;910,9;20,68;58,64;17,32;5,72;Kale;SOIL_BASED;4,358
11243,0;857,3;1477,3;22,29;70,58;17,95;6,28;Chinese Cabbage;SOIL_BASED;3,255
17126,4;669,9;1312,2;27,25;63,47;23,74;5,99;Kale;HYDROPONIC;6,102
15994,7;969,4;1756,8;26,26;72,37;23,19;5,68;Kale;AEROPONIC;6,081
11968,0;654,8;1450,2;20,22;64,62;15,36;6,36;Chinese Cabbage;AQUAPONIC;3,907
15348,1;641,7;1364,7;23,53;78,65;19,76;6,57;Bok Choy;AQUAPONIC;4,801
13041,9;753,0;1685,9;24,67;54,32;19,38;6,02;Lettuce;HYDROPONIC;5,553
11463,2;966,0;1092,5;26,28;72,62;23,13;5,66;Lettuce;HYDROPONIC;5,508
11089,4;739,5;807,3;23,86;70,66;18,28;5,81;Kale;AEROPONIC;6,044
11976,9;777,4;1524,3;24,85;71,92;20,03;5,65;Chinese Cabbage;SOIL_BASED;3,023
10403,0;863,3;1388,0;26,11;76,95;22,35;6,03;Spinach;HYDROPONIC;4,431
21336,9;730,1;1245,2;26,48;52,72;21,57;6,21;Bok Choy;AQUAPONIC;4,565
11163,6;392,3;1155,2;22,99;86,42;18,22;6,23;Kale;SOIL_BASED;4,389
19960,5;771,0;1091,1;23,63;72,41;17,94;5,21;Lettuce;HYDROPONIC;5,605
15839,3;750,5;1277,9;21,38;84,4;18,27;5,28;Chinese Cabbage;SOIL_BASED;3,324
8505,0;719,1;1334,6;22,74;83,85;19,01;5,89;Chinese Cabbage;AQUAPONIC;3,85
11592,5;769,8;1461,9;22,36;71,64;18,87;6,87;Kale;SOIL_BASED;4,476
15697,6;768,8;907,1;22,97;70,19;19,08;6,0;Spinach;HYDROPONIC;4,588
12155,7;703,5;1568,5;23,24;74,37;20,23;6,6;Lettuce;HYDROPONIC;5,378
15174,3;751,5;1228,5;25,78;48,61;22,74;6,81;Kale;AQUAPONIC;5,221
7969,3;862,1;1296,5;24,48;67,25;20,2;5,87;Spinach;AEROPONIC;4,952
14694,4;967,5;1087,1;19,92;76,24;16,57;5,42;Chinese Cabbage;AEROPONIC;4,666
14070,8;697,3;1400,6;25,04;80,99;20,92;6,38;Bok Choy;SOIL_BASED;3,376
21165,3;942,9;1757,9;21,96;65,33;17,87;6,25;Lettuce;HYDROPONIC;5,242
12145,2;845,5;1485,2;20,45;71,07;17,01;6,14;Lettuce;HYDROPONIC;5,586
16991,1;577,7;1165,0;20,3;72,87;15,24;6,06;Spinach;AQUAPONIC;4,189
19055,4;854,3;824,1;23,98;67,3;20,72;6,35;Kale;AQUAPONIC;5,59
18287,6;826,3;1120,8;26,47;60,06;21,8;6,4;Chinese Cabbage;HYDROPONIC;4,378
18520,9;868,5;1137,6;22,91;62,37;19,47;7,02;Spinach;AQUAPONIC;4,394
14247,7;690,4;1387,9;26,12;59,12;21,87;5,58;Bok Choy;AEROPONIC;5,165
16006,6;590,2;1109,1;23,74;55,14;19,49;6,71;Bok Choy;AEROPONIC;5,079
12439,9;517,4;1076,1;17,46;66,56;13,73;4,93;Bok Choy;SOIL_BASED;3,752
16570,6;820,6;1187,3;25,21;86,84;20,44;6,05;Spinach;AQUAPONIC;4,061
10662,6;908,7;1267,4;21,98;70,1;16,99;7,01;Chinese Cabbage;SOIL_BASED;3,186
11707,4;862,2;1195,8;21,23;65,56;17,1;6,84;Lettuce;AQUAPONIC;4,976
21674,0;873,0;1174,2;25,23;71,17;19,79;6,36;Kale;AQUAPONIC;5,362
17820,7;1005,5;926,7;23,87;60,98;20,08;6,46;Lettuce;AEROPONIC;5,487
9036,8;847,4;1395,9;23,31;53,88;18,92;5,72;Chinese Cabbage;HYDROPONIC;4,447
15756,8;754,5;1011,0;23,77;62,14;19,95;6,05;Lettuce;AQUAPONIC;4,715
11024,4;1049,5;1517,3;21,13;58,39;16,14;6,4;Spinach;AQUAPONIC;4,398
16914,5;712,2;1568,7;28,46;52,28;24,09;6,04;Bok Choy;AQUAPONIC;4,301
15842,4;679,0;959,2;23,98;63,32;18,97;6,4;Chinese Cabbage;HYDROPONIC;4,488
15231,8;962,2;1730,4;23,94;72,15;19,89;6,28;Chinese Cabbage;SOIL_BASED;3,043
12262,0;520,2;1566,1;23,26;71,35;19,76;6,76;Lettuce;SOIL_BASED;4,115
19597,0;641,4;1323,3;18,97;70,31;15,26;6,42;Spinach;AQUAPONIC;4,233
12210,4;684,9;1023,2;21,61;82,19;16,83;6,49;Lettuce;AQUAPONIC;4,71
15325,3;616,5;614,4;20,07;63,3;16,66;6,07;Lettuce;SOIL_BASED;4,044
13752,6;797,7;1281,1;19,8;71,68;14,42;6,16;Chinese Cabbage;SOIL_BASED;3,22
9633,0;1062,0;1313,3;19,18;64,7;14,69;6,08;Lettuce;AEROPONIC;5,705
13315,9;738,6;1510,8;21,72;80,09;18,47;6,67;Bok Choy;AQUAPONIC;4,442
8563,0;553,1;769,7;23,56;61,13;19,0;5,9;Lettuce;SOIL_BASED;4,372
16530,5;568,1;1536,9;19,52;74,32;15,88;6,11;Bok Choy;AEROPONIC;5,257
12316,5;849,2;1573,2;25,46;70,12;22,47;5,21;Chinese Cabbage;HYDROPONIC;4,676
13293,7;775,9;1391,0;24,33;78,36;19,74;5,99;Spinach;AQUAPONIC;4,185
16707,1;910,0;928,7;22,85;68,08;18,52;5,55;Bok Choy;SOIL_BASED;3,726
12380,0;824,0;1220,1;29,55;65,99;24,52;6,15;Spinach;AQUAPONIC;4,307
6854,6;682,7;980,2;22,83;64,96;18,31;5,38;Spinach;AEROPONIC;5,035
15742,7;629,3;938,8;25,73;66,7;22,07;6,44;Bok Choy;SOIL_BASED;3,984
12114,1;651,7;976,5;24,09;52,15;19,04;5,85;Chinese Cabbage;HYDROPONIC;4,095
13337,1;788,2;1337,0;27,53;63,57;23,9;5,85;Kale;HYDROPONIC;5,749
16438,5;543,7;1064,1;26,54;63,05;22,91;6,25;Spinach;AEROPONIC;4,812
11006,8;576,0;1218,9;22,66;58,31;18,59;5,64;Spinach;HYDROPONIC;4,688
15715,5;758,6;1453,3;22,76;63,23;19,72;6,01;Chinese Cabbage;HYDROPONIC;4,117
14659,5;716,9;1278,7;19,74;60,37;14,75;6,44;Chinese Cabbage;HYDROPONIC;4,086
14359,9;847,1;1176,7;23,82;63,64;19,76;5,9;Lettuce;HYDROPONIC;5,523
13595,5;746,9;1243,0;25,33;73,31;21,17;6,33;Chinese Cabbage;HYDROPONIC;4,505
15343,7;716,1;1696,7;23,33;73,33;17,43;6,18;Spinach;HYDROPONIC;4,978
16718,6;837,6;1616,4;27,42;81,42;22,78;6,75;Bok Choy;HYDROPONIC;4,905
8452,6;793,8;643,0;23,91;70,62;20,59;6,5;Kale;SOIL_BASED;3,859
17201,0;804,4;1153,8;26,99;55,08;21,73;6,82;Lettuce;HYDROPONIC;5,728
13281,3;374,1;1283,8;23,04;65,2;18,7;5,8;Bok Choy;SOIL_BASED;3,898
8538,7;724,8;1815,4;20,25;62,57;16,95;6,22;Kale;AQUAPONIC;5,381
13770,1;749,6;1231,8;21,75;59,65;17,38;6,32;Kale;AEROPONIC;5,948
10932,2;846,7;1175,3;23,41;77,12;19,21;5,71;Kale;HYDROPONIC;5,998
18285,9;991,1;1217,9;21,4;71,86;18,22;5,99;Bok Choy;AEROPONIC;5,187
9467,5;637,1;1249,8;18,87;68,6;14,43;7,0;Lettuce;HYDROPONIC;5,31
15196,2;669,4;1335,7;17,89;55,39;13,3;6,38;Lettuce;SOIL_BASED;4,057
15310,3;945,9;1375,1;26,34;67,3;23,89;6,49;Kale;HYDROPONIC;5,841
15843,4;756,8;1229,5;24,58;87,77;20,44;6,17;Bok Choy;AQUAPONIC;4,747
16776,8;820,1;1759,4;24,27;60,89;19,07;5,91;Kale;AEROPONIC;6,067
12724,3;618,8;1288,5;23,97;66,15;20,13;5,87;Chinese Cabbage;AEROPONIC;4,572
10424,9;699,0;1581,0;21,97;79,8;17,45;5,21;Lettuce;AQUAPONIC;4,969
7119,1;745,7;1299,6;25,72;64,27;21,22;5,31;Spinach;SOIL_BASED;3,722
15044,6;1040,6;1171,4;18,63;64,09;16,32;6,21;Kale;SOIL_BASED;4,369
12596,3;895,6;1401,5;17,66;66,06;13,86;6,88;Chinese Cabbage;AQUAPONIC;3,899
18597,5;706,8;654,9;22,94;70,95;17,98;5,43;Lettuce;AEROPONIC;5,838
16682,8;753,7;1239,1;23,86;60,05;19,28;6,14;Bok Choy;HYDROPONIC;4,878
19377,2;781,3;522,1;21,02;75,85;16,01;5,85;Lettuce;SOIL_BASED;4,007
9312,1;721,8;961,3;19,04;64,65;14,91;6,44;Bok Choy;HYDROPONIC;4,952
11123,3;774,7;1072,5;25,15;69,75;20,0;5,38;Bok Choy;AEROPONIC;5,352
16065,8;1057,1;1273,8;22,35;64,46;17,28;5,6;Kale;HYDROPONIC;5,971
19172,2;933,4;1367,1;25,44;56,65;19,76;6,01;Kale;AQUAPONIC;5,192
22970,4;760,3;845,7;27,16;49,34;21,7;6,71;Lettuce;SOIL_BASED;4,07
16009,3;961,9;1150,5;19,01;69,94;14,77;5,55;Chinese Cabbage;SOIL_BASED;3,439
14604,6;622,4;1189,2;24,1;52,57;21,36;6,04;Lettuce;AQUAPONIC;5,055
17496,0;908,4;1813,9;24,2;74,5;20,47;5,8;Spinach;AQUAPONIC;4,224
12333,2;589,7;1261,5;25,58;69,08;21,81;5,62;Bok Choy;SOIL_BASED;3,695
11729,8;499,2;949,0;22,01;85,21;18,15;6,18;Bok Choy;SOIL_BASED;3,679
16511,5;790,5;1502,2;23,66;63,04;20,02;6,08;Kale;SOIL_BASED;4,66
16967,7;790,6;1209,5;25,55;82,74;20,35;5,12;Chinese Cabbage;AEROPONIC;4,53
14356,1;883,5;1473,7;24,73;65,53;20,49;5,66;Kale;AEROPONIC;6,515
11551,9;887,2;1541,4;27,87;75,9;23,49;5,55;Spinach;AEROPONIC;4,843
18031,5;993,2;1058,1;21,07;72,64;17,08;5,72;Lettuce;HYDROPONIC;5,229
9832,6;776,1;1173,6;24,08;52,41;20,5;5,7;Lettuce;AEROPONIC;5,517
14890,4;779,3;1181,2;23,26;95,0;18,62;6,77;Chinese Cabbage;SOIL_BASED;3,063
15878,2;947,5;1509,2;22,92;81,76;18,64;5,88;Kale;AEROPONIC;6,446
12370,0;608,6;1701,8;25,15;71,38;19,99;5,77;Kale;SOIL_BASED;4,203
19637,2;760,9;1711,7;23,82;79,29;18,58;6,75;Spinach;AQUAPONIC;4,118
14223,2;676,0;1225,0;20,52;70,33;16,1;5,85;Lettuce;HYDROPONIC;5,369
12920,4;632,3;1679,3;26,17;75,53;21,79;6,17;Kale;HYDROPONIC;6,193
6998,4;848,4;1377,0;25,15;69,33;21,26;5,98;Chinese Cabbage;AQUAPONIC;4,316
25000,0;653,4;1186,0;27,63;59,15;22,39;6,67;Lettuce;SOIL_BASED;3,846
13982,9;703,0;1075,6;25,54;67,14;20,59;6,01;Spinach;HYDROPONIC;4,505
8990,2;781,9;1403,6;22,9;63,55;18,25;5,82;Chinese Cabbage;AEROPONIC;4,602
11101,3;829,3;1695,5;22,92;73,37;18,85;5,84;Bok Choy;SOIL_BASED;3,566
18430,0;961,5;1598,9;26,4;59,04;21,87;6,24;Spinach;HYDROPONIC;4,768
10945,4;911,3;1073,2;21,35;69,26;16,62;6,32;Chinese Cabbage;AQUAPONIC;4,1
15873,6;897,8;1369,9;20,97;56,02;17,37;6,44;Kale;SOIL_BASED;4,36
16599,1;651,3;1057,9;24,12;74,55;19,81;5,88;Bok Choy;HYDROPONIC;4,897
13286,5;1057,5;1334,6;19,32;57,64;15,83;5,67;Spinach;AQUAPONIC;3,737
11962,6;732,5;1401,2;24,48;73,13;20,58;6,01;Kale;SOIL_BASED;4,188
15275,8;668,1;1361,5;24,82;69,0;20,22;6,26;Bok Choy;AEROPONIC;5,403
16462,0;671,7;1538,0;22,81;76,86;17,68;6,59;Lettuce;SOIL_BASED;4,3
8897,4;471,7;1093,2;27,44;66,71;23,56;6,0;Kale;AEROPONIC;5,829
6841,0;846,0;1627,7;26,66;74,92;23,52;6,46;Chinese Cabbage;SOIL_BASED;2,92
18449,4;520,8;1183,7;21,32;69,27;17,11;5,62;Spinach;AQUAPONIC;4,151
16531,7;571,3;984,5;25,34;71,64;21,05;6,09;Bok Choy;AEROPONIC;4,946
15615,7;1034,8;1541,1;26,26;52,77;22,72;5,54;Kale;AEROPONIC;6,258
11854,2;995,0;1399,1;23,73;62,53;19,94;5,99;Lettuce;SOIL_BASED;3,856
18427,8;605,0;1532,5;22,29;66,61;18,17;6,52;Spinach;HYDROPONIC;4,882
18367,5;634,2;1319,4;20,4;79,65;15,46;6,41;Spinach;AEROPONIC;5,253
14715,4;903,1;712,4;21,94;70,94;18,73;5,75;Kale;SOIL_BASED;4,421
13461,2;542,2;1062,0;20,46;53,39;16,39;5,87;Lettuce;AQUAPONIC;5,097
15839,8;707,5;1310,5;26,05;71,72;20,74;5,62;Bok Choy;SOIL_BASED;3,434
15419,7;737,0;1264,8;22,79;60,54;19,08;5,96;Kale;SOIL_BASED;4,317
12419,4;571,6;1748,6;24,96;61,28;20,36;6,43;Bok Choy;AEROPONIC;5,148
8959,6;620,0;1072,4;27,03;67,51;22,83;5,45;Spinach;HYDROPONIC;4,83
15346,9;503,2;1505,7;24,09;70,35;19,41;6,43;Bok Choy;AQUAPONIC;4,461
13948,3;842,5;1432,1;26,8;61,39;22,58;5,1;Lettuce;AEROPONIC;5,557
16967,3;688,6;654,4;22,52;53,15;18,05;5,38;Chinese Cabbage;AEROPONIC;4,403
20455,3;471,5;1275,1;24,58;66,49;19,65;5,25;Lettuce;AEROPONIC;5,919
10113,7;899,3;1309,0;24,08;66,1;19,36;5,94;Bok Choy;AQUAPONIC;4,542
16122,1;896,2;1621,6;21,54;80,19;16,79;5,76;Kale;HYDROPONIC;5,78
9472,0;828,9;832,8;22,63;68,36;17,77;6,58;Spinach;AQUAPONIC;4,261
19450,1;979,4;1481,0;27,46;78,02;23,47;6,2;Chinese Cabbage;AQUAPONIC;3,727
11047,4;918,6;1382,9;22,53;85,99;19,17;5,71;Kale;HYDROPONIC;6,198
11967,3;846,4;1621,9;18,84;58,59;13,19;6,09;Kale;AQUAPONIC;5,269
12468,5;670,3;1115,9;22,53;80,5;18,04;5,87;Lettuce;SOIL_BASED;4,144
15476,5;918,5;1480,6;21,39;75,93;16,27;6,0;Bok Choy;AQUAPONIC;4,407
15536,8;747,1;991,1;24,78;49,15;22,26;6,06;Lettuce;AEROPONIC;5,35
16605,6;641,2;1816,2;25,22;66,4;19,68;6,52;Bok Choy;AQUAPONIC;4,264
18815,6;813,2;1169,7;24,5;74,0;20,78;6,81;Lettuce;AEROPONIC;5,884
13482,7;788,8;893,4;22,35;70,87;17,98;6,46;Kale;AQUAPONIC;5,668
12170,1;817,1;1054,1;23,67;82,09;19,81;5,8;Spinach;AEROPONIC;4,728
11216,4;804,6;1531,8;22,62;73,02;19,73;6,04;Bok Choy;AEROPONIC;5,097
15015,3;645,8;1271,1;19,45;55,85;15,07;5,92;Chinese Cabbage;AEROPONIC;4,205
14485,9;644,2;1542,5;23,19;74,74;17,72;5,39;Chinese Cabbage;HYDROPONIC;4,116
9657,4;894,5;1691,0;30,88;58,28;27,03;6,12;Kale;AQUAPONIC;5,085
17024,8;772,2;1532,8;20,62;63,3;16,81;6,37;Lettuce;AQUAPONIC;5,126
12995,9;551,5;1522,6;18,31;77,34;13,0;5,42;Lettuce;SOIL_BASED;4,21
19873,6;643,3;1020,9;27,49;76,38;23,12;5,79;Kale;SOIL_BASED;4,534
13934,5;553,2;1081,0;24,76;68,33;21,19;5,74;Chinese Cabbage;SOIL_BASED;3,095
10730,1;832,3;972,4;24,33;61,84;20,62;6,21;Chinese Cabbage;AQUAPONIC;3,899
15464,5;834,5;1288,0;22,5;66,3;18,57;6,29;Lettuce;HYDROPONIC;5,742
18169,4;587,4;1780,7;24,13;67,05;19,33;6,82;Bok Choy;AEROPONIC;5,151
15977,5;632,3;1214,5;23,64;63,18;20,84;6,12;Spinach;AQUAPONIC;4,182
18901,0;820,4;1736,6;27,17;77,65;23,03;6,42;Bok Choy;HYDROPONIC;5,186
11787,0;692,4;863,7;26,07;64,47;21,78;6,05;Chinese Cabbage;HYDROPONIC;4,409
16744,6;593,5;1162,3;25,19;65,78;20,56;5,95;Bok Choy;AQUAPONIC;4,721
18791,5;885,7;1040,0;21,59;66,01;17,08;5,95;Spinach;AEROPONIC;4,845
15726,9;751,5;1394,4;24,14;73,93;20,19;6,28;Bok Choy;HYDROPONIC;5,291
18305,1;453,0;1374,2;21,78;70,16;18,5;5,96;Bok Choy;AQUAPONIC;4,625
14871,5;748,8;848,6;26,94;69,86;22,36;5,55;Bok Choy;AEROPONIC;4,928
18543,1;1098,9;1063,8;21,5;59,99;16,46;6,12;Bok Choy;SOIL_BASED;3,56
16939,3;831,4;1580,6;23,12;70,0;19,42;6,2;Kale;HYDROPONIC;5,967
13443,5;790,9;1530,7;20,46;74,34;16,89;6,05;Chinese Cabbage;HYDROPONIC;4,532
13225,5;820,4;1062,1;22,11;65,07;18,0;6,07;Spinach;AQUAPONIC;4,442
16570,4;696,6;1086,7;22,07;69,24;17,41;6,22;Chinese Cabbage;AQUAPONIC;4,073
13168,7;671,7;1248,8;23,07;75,83;18,93;5,93;Kale;AEROPONIC;6,053
15295,1;535,1;1051,8;20,98;61,19;15,92;6,25;Kale;SOIL_BASED;4,175
14583,6;609,8;1385,5;26,9;61,31;22,34;6,17;Kale;SOIL_BASED;4,29
11463,5;959,2;1227,4;22,98;66,98;18,64;6,19;Kale;AQUAPONIC;5,354
14249,6;738,4;1532,9;22,01;74,63;19,27;6,47;Bok Choy;AQUAPONIC;4,448
12745,1;918,2;1215,5;25,66;42,65;20,62;6,27;Chinese Cabbage;AEROPONIC;4,343
15444,3;462,4;1511,1;29,55;66,34;27,26;5,38;Lettuce;AQUAPONIC;4,795
15204,9;758,2;1145,2;22,37;62,01;19,83;6,37;Spinach;AEROPONIC;5,189
13594,9;1077,7;1150,9;22,81;71,04;19,09;6,57;Kale;AEROPONIC;6,204
13975,3;762,8;1267,4;21,43;67,16;16,37;6,57;Chinese Cabbage;SOIL_BASED;3,15
9682,6;841,3;876,6;25,35;77,71;21,07;6,63;Kale;AEROPONIC;6,435
17176,4;650,4;1260,7;26,18;73,52;22,2;6,25;Kale;SOIL_BASED;4,415
12792,8;719,3;1565,2;23,37;66,07;19,17;6,16;Kale;SOIL_BASED;4,199
18005,5;737,2;982,1;22,27;59,34;17,14;5,91;Kale;SOIL_BASED;4,114
7943,0;720,5;1538,8;25,0;70,97;22,46;5,56;Kale;AQUAPONIC;5,336
17155,0;671,3;1299,6;25,57;65,46;21,34;6,25;Spinach;SOIL_BASED;3,715
13393,1;824,0;1326,3;27,85;66,26;24,28;6,08;Chinese Cabbage;AEROPONIC;4,212
19256,3;482,8;1385,8;21,87;58,12;18,1;5,77;Kale;AQUAPONIC;5,652
18843,8;1054,4;1203,5;25,89;69,3;20,83;6,41;Kale;AEROPONIC;6,293
22652,3;723,8;1371,2;23,8;63,69;20,39;5,82;Kale;AQUAPONIC;5,517
17838,4;614,0;1219,5;18,64;64,54;15,06;6,31;Kale;AEROPONIC;6,356
11785,6;704,0;1127,6;27,76;40,0;23,42;6,1;Bok Choy;HYDROPONIC;4,577
17863,2;622,8;1586,3;24,33;68,28;20,72;6,59;Bok Choy;HYDROPONIC;5,06
15317,9;639,9;956,6;25,2;59,91;19,98;6,74;Lettuce;HYDROPONIC;5,603
11996,8;745,7;1151,6;26,15;72,39;21,47;6,37;Kale;AEROPONIC;6,251
17724,3;906,2;1495,2;25,17;68,6;21,4;5,75;Lettuce;AQUAPONIC;5,387
14766,4;956,4;1041,6;20,79;55,51;15,49;6,0;Spinach;SOIL_BASED;2,955
23595,4;847,5;1234,6;25,39;67,12;20,52;6,31;Lettuce;SOIL_BASED;4,313
15973,9;650,8;923,0;24,89;69,83;19,84;5,99;Chinese Cabbage;AEROPONIC;4,55
13742,2;767,6;1170,9;18,82;85,74;15,29;6,53;Bok Choy;AEROPONIC;4,862
7247,2;629,5;906,1;28,16;73,09;23,22;6,06;Bok Choy;AEROPONIC;4,861
7341,6;796,6;1091,9;22,44;57,02;19,17;6,3;Kale;AEROPONIC;6,053
13092,7;849,8;1323,1;26,29;84,52;21,62;6,35;Kale;SOIL_BASED;4,165
17040,8;933,3;1265,2;22,56;65,66;19,35;6,32;Spinach;AQUAPONIC;4,101
18283,6;812,4;1564,4;22,01;65,63;18,77;5,79;Spinach;SOIL_BASED;3,252
17863,0;724,9;1467,0;23,28;84,51;19,2;6,67;Chinese Cabbage;AEROPONIC;4,554
7737,7;817,7;1185,0;29,44;62,66;25,35;6,17;Kale;HYDROPONIC;5,717
12154,0;714,5;1527,6;29,14;66,66;24,91;6,0;Kale;SOIL_BASED;4,168
11524,3;735,6;1243,6;22,0;54,13;17,54;5,54;Spinach;HYDROPONIC;4,476
17507,2;895,0;1103,0;26,99;67,67;22,68;5,54;Spinach;HYDROPONIC;4,839
13357,6;844,0;958,5;23,57;66,72;18,37;5,87;Spinach;AEROPONIC;4,524
18864,0;752,3;1660,0;29,15;64,62;25,14;5,86;Bok Choy;SOIL_BASED;3,472
14664,4;748,9;1611,6;26,73;69,35;22,69;5,62;Lettuce;AQUAPONIC;5,076
13357,1;693,1;1227,4;24,28;61,04;21,04;5,9;Lettuce;SOIL_BASED;4,145
13969,0;971,5;1258,3;23,73;80,45;19,66;6,48;Kale;AQUAPONIC;5,521
9646,8;936,2;1219,1;25,2;68,16;21,99;6,24;Bok Choy;AQUAPONIC;4,572
12682,1;947,0;784,6;24,85;61,46;21,24;5,65;Spinach;AEROPONIC;4,764
16308,2;757,8;1251,4;20,41;56,16;16,76;6,49;Kale;AQUAPONIC;5,312
14043,4;827,2;723,3;24,08;68,4;19,85;6,48;Bok Choy;SOIL_BASED;3,404
9404,0;832,0;973,0;21,68;75,81;16,81;5,51;Chinese Cabbage;SOIL_BASED;2,779
5105,8;847,5;1276,6;22,02;71,03;18,58;6,63;Bok Choy;HYDROPONIC;4,974
9735,2;628,4;1491,2;26,62;84,88;21,1;6,35;Kale;AQUAPONIC;5,451
10697,2;1054,9;844,9;24,07;85,06;19,46;6,49;Lettuce;AEROPONIC;5,519
17703,1;433,0;1238,0;22,23;57,13;18,67;5,73;Spinach;AEROPONIC;4,666
10239,3;610,8;1261,2;20,11;55,33;14,95;5,97;Chinese Cabbage;SOIL_BASED;2,98
12843,7;545,0;1237,5;21,33;61,46;17,29;5,92;Bok Choy;AQUAPONIC;4,464
10190,5;755,7;1365,5;23,33;74,0;19,29;5,83;Kale;AEROPONIC;6,072
15738,1;813,0;1480,4;28,22;71,32;24,6;5,85;Kale;AQUAPONIC;5,329
16910,8;780,8;1291,5;20,56;76,59;15,97;5,75;Spinach;AQUAPONIC;4,438
16572,1;517,9;1680,1;24,33;59,2;20,82;6,33;Kale;HYDROPONIC;5,919
14211,0;876,7;1223,2;24,64;52,92;21,17;6,17;Kale;AEROPONIC;5,573
15237,1;733,3;1015,6;26,92;62,97;24,15;6,52;Spinach;HYDROPONIC;4,625
17772,7;789,4;1751,0;23,85;72,99;18,86;5,19;Chinese Cabbage;AEROPONIC;4,383
13258,6;1113,6;1915,6;24,64;69,37;20,79;6,25;Lettuce;AQUAPONIC;4,937
13864,6;742,5;1435,7;26,81;78,59;21,22;5,87;Lettuce;AEROPONIC;5,596
18078,6;788,1;687,1;21,32;61,95;16,7;5,92;Bok Choy;SOIL_BASED;3,581
14165,1;660,5;1348,8;25,72;76,46;20,81;5,99;Chinese Cabbage;AQUAPONIC;4,037
14768,2;955,6;1099,6;19,6;62,84;14,58;7,0;Bok Choy;AEROPONIC;4,9
19159,5;945,1;1666,6;23,68;74,62;19,35;5,82;Lettuce;HYDROPONIC;5,675
13191,4;833,8;1277,0;22,84;74,48;18,26;6,32;Spinach;HYDROPONIC;4,593
17259,2;737,4;1103,3;21,48;81,39;16,39;6,78;Kale;AQUAPONIC;5,332
16913,8;765,8;1368,2;26,22;56,62;21,6;5,64;Lettuce;HYDROPONIC;5,423
15280,9;1077,8;1615,3;26,38;79,76;22,75;6,08;Chinese Cabbage;AQUAPONIC;3,811
14999,2;872,1;1068,1;26,49;71,79;22,75;5,6;Lettuce;AQUAPONIC;5,269
9238,3;610,4;1481,5;24,56;68,51;20,22;5,81;Chinese Cabbage;AQUAPONIC;3,822
21035,1;829,6;788,8;20,05;66,87;16,79;6,27;Chinese Cabbage;AEROPONIC;4,138
13765,3;776,8;1257,6;22,58;67,38;18,72;6,08;Chinese Cabbage;AQUAPONIC;4,018
16684,1;799,3;921,6;26,32;68,34;22,44;5,47;Bok Choy;HYDROPONIC;4,766
17966,2;757,8;1059,2;26,28;54,33;23,1;6,31;Spinach;SOIL_BASED;3,321
15775,4;819,3;1589,8;26,85;70,07;22,42;6,78;Lettuce;AEROPONIC;6,151
18917,2;776,9;1188,8;24,38;69,29;19,47;6,32;Spinach;HYDROPONIC;4,814
17708,2;735,1;1090,6;22,99;62,41;18,46;5,91;Kale;AQUAPONIC;5,509
8071,8;827,0;1584,7;18,0;68,28;15,35;5,72;Lettuce;AQUAPONIC;5,184
14425,9;795,2;1430,4;25,92;77,38;22,38;6,12;Spinach;SOIL_BASED;3,377
7049,4;1007,8;792,7;23,22;62,77;18,24;5,7;Spinach;HYDROPONIC;4,973
13501,4;755,9;1261,8;19,99;58,32;15,31;6,57;Kale;AEROPONIC;6,216
11494,9;595,8;1296,2;25,64;61,86;20,69;6,02;Chinese Cabbage;HYDROPONIC;4,226
11218,9;886,9;1483,0;27,47;50,26;23,75;5,49;Lettuce;AQUAPONIC;5,063
15038,3;916,1;1206,3;25,93;83,22;21,81;5,92;Lettuce;AEROPONIC;5,678
16792,6;529,9;1785,0;25,39;60,93;19,93;5,87;Kale;AQUAPONIC;5,373
8819,6;805,2;1354,8;26,11;78,73;22,68;6,41;Chinese Cabbage;AQUAPONIC;4,181
22112,1;743,0;868,9;15,85;57,46;12,0;6,27;Lettuce;HYDROPONIC;5,245
16096,1;856,6;1183,0;28,32;62,74;23,96;6,15;Lettuce;SOIL_BASED;3,816
14269,0;851,5;1562,6;21,28;68,54;17,35;5,85;Lettuce;AQUAPONIC;5,174
14194,4;846,6;1203,2;21,53;73,47;17,6;5,45;Chinese Cabbage;HYDROPONIC;4,323
8466,8;902,7;1308,3;22,18;67,41;15,87;6,62;Kale;AEROPONIC;5,964
12183,3;860,2;1271,0;22,5;54,91;18,12;6,1;Lettuce;SOIL_BASED;3,83
10773,5;1000,7;647,3;27,7;67,53;23,02;6,67;Spinach;AQUAPONIC;4,13
12056,2;767,0;1174,1;25,02;78,7;19,6;6,24;Chinese Cabbage;AQUAPONIC;3,799
16646,7;771,5;1161,7;21,6;70,77;18,1;5,72;Bok Choy;AEROPONIC;5,504
11689,4;711,3;1709,2;22,02;86,83;18,28;6,29;Kale;HYDROPONIC;6,004
15839,3;708,0;1624,9;30,48;69,46;27,5;5,59;Spinach;AQUAPONIC;4,177
16601,5;769,8;972,2;24,49;76,61;20,68;5,41;Lettuce;AEROPONIC;5,747
15276,8;922,9;892,9;22,29;72,46;18,12;6,38;Bok Choy;AQUAPONIC;4,324
21458,7;762,1;1466,2;18,96;62,62;14,69;5,86;Kale;HYDROPONIC;5,994
15519,3;810,4;1282,6;18,81;67,48;14,39;6,6;Chinese Cabbage;SOIL_BASED;3,284
19574,5;979,3;1324,4;20,37;77,46;16,25;5,69;Bok Choy;HYDROPONIC;5,14
21046,4;922,6;977,8;23,77;65,05;19,18;6,72;Bok Choy;HYDROPONIC;4,812
14033,6;652,5;1263,1;26,61;71,4;22,09;6,49;Spinach;HYDROPONIC;4,756
25000,0;575,6;1101,2;25,23;62,72;21,7;6,36;Kale;AEROPONIC;6,172
19047,5;469,7;984,4;26,79;75,9;22,03;6,03;Spinach;AQUAPONIC;4,137
10908,0;917,2;1189,5;25,08;68,7;19,9;6,17;Spinach;SOIL_BASED;3,374
18895,2;350,0;1232,5;20,07;75,35;14,8;6,47;Lettuce;AEROPONIC;5,801
12215,2;694,8;960,2;24,69;78,59;20,35;6,22;Chinese Cabbage;HYDROPONIC;4,489
16331,5;692,8;1179,8;24,81;73,71;19,83;6,43;Bok Choy;SOIL_BASED;3,596
18417,5;814,6;1097,7;23,16;66,46;17,74;6,21;Kale;HYDROPONIC;5,938
17535,4;725,1;1228,9;22,64;66,62;17,84;5,91;Chinese Cabbage;HYDROPONIC;4,441
12283,4;528,0;1172,0;23,08;50,1;19,18;6,76;Chinese Cabbage;HYDROPONIC;4,237
11561,2;846,1;1713,6;19,17;71,64;14,47;6,81;Kale;SOIL_BASED;4,297
10797,1;865,0;1339,9;19,77;76,92;15,33;6,57;Chinese Cabbage;AQUAPONIC;4,348
20025,7;754,3;1153,2;30,62;57,48;25,4;6,19;Lettuce;HYDROPONIC;5,505
17680,3;611,6;1538,4;20,0;66,67;15,44;6,08;Chinese Cabbage;AQUAPONIC;4,053
18851,4;836,7;734,7;18,55;66,5;14,27;6,5;Lettuce;SOIL_BASED;3,773
8371,5;758,8;1426,1;21,48;71,94;16,48;6,06;Bok Choy;SOIL_BASED;3,921
17181,6;769,9;1332,9;24,79;69,25;20,11;5,64;Bok Choy;HYDROPONIC;4,987
12207,7;790,3;1356,4;25,07;60,25;19,54;6,03;Spinach;AQUAPONIC;4,086
10601,8;544,9;1144,1;20,63;81,7;16,28;6,43;Lettuce;AQUAPONIC;4,828
9844,2;481,0;1497,6;23,77;53,82;18,14;6,19;Bok Choy;HYDROPONIC;4,883
14766,6;708,2;1370,2;21,98;62,85;17,33;6,1;Chinese Cabbage;AEROPONIC;4,619
13648,2;948,2;1504,9;24,03;56,68;19,4;5,81;Kale;AEROPONIC;6,073
16329,0;623,9;1052,2;22,68;71,02;18,95;5,58;Kale;SOIL_BASED;4,353
14902,4;949,8;1569,0;21,56;71,95;18,17;5,92;Lettuce;SOIL_BASED;3,988
16856,6;869,1;1142,1;21,68;67,01;16,1;6,23;Spinach;AEROPONIC;4,872
13967,3;1121,4;897,1;17,34;57,69;13,28;5,87;Chinese Cabbage;AEROPONIC;4,317
11709,2;818,7;1755,8;22,88;60,07;17,88;6,14;Lettuce;AEROPONIC;5,539
17926,0;699,6;1495,6;23,29;75,58;20,15;6,32;Kale;HYDROPONIC;5,955
16471,5;601,0;1779,3;19,56;67,32;15,49;6,39;Lettuce;HYDROPONIC;5,441
14484,4;859,3;1274,9;22,56;64,13;17,47;6,19;Chinese Cabbage;HYDROPONIC;4,161
14567,4;725,0;1537,2;22,79;62,08;17,83;5,57;Bok Choy;HYDROPONIC;4,927
13030,4;684,0;1602,6;18,31;66,98;13,77;6,23;Chinese Cabbage;HYDROPONIC;4,401
16720,4;705,3;1190,0;21,34;72,84;17,56;6,03;Bok Choy;HYDROPONIC;5,114
16713,1;684,0;862,4;21,25;65,92;16,81;5,25;Bok Choy;SOIL_BASED;3,568
11012,5;666,7;1387,7;24,0;71,68;20,07;5,98;Bok Choy;AQUAPONIC;4,539
20180,9;686,3;1353,9;26,99;54,72;22,73;6,8;Lettuce;SOIL_BASED;3,737
13853,5;1070,1;1365,1;23,63;77,64;19,73;6,15;Kale;AQUAPONIC;5,254
13088,6;699,6;1280,2;26,75;67,68;24,94;6,32;Lettuce;SOIL_BASED;3,977
18722,0;817,1;1145,8;22,88;59,66;19,68;6,67;Kale;SOIL_BASED;4,677
16854,3;737,6;1121,6;24,54;71,75;19,78;6,19;Chinese Cabbage;HYDROPONIC;4,323
16418,9;607,6;1459,5;23,69;69,54;19,48;6,11;Spinach;HYDROPONIC;4,667
16722,1;859,5;474,2;30,25;58,45;25,17;5,55;Chinese Cabbage;AQUAPONIC;3,372
18664,6;844,6;836,7;23,07;66,97;19,72;6,08;Lettuce;AQUAPONIC;4,97
10719,0;733,5;798,9;25,69;63,6;20,44;5,97;Lettuce;HYDROPONIC;5,709
12376,1;876,4;756,1;24,07;57,22;19,41;6,25;Kale;SOIL_BASED;4,279
19958,6;748,9;1242,9;26,65;64,42;23,71;5,93;Lettuce;AQUAPONIC;4,875
12017,2;791,8;1425,7;25,27;59,11;20,82;5,87;Bok Choy;AEROPONIC;5,169
10705,8;903,3;1416,5;24,45;57,6;19,8;5,24;Lettuce;AEROPONIC;5,504
15906,7;725,5;963,2;20,3;72,23;16,15;6,44;Kale;AEROPONIC;6,403
13012,2;1003,9;834,8;20,55;70,6;14,81;5,7;Kale;AQUAPONIC;5,049
16657,1;669,2;1322,9;21,77;65,82;17,7;6,33;Bok Choy;HYDROPONIC;4,955
13945,3;894,6;1413,3;22,68;48,95;19,77;6,55;Kale;HYDROPONIC;5,821
12984,4;795,6;1430,6;23,81;67,39;19,2;5,8;Spinach;HYDROPONIC;4,87
11103,2;801,9;911,0;21,78;74,46;17,98;6,71;Chinese Cabbage;AQUAPONIC;4,266
16264,4;898,8;1495,2;17,96;78,29;13,7;6,14;Lettuce;AQUAPONIC;4,763
13708,5;870,6;1327,0;26,38;76,65;22,37;6,25;Spinach;AEROPONIC;5,002
15100,2;623,1;1021,0;24,75;57,89;19,93;5,95;Lettuce;AQUAPONIC;5,057
11699,2;701,5;1117,0;23,67;61,39;20,47;5,89;Spinach;AEROPONIC;4,983
16035,3;729,4;1048,3;27,01;66,58;22,02;5,43;Lettuce;AEROPONIC;5,971
14452,8;764,1;1068,7;21,25;67,35;16,74;6,84;Bok Choy;HYDROPONIC;5,028
14215,7;881,1;1565,1;23,13;68,26;18,35;5,28;Kale;AQUAPONIC;5,603
16233,2;563,5;1415,4;23,95;77,52;21,68;5,51;Kale;HYDROPONIC;5,79
7245,4;861,5;991,8;22,34;69,66;16,88;6,04;Bok Choy;HYDROPONIC;4,955
10816,6;826,2;1162,5;21,27;78,32;18,0;6,05;Spinach;AQUAPONIC;3,994
13847,8;925,8;1436,3;25,95;61,42;20,92;5,47;Chinese Cabbage;AQUAPONIC;4,197
14971,7;608,8;753,2;24,3;64,69;21,21;5,92;Spinach;SOIL_BASED;3,054
15729,0;789,6;1435,7;25,25;64,39;21,48;5,85;Kale;AEROPONIC;6,291
12195,4;821,2;1794,3;21,19;67,52;16,7;5,98;Chinese Cabbage;SOIL_BASED;3,092
15584,8;547,7;1361,9;25,82;56,47;21,93;6,45;Lettuce;AEROPONIC;5,792
13092,6;709,4;1232,3;21,75;84,33;17,64;6,64;Chinese Cabbage;AEROPONIC;4,096
11830,2;633,3;884,9;24,19;68,82;21,27;6,73;Spinach;AEROPONIC;4,63
16513,6;688,6;681,1;29,04;58,28;23,96;6,31;Bok Choy;HYDROPONIC;4,592
17144,6;932,5;1147,4;25,89;58,76;21,65;5,54;Lettuce;HYDROPONIC;5,929
16841,2;918,1;1408,0;24,45;68,68;19,0;6,29;Spinach;AQUAPONIC;4,39
15140,6;754,6;1237,8;27,28;73,03;21,99;6,27;Lettuce;AEROPONIC;6,066
15714,7;998,4;1598,9;21,9;75,99;18,37;6,25;Chinese Cabbage;AEROPONIC;4,515
15706,6;746,4;1375,9;24,87;68,4;20,59;6,42;Kale;AEROPONIC;6,083
17726,4;624,5;1072,6;21,17;73,18;16,57;5,83;Spinach;HYDROPONIC;4,43
19719,9;869,4;1607,1;22,49;70,89;18,16;5,61;Bok Choy;AQUAPONIC;4,645
18236,6;842,5;1433,8;27,95;67,11;24,16;5,65;Chinese Cabbage;HYDROPONIC;4,07
9571,7;759,5;869,6;24,27;65,1;20,06;5,84;Spinach;SOIL_BASED;3,283
12799,6;746,5;1021,9;27,44;68,23;24,01;5,98;Bok Choy;SOIL_BASED;3,39
20498,8;769,0;1152,3;23,21;67,01;18,53;6,22;Spinach;SOIL_BASED;3,395
8931,9;855,0;1739,2;26,92;67,95;22,31;5,86;Chinese Cabbage;AQUAPONIC;3,979
12990,4;856,3;1472,4;23,64;71,82;20,52;6,62;Spinach;SOIL_BASED;3,59
21125,0;876,3;1012,0;23,87;81,77;17,73;6,11;Lettuce;AQUAPONIC;4,746
10411,5;743,8;2103,8;23,57;59,46;19,15;5,86;Chinese Cabbage;HYDROPONIC;4,221
11755,8;754,3;1484,4;24,51;68,81;20,8;6,54;Spinach;HYDROPONIC;4,727
14149,3;779,9;971,4;22,78;70,99;19,09;5,95;Kale;AQUAPONIC;5,695
9798,8;659,4;1202,6;19,61;64,84;14,26;5,84;Spinach;HYDROPONIC;4,612
17471,7;624,5;1145,5;23,4;77,18;20,52;6,63;Lettuce;HYDROPONIC;5,533
16359,4;952,5;1061,5;23,87;63,87;19,47;6,18;Bok Choy;AQUAPONIC;4,544
18512,9;777,6;1618,9;28,08;73,73;22,73;6,91;Bok Choy;SOIL_BASED;3,946
8915,9;653,9;1246,9;17,17;78,71;14,33;5,63;Bok Choy;AQUAPONIC;4,394
16332,9;692,4;1521,7;28,03;71,38;24,46;5,55;Kale;AEROPONIC;6,088
14412,4;702,8;1247,7;26,44;66,5;22,24;6,2;Lettuce;HYDROPONIC;5,396
8985,1;855,1;1186,6;25,42;72,09;21,01;6,83;Chinese Cabbage;AQUAPONIC;4,02
21414,7;977,6;1124,7;23,93;64,62;19,12;5,83;Bok Choy;HYDROPONIC;5,128
11034,6;720,3;1284,7;20,64;61,98;16,91;6,15;Lettuce;SOIL_BASED;4,493
16046,2;500,3;1077,5;28,96;71,11;24,78;5,89;Spinach;HYDROPONIC;4,579
13287,6;827,7;1272,1;26,96;74,37;20,95;5,94;Kale;AQUAPONIC;5,478
16529,7;566,4;1131,8;24,2;68,82;19,61;6,29;Lettuce;SOIL_BASED;4,161
12613,0;718,3;930,5;24,3;72,75;21,44;5,74;Lettuce;SOIL_BASED;4,194
17561,4;1001,4;1186,8;23,2;87,6;19,5;5,48;Chinese Cabbage;SOIL_BASED;3,039
19924,9;576,4;817,7;25,16;78,37;22,69;6,23;Lettuce;AEROPONIC;6,02
14938,7;684,6;1632,5;23,38;63,2;18,95;5,99;Chinese Cabbage;AQUAPONIC;3,905
8794,3;619,1;1410,5;24,36;69,57;20,86;6,44;Kale;AQUAPONIC;5,611
10230,2;577,1;1159,3;24,73;70,57;21,58;6,48;Kale;SOIL_BASED;4,635
20775,6;694,8;820,1;30,3;60,86;27,18;5,7;Spinach;HYDROPONIC;4,449
16522,6;741,1;1283,7;20,95;73,23;15,34;6,02;Chinese Cabbage;SOIL_BASED;2,953
13816,9;947,7;1339,1;23,95;61,58;19,39;6,3;Chinese Cabbage;AEROPONIC;4,913
18329,6;704,8;1388,8;26,94;73,72;23,65;6,41;Bok Choy;SOIL_BASED;3,53
13441,9;853,1;1078,9;25,81;84,43;21,97;6,65;Bok Choy;AQUAPONIC;4,678
17637,7;1027,5;1334,6;25,4;66,93;20,84;6,34;Spinach;SOIL_BASED;3,326
7839,7;1066,1;1776,8;31,93;71,72;28,13;6,41;Kale;HYDROPONIC;5,533
13040,2;693,1;1144,9;26,55;70,48;21,99;6,43;Bok Choy;AQUAPONIC;4,621
11553,5;1008,1;1549,1;21,75;60,06;17,6;6,77;Lettuce;HYDROPONIC;5,563
9536,7;862,1;1276,3;21,43;61,74;16,74;5,21;Kale;SOIL_BASED;3,978
12073,0;960,6;1243,2;23,39;71,05;19,09;6,84;Lettuce;AQUAPONIC;4,845
13922,5;621,5;1313,9;22,28;69,12;18,42;6,16;Chinese Cabbage;AEROPONIC;4,802
12425,1;726,6;1140,5;23,72;66,87;19,27;5,09;Kale;AQUAPONIC;5,437
16221,5;839,3;1316,6;24,45;75,92;20,87;6,19;Spinach;HYDROPONIC;5,048
14849,0;563,7;1531,1;24,27;71,96;20,32;5,91;Chinese Cabbage;AQUAPONIC;3,854
12727,8;682,6;1514,7;16,62;86,73;12,32;6,25;Chinese Cabbage;AEROPONIC;3,933
18560,6;601,0;1578,8;21,38;60,11;17,41;6,91;Lettuce;AEROPONIC;5,732
17130,2;723,2;1117,8;25,5;64,6;20,56;5,6;Chinese Cabbage;AEROPONIC;4,461
15770,2;745,8;1295,0;28,1;80,35;22,99;6,35;Bok Choy;AEROPONIC;4,822
10190,8;1185,1;1846,0;22,37;82,35;19,21;6,23;Kale;HYDROPONIC;6,165
15660,9;818,5;1027,0;22,38;60,7;17,78;5,99;Bok Choy;AQUAPONIC;4,511
16691,6;570,0;1251,1;23,25;64,69;18,56;5,66;Lettuce;SOIL_BASED;4,212
17447,5;803,2;964,9;28,33;66,48;22,58;6,2;Lettuce;AEROPONIC;5,945
12953,5;411,2;1308,5;23,65;79,97;17,7;5,52;Kale;SOIL_BASED;4,551
18784,0;893,1;1550,9;17,22;66,85;12,88;5,85;Chinese Cabbage;SOIL_BASED;2,962
18360,0;903,9;1726,2;28,51;66,56;24,27;5,82;Spinach;AQUAPONIC;4,409
19949,5;571,3;1020,4;25,44;65,75;21,26;6,17;Lettuce;SOIL_BASED;4,357
9913,4;842,7;1065,0;19,88;68,93;16,1;5,72;Kale;SOIL_BASED;4,346
13131,3;740,0;1690,9;22,07;70,92;17,48;5,98;Spinach;HYDROPONIC;4,628
9870,1;665,6;492,3;21,27;83,97;18,12;6,19;Chinese Cabbage;SOIL_BASED;3,058
11661,8;992,5;1113,8;22,91;80,45;18,17;7,11;Lettuce;AQUAPONIC;4,987
9651,4;709,0;1532,5;27,66;58,8;23,36;5,46;Kale;SOIL_BASED;4,046
10762,9;825,3;837,5;18,27;66,41;13,12;6,4;Kale;AQUAPONIC;5,573
16762,3;729,7;1007,3;22,54;68,17;18,86;6,41;Kale;AEROPONIC;6,27
12974,7;980,1;1607,4;23,81;64,23;19,97;6,16;Lettuce;SOIL_BASED;3,887
10459,1;741,9;763,4;23,31;76,52;17,75;5,74;Spinach;SOIL_BASED;3,493
21521,1;684,4;753,0;21,27;79,46;19,08;6,59;Kale;SOIL_BASED;4,293
15766,4;778,9;1498,4;26,83;63,92;21,22;6,1;Chinese Cabbage;AEROPONIC;4,351
10681,3;592,1;1702,1;23,06;68,1;20,24;6,24;Kale;HYDROPONIC;5,956
13622,3;1058,9;1652,6;22,7;75,62;17,4;5,75;Spinach;SOIL_BASED;3,734
15168,3;994,9;606,5;24,47;77,08;20,45;6,15;Lettuce;AQUAPONIC;4,79
13443,9;749,1;1660,3;22,72;63,72;18,8;6,46;Kale;HYDROPONIC;5,851
12656,4;667,4;1300,5;21,95;72,06;16,62;6,3;Kale;HYDROPONIC;6,337
12378,9;710,2;1070,0;20,91;62,11;16,19;5,97;Chinese Cabbage;HYDROPONIC;4,546
16998,7;615,8;1036,6;29,63;76,98;23,73;6,41;Chinese Cabbage;SOIL_BASED;3,096
16734,0;692,2;1461,9;25,72;61,82;19,01;6,26;Kale;AEROPONIC;6,305
10957,3;698,0;1393,7;22,43;68,95;19,01;5,82;Kale;AEROPONIC;6,484
8421,6;605,1;1645,3;27,06;63,96;22,54;5,56;Chinese Cabbage;SOIL_BASED;3,116
11428,8;940,8;1117,3;24,97;59,65;20,78;6,65;Spinach;AQUAPONIC;4,249
18906,9;763,8;1153,3;23,61;63,15;19,4;6,32;Bok Choy;AQUAPONIC;4,495
13487,4;853,2;1489,7;20,62;65,06;17,02;6,92;Bok Choy;AQUAPONIC;4,472
13291,2;734,3;1074,0;21,18;78,61;18,7;6,82;Kale;SOIL_BASED;4,632
16206,8;620,2;1493,1;26,21;63,99;22,15;6,03;Chinese Cabbage;AEROPONIC;4,676
10100,8;705,5;989,8;25,61;68,61;21,02;6,21;Lettuce;SOIL_BASED;4,122
15143,1;689,0;1810,0;19,66;62,28;15,97;6,08;Lettuce;AEROPONIC;5,93
13176,3;918,7;1798,3;22,36;75,83;17,07;5,63;Bok Choy;HYDROPONIC;4,634
12705,3;970,6;1088,7;25,4;76,98;20,18;6,73;Spinach;SOIL_BASED;3,177
11355,1;594,6;1296,2;26,61;74,67;22,59;6,3;Bok Choy;AEROPONIC;5,289
18750,4;759,2;1311,9;24,94;64,99;21,18;6,46;Kale;HYDROPONIC;5,559
15046,2;775,0;1245,2;22,22;62,35;16,69;5,65;Spinach;HYDROPONIC;4,511
16211,6;700,0;1019,7;24,16;60,17;19,62;6,09;Lettuce;SOIL_BASED;4,232
13294,7;724,1;1307,3;22,91;74,54;19,44;5,48;Chinese Cabbage;AEROPONIC;4,839
17556,6;781,0;895,1;24,57;64,09;20,34;6,05;Chinese Cabbage;HYDROPONIC;4,263
18617,4;601,3;1679,5;27,64;75,24;22,64;5,98;Kale;SOIL_BASED;4,34
14228,6;802,8;1696,7;21,31;60,73;16,17;5,74;Bok Choy;HYDROPONIC;5,195
10634,0;830,8;1630,6;24,29;66,23;19,93;5,9;Kale;AQUAPONIC;5,619
16679,1;601,6;1648,8;23,23;64,13;18,98;6,62;Chinese Cabbage;SOIL_BASED;3,2
8940,8;983,0;1473,0;22,76;61,93;18,03;6,37;Lettuce;HYDROPONIC;5,492
12828,7;763,2;1043,6;23,11;53,17;19,32;6,12;Chinese Cabbage;SOIL_BASED;2,784
15167,5;976,9;938,4;27,18;56,75;21,21;5,72;Spinach;SOIL_BASED;3,474
14398,0;804,8;1000,6;25,12;77,59;21,35;6,25;Chinese Cabbage;AEROPONIC;4,474
22304,9;777,9;1397,5;22,16;60,89;18,04;5,49;Chinese Cabbage;AEROPONIC;4,551
16018,2;922,9;932,3;25,32;73,69;21,38;5,58;Spinach;HYDROPONIC;4,72
16253,4;822,3;1325,3;21,94;68,13;16,98;6,67;Bok Choy;SOIL_BASED;3,445
15738,2;599,8;1424,6;18,49;65,07;12,04;6,7;Chinese Cabbage;SOIL_BASED;2,898
14273,7;793,1;1232,0;17,05;64,4;12,0;5,27;Kale;AQUAPONIC;5,246
16160,1;845,7;1289,6;24,9;67,3;21,03;6,19;Chinese Cabbage;SOIL_BASED;3,423
14811,2;683,8;1957,7;22,7;73,66;18,13;6,87;Kale;AEROPONIC;5,95
12156,6;965,0;1271,7;26,29;57,56;21,61;5,92;Spinach;SOIL_BASED;3,508
20058,0;745,1;1384,9;24,58;67,44;20,41;6,21;Chinese Cabbage;AEROPONIC;4,226
13788,7;805,1;1585,8;24,23;71,27;20,64;5,87;Spinach;AQUAPONIC;4,196
9025,7;767,3;1515,3;22,24;74,33;16,78;6,32;Spinach;HYDROPONIC;4,845
7230,6;915,6;1497,1;24,96;76,59;19,81;5,71;Bok Choy;AEROPONIC;5,035
12616,0;899,6;1351,4;27,84;66,44;22,22;6,23;Chinese Cabbage;HYDROPONIC;4,433
15472,9;761,6;1352,2;17,85;56,09;12,21;6,87;Kale;HYDROPONIC;5,933
15675,2;658,9;806,8;23,08;71,45;17,01;6,17;Kale;HYDROPONIC;5,743
6923,8;602,1;1731,2;27,27;66,99;22,57;5,94;Chinese Cabbage;HYDROPONIC;4,196
19150,9;724,9;1125,9;20,29;78,24;15,81;5,65;Bok Choy;AEROPONIC;4,996
15463,3;790,9;1508,4;23,87;69,7;19,39;6,17;Bok Choy;AQUAPONIC;4,652
14891,6;754,0;1219,0;21,59;78,33;17,44;5,75;Bok Choy;SOIL_BASED;3,566
17369,6;740,4;2089,8;22,75;63,53;17,21;5,62;Kale;AEROPONIC;6,261
16897,8;665,0;1064,8;18,54;78,32;15,07;5,59;Spinach;AQUAPONIC;4,301
18058,3;561,3;1895,2;26,26;69,33;21,32;5,48;Bok Choy;SOIL_BASED;3,534
12005,0;763,6;1246,9;23,92;71,55;20,4;6,0;Kale;HYDROPONIC;6,025
16655,6;624,9;1469,9;19,46;53,41;16,49;6,69;Kale;SOIL_BASED;4,247
18164,5;781,4;1284,5;24,67;77,44;21,64;6,5;Spinach;SOIL_BASED;3,277
14825,5;818,8;1692,3;24,08;66,44;18,99;6,41;Chinese Cabbage;AQUAPONIC;4,16
13603,1;953,9;1313,9;21,57;72,21;18,72;5,81;Chinese Cabbage;SOIL_BASED;3,212
15116,5;702,8;1363,8;29,01;65,21;25,39;6,15;Bok Choy;HYDROPONIC;4,961
16715,8;581,3;1306,8;24,95;77,79;21,21;5,98;Bok Choy;AEROPONIC;4,95
17830,5;729,9;1427,2;27,11;69,93;24,25;6,86;Spinach;AEROPONIC;4,945
7518,2;793,5;1038,9;23,05;69,25;19,87;5,69;Bok Choy;AQUAPONIC;4,279
14457,0;950,8;705,4;18,95;84,1;14,54;5,48;Spinach;HYDROPONIC;4,426
15273,9;934,8;1399,8;16,99;46,82;12,65;5,58;Kale;HYDROPONIC;5,762
14126,1;746,4;1834,2;20,66;64,52;16,07;6,27;Bok Choy;SOIL_BASED;3,811
14853,3;730,0;1173,1;27,27;66,67;21,86;5,82;Kale;AQUAPONIC;4,897
13994,8;594,6;1479,7;22,07;60,96;19,09;5,87;Lettuce;HYDROPONIC;5,802
12460,5;711,5;895,1;26,42;70,82;20,31;5,43;Spinach;HYDROPONIC;4,741
13098,0;841,4;1135,4;20,23;56,62;16,57;5,8;Lettuce;HYDROPONIC;5,532
11503,5;958,5;1292,6;21,64;56,97;17,5;6,38;Bok Choy;AEROPONIC;4,937
12953,6;867,9;1272,2;22,05;71,71;18,23;5,37;Kale;AEROPONIC;6,186
20611,1;681,7;1570,5;24,13;60,23;20,23;5,9;Bok Choy;AEROPONIC;5,08
16965,3;571,3;807,7;19,71;72,35;16,98;6,1;Lettuce;SOIL_BASED;3,868
13374,2;809,1;1235,8;21,28;62,91;17,29;6,35;Bok Choy;SOIL_BASED;3,644
12802,8;718,6;1117,2;22,85;60,88;18,4;5,89;Chinese Cabbage;SOIL_BASED;2,935
14953,8;852,6;1043,1;19,74;59,61;15,6;5,98;Lettuce;HYDROPONIC;5,498
12333,1;656,3;1089,9;18,57;59,91;14,81;6,53;Bok Choy;AEROPONIC;5,24
19759,5;1015,7;1350,9;23,58;64,36;19,06;5,97;Kale;HYDROPONIC;5,928
15987,8;711,4;1318,0;19,78;61,22;15,78;6,52;Bok Choy;HYDROPONIC;4,945
9276,0;1003,6;1228,9;26,9;66,94;21,63;7,2;Kale;AQUAPONIC;5,592
9448,9;876,7;928,6;26,98;52,19;22,44;6,19;Chinese Cabbage;HYDROPONIC;4,216
10992,4;856,3;1210,6;21,87;60,8;17,2;5,67;Bok Choy;SOIL_BASED;3,528
13604,8;623,8;1573,0;25,19;78,62;19,54;6,31;Chinese Cabbage;AEROPONIC;4,633
8974,1;587,8;852,9;23,69;57,31;19,37;6,53;Lettuce;AEROPONIC;5,793
15456,8;750,1;1094,4;26,49;62,36;22,24;5,82;Kale;HYDROPONIC;6,389
13601,8;596,5;981,9;22,22;78,53;17,44;6,35;Lettuce;SOIL_BASED;4,084
12198,6;917,6;992,8;24,93;67,65;20,55;5,34;Kale;SOIL_BASED;4,332
14983,0;909,9;1217,0;24,37;53,36;21,08;6,47;Chinese Cabbage;SOIL_BASED;3,091
22070,3;833,2;1113,5;24,23;73,06;20,08;5,78;Spinach;AEROPONIC;5,02
11990,6;688,4;1057,2;21,78;78,08;18,06;5,4;Bok Choy;SOIL_BASED;3,653
20869,9;910,7;1285,0;26,82;67,79;22,11;5,9;Chinese Cabbage;SOIL_BASED;3,095
13146,9;765,7;872,5;22,36;63,25;19,13;6,58;Kale;HYDROPONIC;5,86
12422,3;664,6;1799,0;22,34;53,19;17,85;6,08;Kale;AQUAPONIC;5,535
12234,2;741,2;1132,6;21,48;63,87;19,28;6,02;Kale;SOIL_BASED;4,33
18083,9;767,5;1182,5;21,65;57,41;17,53;6,43;Kale;HYDROPONIC;5,98
14403,7;838,9;1190,9;22,83;67,93;17,85;6,26;Bok Choy;HYDROPONIC;5,466
13173,2;948,1;1028,0;24,76;75,04;20,85;5,88;Lettuce;SOIL_BASED;4,04
5799,5;529,5;1605,4;25,69;59,59;20,72;6,08;Spinach;AQUAPONIC;4,336
9528,4;1034,9;1346,9;23,86;73,82;19,67;6,84;Bok Choy;AEROPONIC;5,085
18067,0;807,0;628,3;27,47;53,1;22,1;6,11;Kale;AQUAPONIC;5,352
18986,2;825,5;958,1;23,83;65,89;17,55;6,16;Bok Choy;SOIL_BASED;3,398
19369,5;847,4;1112,3;18,47;50,92;12,81;6,92;Chinese Cabbage;AQUAPONIC;3,481
10890,7;811,1;1444,8;20,27;69,55;16,15;5,52;Kale;HYDROPONIC;5,994
16546,4;880,1;1589,6;25,46;77,58;21,23;6,37;Spinach;HYDROPONIC;4,565
11552,5;1227,4;1244,5;22,59;64,3;19,12;6,22;Kale;AQUAPONIC;5,35
18975,9;1051,9;1693,3;22,4;69,37;17,26;6,01;Spinach;AEROPONIC;4,949
17351,4;762,3;1481,1;20,8;63,72;15,45;6,48;Spinach;AQUAPONIC;4,049
15079,4;1030,8;1837,3;22,38;71,01;18,65;5,68;Lettuce;SOIL_BASED;4,423
11007,3;885,2;1134,5;22,42;74,89;17,89;5,99;Lettuce;AEROPONIC;5,813
18881,0;606,2;1175,1;24,87;67,88;21,44;5,61;Bok Choy;AQUAPONIC;4,523
15105,8;600,4;1335,6;22,82;63,48;20,1;5,93;Bok Choy;AQUAPONIC;4,471
16830,4;771,8;1088,0;27,07;70,44;21,58;5,81;Spinach;AEROPONIC;4,965
9368,6;946,4;1483,4;21,67;83,43;18,64;6,44;Kale;AQUAPONIC;5,127
10378,0;788,7;958,6;24,07;70,68;18,81;6,22;Chinese Cabbage;SOIL_BASED;3,203
12909,6;944,5;895,2;18,86;57,18;14,99;5,72;Chinese Cabbage;HYDROPONIC;4,359
24756,5;914,9;1265,5;25,35;84,08;21,33;6,14;Kale;SOIL_BASED;4,514
9987,2;848,6;1664,8;19,52;61,08;14,92;4,7;Kale;AQUAPONIC;5,662
12810,9;746,5;1408,0;25,1;61,34;20,82;6,26;Lettuce;HYDROPONIC;5,622
13417,4;710,2;1492,3;18,35;76,57;13,64;5,32;Chinese Cabbage;AEROPONIC;4,376
19320,0;724,3;1713,6;20,61;64,43;17,36;6,35;Spinach;SOIL_BASED;3,46
15584,3;890,7;1392,5;25,85;72,23;21,69;5,94;Bok Choy;AEROPONIC;5,211
9063,3;794,2;1190,1;27,88;71,61;23,55;6,87;Lettuce;HYDROPONIC;5,714
13114,9;786,1;1658,6;15,89;71,74;12,0;5,43;Chinese Cabbage;AQUAPONIC;4,211
12789,0;682,6;1531,2;20,45;80,28;16,57;6,34;Kale;HYDROPONIC;6,233
9206,7;945,7;1089,3;28,62;65,72;23,47;6,76;Chinese Cabbage;HYDROPONIC;4,085
14531,9;900,5;1059,1;23,9;68,29;19,47;5,92;Spinach;AEROPONIC;4,799
15439,8;1178,9;1266,3;20,61;60,21;16,88;6,15;Lettuce;SOIL_BASED;4,454
18238,5;800,9;1513,7;27,64;74,35;24,06;6,04;Kale;HYDROPONIC;5,747
16260,2;1031,6;1027,2;25,14;69,75;22,65;6,25;Spinach;AQUAPONIC;4,389
10369,3;727,8;1315,0;23,81;78,69;19,84;6,08;Bok Choy;HYDROPONIC;5,354
13911,3;568,8;1515,5;18,13;71,13;13,9;5,84;Lettuce;AEROPONIC;5,867
20648,9;663,9;1215,9;29,37;82,72;26,54;6,12;Spinach;SOIL_BASED;3,116
15875,3;899,0;1353,3;24,23;66,92;19,76;7,28;Spinach;AQUAPONIC;4,464
16137,9;596,0;1407,4;22,63;70,0;19,01;6,55;Kale;AEROPONIC;6,155
11576,4;753,3;1475,8;27,59;68,59;24,18;5,73;Bok Choy;HYDROPONIC;4,486
12348,3;830,2;1300,7;20,93;62,1;17,34;6,28;Spinach;HYDROPONIC;4,732
11583,5;901,9;1247,6;20,44;51,37;16,55;5,2;Lettuce;SOIL_BASED;4,24
14613,3;638,6;1544,3;20,77;69,91;18,08;5,91;Spinach;AEROPONIC;5,304
15082,4;896,4;612,9;22,44;54,39;17,97;6,01;Chinese Cabbage;AEROPONIC;4,239
14951,8;745,0;1503,8;23,57;71,95;18,82;6,28;Lettuce;SOIL_BASED;4,268
18316,8;915,7;1431,7;25,29;77,83;20,67;6,1;Lettuce;AQUAPONIC;5,02
15151,2;876,7;1676,1;20,0;67,49;16,59;5,95;Spinach;AEROPONIC;4,809
7495,7;715,4;1429,5;24,35;71,25;20,52;6,14;Kale;SOIL_BASED;4,327
12946,8;623,6;1010,3;21,81;71,53;18,31;6,23;Lettuce;AEROPONIC;5,825
14059,1;921,7;1306,6;23,2;76,08;17,26;6,54;Chinese Cabbage;SOIL_BASED;2,992
12622,2;635,5;1025,3;26,89;67,16;23,16;6,23;Kale;HYDROPONIC;5,88
13745,4;789,0;1578,1;24,88;57,73;18,7;5,94;Kale;HYDROPONIC;6,018
12180,6;744,1;640,1;25,11;53,12;21,62;5,72;Kale;AEROPONIC;5,932
18896,5;644,5;863,6;21,77;65,06;17,45;5,91;Lettuce;AEROPONIC;5,704
9811,2;682,9;967,9;28,89;54,15;24,64;5,62;Kale;HYDROPONIC;5,796
9834,4;747,1;856,7;25,38;68,32;21,17;6,05;Spinach;AQUAPONIC;4,313
9105,6;739,5;1195,5;22,31;70,14;17,38;5,87;Kale;SOIL_BASED;4,467
17209,8;787,7;1171,1;26,7;63,51;22,82;6,23;Chinese Cabbage;AQUAPONIC;3,715
9138,4;724,4;1495,5;25,09;74,27;19,6;5,71;Bok Choy;AQUAPONIC;4,623
16409,9;938,1;783,5;19,96;69,36;16,29;6,89;Chinese Cabbage;AQUAPONIC;3,944
14028,9;970,1;1140,6;24,06;62,37;20,51;6,01;Lettuce;HYDROPONIC;5,592
13564,8;662,8;1347,8;20,79;64,13;17,37;6,88;Kale;AEROPONIC;6,211
15893,4;685,2;1037,8;17,79;79,47;14,35;5,74;Kale;AQUAPONIC;5,307
20494,4;802,8;850,3;22,29;53,54;17,39;6,17;Spinach;HYDROPONIC;4,4
10222,9;703,7;1463,5;26,68;65,95;22,29;5,9;Kale;SOIL_BASED;4,127
11993,1;735,0;1428,0;27,63;69,69;22,83;6,48;Chinese Cabbage;AEROPONIC;4,489
8978,7;752,2;728,2;22,07;62,84;19,2;6,18;Lettuce;SOIL_BASED;3,943
15175,2;639,9;1168,5;22,7;61,86;17,9;5,57;Bok Choy;AQUAPONIC;4,49
12717,2;722,0;1120,3;27,41;77,39;21,66;6,26;Kale;AEROPONIC;6,239
10640,2;607,5;1752,2;25,38;85,36;21,21;6,37;Bok Choy;AQUAPONIC;4,303
12877,1;783,1;788,8;24,87;65,16;21,4;5,78;Kale;AEROPONIC;6,144
10909,6;1136,3;1163,0;23,89;68,22;20,2;6,08;Lettuce;AQUAPONIC;4,999
17318,7;687,4;1477,6;25,53;72,93;22,09;6,58;Chinese Cabbage;SOIL_BASED;3,05
7557,9;622,9;1248,9;23,42;59,34;19,98;5,94;Lettuce;SOIL_BASED;4,093
19494,1;506,7;1558,3;27,78;68,6;22,35;6,25;Bok Choy;AQUAPONIC;4,568
19279,3;729,7;764,5;23,17;81,04;16,94;5,41;Kale;AEROPONIC;6,028
11500,6;723,4;944,9;23,12;88,26;19,14;7,1;Bok Choy;SOIL_BASED;3,449
15530,4;708,8;1198,1;17,74;57,39;13,61;6,18;Chinese Cabbage;AEROPONIC;4,468
22942,3;1024,4;1407,0;26,46;60,39;22,48;5,74;Lettuce;AEROPONIC;5,733
15316,4;795,1;1281,1;20,8;64,33;17,88;5,83;Bok Choy;SOIL_BASED;3,535
10954,7;957,0;1439,1;16,86;64,85;13,06;5,13;Bok Choy;HYDROPONIC;4,595
17788,7;919,8;1192,4;23,0;77,21;18,9;6,29;Chinese Cabbage;HYDROPONIC;4,201
16513,7;610,6;939,5;22,55;68,29;20,24;6,46;Kale;AEROPONIC;6,317
10808,1;923,3;1423,6;24,76;76,52;21,87;7,19;Bok Choy;SOIL_BASED;3,502
11357,8;770,0;882,1;25,32;70,05;20,57;6,24;Chinese Cabbage;HYDROPONIC;4,03
13745,9;582,3;1028,2;21,18;67,03;16,36;6,18;Kale;AQUAPONIC;5,492
20263,8;676,7;924,2;31,12;71,8;26,58;6,18;Kale;AEROPONIC;6,041
10507,0;947,7;1327,5;22,94;48,64;19,06;5,8;Lettuce;HYDROPONIC;5,075
13392,3;750,9;1259,1;18,77;65,22;15,14;5,98;Chinese Cabbage;SOIL_BASED;2,907
20331,4;716,4;984,1;27,93;65,53;24,34;5,92;Kale;SOIL_BASED;4,422
12802,0;910,9;1073,6;25,54;56,16;21,58;5,76;Lettuce;AEROPONIC;5,694
18204,7;972,1;1188,5;24,64;79,42;21,48;6,15;Spinach;SOIL_BASED;3,332
14008,5;840,1;1444,8;22,28;65,92;17,68;6,44;Chinese Cabbage;AQUAPONIC;4,111
19975,0;732,4;1287,3;23,63;71,13;18,72;5,47;Spinach;AQUAPONIC;4,525
18148,8;944,3;1354,1;17,43;75,35;12,21;6,09;Kale;HYDROPONIC;5,782
15089,6;510,3;1392,5;22,74;60,92;17,34;6,39;Chinese Cabbage;SOIL_BASED;3,107
14200,7;797,5;1274,4;30,38;70,42;28,49;6,23;Lettuce;AQUAPONIC;5,006
11312,9;932,9;1335,4;20,83;54,1;15,6;6,28;Kale;AEROPONIC;6,073
8422,3;956,0;1243,0;23,99;72,64;19,55;6,34;Chinese Cabbage;SOIL_BASED;2,747
14433,5;1035,1;1663,1;18,78;63,3;15,37;6,27;Chinese Cabbage;HYDROPONIC;4,296
16023,2;961,1;1417,5;22,04;65,62;18,37;5,52;Spinach;AEROPONIC;4,724
17306,0;828,3;1756,9;19,96;77,54;16,08;6,35;Kale;AEROPONIC;5,868
22382,5;653,0;1609,7;24,7;83,46;21,37;5,87;Lettuce;AEROPONIC;5,521
9718,8;747,4;1228,4;24,1;61,88;20,17;6,02;Lettuce;AQUAPONIC;5,325
14007,0;748,7;1228,8;19,85;60,77;15,96;6,26;Kale;AEROPONIC;6,372
16143,0;660,9;849,0;23,75;73,86;20,8;6,08;Kale;AQUAPONIC;5,427
10982,7;361,8;991,4;23,85;73,46;19,42;5,71;Bok Choy;AEROPONIC;5,071
16487,5;784,2;1542,5;23,99;57,89;18,8;6,46;Spinach;AQUAPONIC;4,243
15550,9;640,1;1529,9;25,89;67,8;21,89;5,75;Kale;SOIL_BASED;4,789
13157,2;809,2;754,7;27,88;67,82;23,56;5,96;Kale;AQUAPONIC;5,476
9202,7;593,6;1622,0;21,78;67,65;17,97;6,44;Bok Choy;AQUAPONIC;4,659
14268,8;576,5;1588,0;22,64;73,62;17,99;5,76;Bok Choy;SOIL_BASED;3,856
16012,9;703,0;1570,7;23,01;80,89;18,08;6,72;Chinese Cabbage;AEROPONIC;4,512
8188,8;914,2;1413,2;19,85;66,02;15,92;5,8;Lettuce;SOIL_BASED;4,092
13293,7;805,5;1412,1;20,68;83,28;16,74;5,89;Spinach;AEROPONIC;4,91
13339,6;867,0;1231,8;25,08;66,95;20,23;6,18;Chinese Cabbage;AQUAPONIC;4,355
17703,3;630,5;1115,4;28,89;81,89;24,82;5,51;Kale;AEROPONIC;6,108
10580,5;794,5;1575,2;20,59;71,61;17,98;5,54;Bok Choy;AQUAPONIC;4,867
16173,7;651,2;1211,9;29,92;77,23;25,9;6,86;Lettuce;AEROPONIC;5,831
16715,4;950,4;400,0;21,91;76,04;17,74;6,15;Chinese Cabbage;AQUAPONIC;3,758
15090,9;955,6;1441,3;26,89;61,1;23,24;6,45;Lettuce;AQUAPONIC;5,4
17613,7;701,4;1006,1;24,7;71,1;20,55;6,4;Bok Choy;HYDROPONIC;5,052
21609,2;1006,7;1319,5;24,05;60,22;18,98;6,16;Chinese Cabbage;AEROPONIC;4,686
17836,2;755,8;1711,5;22,3;67,13;18,66;6,06;Chinese Cabbage;AEROPONIC;4,615
12928,5;1012,3;1826,6;23,54;58,27;19,83;5,76;Lettuce;HYDROPONIC;5,694
16567,8;609,4;1460,3;21,51;66,29;17,12;6,62;Bok Choy;AQUAPONIC;4,634
18559,0;610,3;1622,0;26,15;68,52;21,85;5,92;Kale;AQUAPONIC;5,187
11800,0;860,4;1473,7;26,63;60,75;22,64;5,9;Chinese Cabbage;HYDROPONIC;4,257
16648,6;661,8;1489,2;21,68;67,99;18,21;5,1;Kale;HYDROPONIC;5,936
15319,0;839,2;1519,0;18,91;74,83;15,23;6,65;Bok Choy;SOIL_BASED;3,37
16548,9;631,1;1002,3;22,58;59,68;16,45;6,05;Chinese Cabbage;AQUAPONIC;4,045
9663,4;600,0;947,1;29,07;75,56;25,82;5,81;Chinese Cabbage;SOIL_BASED;3,113
13992,8;919,5;1543,5;24,15;75,86;20,47;6,79;Kale;AEROPONIC;6,12
12276,9;1079,5;1359,6;26,73;59,91;22,16;5,35;Spinach;SOIL_BASED;3,059
15507,5;760,1;1321,4;20,9;45,78;14,34;5,62;Kale;HYDROPONIC;5,837
17074,8;873,2;1156,6;22,14;77,27;17,95;5,59;Kale;HYDROPONIC;5,576
8209,7;754,0;1186,9;22,63;65,92;18,24;6,27;Spinach;HYDROPONIC;5,006
15806,7;869,9;1606,7;20,22;68,0;16,99;6,12;Bok Choy;HYDROPONIC;5,054
19725,3;350,0;1059,3;23,97;85,18;20,6;6,17;Bok Choy;SOIL_BASED;3,612
19804,3;694,9;1283,5;21,21;71,61;16,92;6,48;Chinese Cabbage;SOIL_BASED;3,07
20059,9;1068,0;1075,1;26,16;71,95;21,44;6,16;Lettuce;SOIL_BASED;4,352
17456,1;839,2;876,1;23,75;67,93;20,04;6,15;Lettuce;HYDROPONIC;5,418
19122,6;771,6;1307,8;27,65;66,37;24,06;5,31;Chinese Cabbage;HYDROPONIC;4,421
13195,3;865,6;1472,6;18,8;67,46;15,81;6,22;Lettuce;AQUAPONIC;5,258
14351,2;912,6;1003,8;22,01;66,73;17,04;5,71;Kale;AQUAPONIC;5,61
9209,7;468,6;1095,3;22,36;53,68;17,83;6,2;Kale;HYDROPONIC;6,046
12754,6;740,6;972,2;24,8;59,52;19,81;6,26;Spinach;AQUAPONIC;3,905
17635,3;597,8;1314,6;22,32;67,52;18,08;6,38;Spinach;AEROPONIC;5,25
16405,0;1091,3;1153,6;28,32;85,32;23,47;7,1;Chinese Cabbage;AEROPONIC;4,698
5530,2;561,0;728,2;22,98;56,2;19,1;6,73;Chinese Cabbage;HYDROPONIC;4,295
14853,9;753,7;1188,0;20,96;63,59;17,23;6,6;Chinese Cabbage;SOIL_BASED;2,969
12885,7;870,3;1550,5;23,05;63,5;19,17;5,84;Kale;AEROPONIC;6,02
13600,7;870,4;1581,4;22,59;73,87;18,81;6,98;Lettuce;AEROPONIC;5,772
19654,6;624,4;1594,4;26,1;68,79;21,46;6,25;Chinese Cabbage;SOIL_BASED;3,582
10786,7;633,1;1021,7;22,35;62,53;19,4;6,98;Chinese Cabbage;AQUAPONIC;3,895
11277,4;668,0;971,6;19,24;77,81;15,09;6,38;Kale;SOIL_BASED;4,272
20636,1;706,3;1111,6;24,0;59,56;21,17;5,11;Kale;AQUAPONIC;5,395
13885,5;717,4;1532,9;21,68;63,69;16,5;6,46;Kale;AQUAPONIC;5,33
18095,6;875,6;1523,9;20,27;58,55;15,57;6,24;Lettuce;SOIL_BASED;4,212
15121,1;693,0;1280,8;23,56;76,44;20,02;5,92;Chinese Cabbage;AQUAPONIC;4,196
14856,9;823,2;1570,7;23,13;67,59;18,69;6,3;Bok Choy;AEROPONIC;5,152
11441,5;682,1;1437,8;22,88;61,95;18,37;6,08;Bok Choy;HYDROPONIC;5,231
18445,0;845,4;1154,6;24,23;71,79;21,23;6,27;Chinese Cabbage;AQUAPONIC;3,806
17298,4;825,1;1190,3;21,88;81,42;17,57;5,95;Chinese Cabbage;AEROPONIC;4,744
13084,4;733,6;950,2;23,82;48,8;19,18;6,08;Chinese Cabbage;SOIL_BASED;2,939
14531,1;657,3;1247,8;21,85;73,24;17,36;5,91;Chinese Cabbage;AQUAPONIC;3,948
16686,8;701,7;1121,6;25,8;82,74;20,97;5,9;Lettuce;AEROPONIC;5,371
11600,3;665,0;1019,3;23,43;81,22;19,88;6,15;Bok Choy;AQUAPONIC;4,528
8667,4;790,0;1088,5;28,4;65,88;23,62;6,35;Spinach;SOIL_BASED;3,759
14910,2;896,0;1668,5;22,11;68,82;16,79;5,64;Bok Choy;HYDROPONIC;4,998
11837,8;851,5;1159,6;24,5;69,77;20,35;5,98;Bok Choy;AQUAPONIC;4,465
17597,5;899,7;1690,1;26,66;65,81;22,61;6,03;Kale;HYDROPONIC;5,977
13524,1;627,8;1295,0;25,0;75,85;20,75;6,51;Chinese Cabbage;AQUAPONIC;3,875
9904,6;775,2;1220,5;23,89;54,35;20,53;6,2;Chinese Cabbage;AQUAPONIC;3,912
15162,8;682,8;1415,6;24,44;72,89;19,78;5,64;Chinese Cabbage;SOIL_BASED;3,131
10134,0;787,6;660,1;24,92;67,35;21,03;6,21;Kale;AQUAPONIC;5,292
16096,6;870,2;1821,2;24,33;76,59;19,79;6,27;Lettuce;AEROPONIC;5,602
7128,8;713,0;1528,3;23,46;77,43;18,41;6,39;Lettuce;AEROPONIC;5,944
14583,9;551,2;1333,6;25,56;68,94;21,4;5,87;Spinach;HYDROPONIC;4,628
15909,7;632,9;1491,5;23,26;62,71;18,5;6,22;Lettuce;HYDROPONIC;5,592
10297,5;484,6;1294,2;20,74;76,82;17,49;6,16;Lettuce;AEROPONIC;5,585
18943,8;784,1;1122,2;29,26;57,17;25,21;6,17;Chinese Cabbage;HYDROPONIC;4,117
9089,1;717,7;1273,9;25,96;59,05;21,38;6,12;Bok Choy;HYDROPONIC;4,791
15571,6;694,9;1170,4;20,95;67,35;17,71;6,92;Lettuce;AEROPONIC;5,839
8947,2;567,2;1046,3;22,82;63,58;17,47;7,01;Lettuce;AEROPONIC;6,067
10729,1;695,7;1177,3;21,9;66,17;17,08;6,5;Kale;AEROPONIC;6,12
15647,4;760,7;1335,3;22,11;65,42;18,38;6,02;Spinach;SOIL_BASED;3,211
16182,8;745,9;1372,4;25,93;67,77;21,75;6,36;Kale;SOIL_BASED;4,538
15026,5;911,2;1646,7;22,57;80,64;18,39;6,03;Chinese Cabbage;AEROPONIC;4,49
17090,4;654,8;1199,6;28,87;58,18;24,99;6,07;Bok Choy;AQUAPONIC;4,316
10082,7;773,8;1096,4;18,55;64,04;15,72;5,94;Spinach;AEROPONIC;4,741
9161,3;940,3;953,1;23,42;75,01;19,72;5,49;Kale;SOIL_BASED;4,373
16741,0;925,5;1395,0;19,77;68,31;15,01;5,16;Lettuce;HYDROPONIC;5,409
8383,0;913,8;1659,2;24,42;59,75;20,13;5,92;Lettuce;AQUAPONIC;5,186
10250,6;748,6;1178,4;24,75;67,26;19,85;5,83;Spinach;AQUAPONIC;4,181
14070,2;764,4;1133,6;26,02;55,19;22,61;5,82;Lettuce;HYDROPONIC;5,508
15542,6;743,4;1504,9;20,06;76,77;15,19;6,58;Kale;AQUAPONIC;5,556
15498,8;875,5;1003,5;24,71;69,01;19,99;5,78;Kale;HYDROPONIC;5,802
9828,2;638,6;1701,2;21,05;86,7;17,39;5,63;Lettuce;SOIL_BASED;4,081
14578,6;874,8;1260,4;23,77;58,48;19,45;6,52;Lettuce;AQUAPONIC;5,178
10750,8;641,9;1377,7;22,26;62,35;18,6;6,03;Chinese Cabbage;AQUAPONIC;4,05
15767,0;869,2;1289,8;19,96;69,45;15,33;5,85;Bok Choy;HYDROPONIC;5,015
15034,4;873,4;628,7;25,52;79,2;20,0;6,02;Spinach;HYDROPONIC;4,206
17547,6;905,7;1262,8;22,78;63,88;18,41;6,44;Kale;SOIL_BASED;4,531
13679,1;866,2;1180,6;25,9;62,02;22,39;6,06;Spinach;HYDROPONIC;4,621
12867,2;842,6;1381,3;26,1;68,64;22,16;6,09;Chinese Cabbage;HYDROPONIC;4,382
20549,3;1093,2;1577,1;27,17;62,29;21,03;6,08;Kale;SOIL_BASED;4,414
8038,1;587,7;1408,2;22,08;72,05;18,92;6,19;Chinese Cabbage;AEROPONIC;4,479
20981,1;978,9;1106,8;20,9;68,65;17,25;5,86;Chinese Cabbage;AEROPONIC;4,475
13730,8;1040,2;1708,2;26,86;73,94;22,56;5,46;Lettuce;HYDROPONIC;5,462
9672,7;728,3;1291,7;23,79;75,6;18,42;6,17;Spinach;SOIL_BASED;3,613
12346,5;918,2;1613,0;27,28;71,11;24,2;5,79;Spinach;AEROPONIC;5,031
17336,3;1027,8;1509,3;20,19;77,81;16,69;6,21;Lettuce;SOIL_BASED;4,162
17225,0;772,7;1020,9;25,43;65,13;22,76;5,63;Spinach;HYDROPONIC;4,985
21678,6;764,4;1555,7;23,62;55,73;19,74;6,4;Lettuce;HYDROPONIC;5,882
15076,2;661,5;1505,6;23,38;58,84;20,05;5,81;Kale;SOIL_BASED;4,472
15483,3;1117,0;1300,1;22,6;67,28;17,56;5,98;Chinese Cabbage;AQUAPONIC;4,433
17609,7;962,0;1163,9;20,39;71,55;17,37;5,74;Chinese Cabbage;HYDROPONIC;4,339
7517,0;644,2;1491,8;25,36;72,96;20,02;6,49;Spinach;HYDROPONIC;4,878
14069,4;893,7;1538,3;22,4;62,49;17,1;6,26;Bok Choy;HYDROPONIC;5,04
15147,3;748,6;1173,5;24,09;75,36;20,24;5,68;Chinese Cabbage;HYDROPONIC;4,88
9183,7;562,6;1437,5;28,91;48,28;26,73;6,96;Lettuce;SOIL_BASED;3,592
14012,6;1197,9;1192,5;22,0;63,35;17,4;5,76;Bok Choy;SOIL_BASED;3,678
12247,9;655,1;1137,2;22,67;72,2;17,53;5,76;Bok Choy;SOIL_BASED;3,442
14084,1;724,4;1392,4;23,04;75,76;19,88;6,25;Chinese Cabbage;SOIL_BASED;2,987
20276,5;752,4;1485,2;22,4;74,44;18,76;6,58;Chinese Cabbage;AQUAPONIC;4,167
21743,7;711,4;1414,9;22,48;75,91;18,11;6,14;Chinese Cabbage;SOIL_BASED;2,867
14090,5;771,0;1244,2;25,45;69,47;21,68;6,21;Lettuce;SOIL_BASED;3,581
16248,3;934,4;981,8;27,21;66,97;21,45;6,17;Bok Choy;HYDROPONIC;5,111
18302,5;743,5;1199,5;23,86;52,04;19,69;5,9;Spinach;AQUAPONIC;4,68
15865,3;872,3;1376,9;25,57;65,94;21,01;6,16;Lettuce;HYDROPONIC;5,69
9147,3;803,4;1840,1;23,02;58,25;18,08;6,53;Kale;AQUAPONIC;5,51
14610,4;605,4;1027,2;22,95;73,24;20,14;6,7;Chinese Cabbage;AEROPONIC;4,419
12412,8;854,1;1250,0;22,38;56,37;17,95;6,34;Bok Choy;AQUAPONIC;4,224
17351,8;765,0;1238,0;21,36;66,68;17,6;6,51;Lettuce;AQUAPONIC;5,225
12313,2;516,3;697,4;26,96;57,88;23,32;6,34;Kale;HYDROPONIC;5,863
14723,4;609,1;1126,6;22,09;67,9;18,26;5,96;Lettuce;AQUAPONIC;5,046
15535,8;895,2;969,6;25,21;66,88;21,11;6,45;Lettuce;AQUAPONIC;4,876
11436,9;1140,4;1175,4;21,16;53,09;17,47;5,62;Spinach;HYDROPONIC;4,637
10560,3;804,0;1670,9;23,63;70,93;19,43;6,03;Spinach;AEROPONIC;4,987
10218,6;350,0;1450,5;23,5;65,58;20,16;6,81;Lettuce;AEROPONIC;5,986
20323,3;843,6;1325,2;21,18;68,24;16,17;5,99;Kale;AEROPONIC;6,01
16707,2;553,8;1786,9;22,53;64,47;18,53;6,13;Bok Choy;AQUAPONIC;4,348
14459,5;717,7;1646,5;20,51;61,91;15,58;5,82;Bok Choy;HYDROPONIC;4,764
17753,7;1055,6;1071,2;23,55;74,43;18,28;5,7;Chinese Cabbage;AEROPONIC;4,49
18839,1;675,5;805,0;18,57;76,77;12,96;6,2;Chinese Cabbage;AEROPONIC;4,159
14396,4;849,8;676,3;23,34;76,24;19,2;6,16;Bok Choy;AEROPONIC;4,817
15880,6;775,7;1051,3;25,32;56,38;22,7;6,62;Lettuce;AEROPONIC;5,654
12105,2;818,7;1132,5;23,46;79,8;18,96;5,52;Lettuce;HYDROPONIC;5,528
20466,7;538,5;1682,3;21,54;72,78;17,31;6,31;Spinach;AEROPONIC;4,769
14653,8;818,6;1592,5;21,68;78,62;17,59;6,26;Spinach;AQUAPONIC;4,435
18527,3;960,5;1519,0;26,88;78,48;22,35;5,9;Chinese Cabbage;AQUAPONIC;3,881
18836,5;592,2;1149,1;23,94;70,97;19,19;6,4;Bok Choy;HYDROPONIC;5,009
15067,3;964,5;1230,9;25,86;61,25;21,58;5,53;Lettuce;SOIL_BASED;4,226
18477,9;646,4;1173,9;26,14;61,55;22,13;5,59;Bok Choy;AEROPONIC;4,931
9953,9;919,6;1853,2;22,25;62,22;17,38;5,4;Kale;AEROPONIC;6,382
13110,6;667,4;1117,1;20,7;66,46;15,52;5,93;Bok Choy;AQUAPONIC;4,823
17521,4;624,3;1073,6;25,31;59,6;19,78;6,21;Kale;HYDROPONIC;5,652
13225,7;874,6;1426,9;21,1;53,42;16,31;6,2;Spinach;SOIL_BASED;3,177
18722,1;842,6;1029,7;21,85;53,69;18,22;5,88;Spinach;AQUAPONIC;3,959
15947,6;565,3;1425,0;23,79;67,71;17,49;6,74;Chinese Cabbage;SOIL_BASED;3,073
22074,5;925,9;1355,2;22,8;65,71;19,22;6,15;Bok Choy;HYDROPONIC;4,826
14169,7;593,5;1087,2;17,02;72,33;12,77;5,38;Bok Choy;HYDROPONIC;4,607
14500,6;715,8;1190,5;20,04;66,47;14,34;6,85;Kale;HYDROPONIC;6,341
15518,3;810,4;1060,1;26,32;77,8;21,94;6,76;Spinach;AQUAPONIC;4,311
17351,0;668,9;1543,6;23,27;62,99;16,73;6,44;Kale;HYDROPONIC;5,991
9998,5;904,9;1241,6;25,55;70,81;21,61;6,24;Spinach;AQUAPONIC;4,112
14565,9;865,8;1224,4;21,23;72,69;17,47;6,16;Kale;AQUAPONIC;5,422
15228,8;778,4;1490,5;20,39;68,45;15,86;5,69;Spinach;AEROPONIC;4,972
13545,3;448,3;1455,6;25,52;76,62;21,87;6,15;Kale;AQUAPONIC;5,419
15248,8;960,2;1340,9;27,13;72,47;21,84;6,12;Spinach;AQUAPONIC;4,563
12138,0;793,0;1551,5;21,06;74,85;17,39;6,2;Kale;AEROPONIC;6,227
8793,2;709,2;1239,6;26,35;62,55;21,61;5,92;Bok Choy;SOIL_BASED;3,858
13601,2;796,6;1048,0;20,77;66,14;16,08;5,42;Chinese Cabbage;AEROPONIC;4,723
8249,0;928,0;1318,5;18,92;49,41;14,22;6,46;Kale;AEROPONIC;5,928
14612,3;829,8;1270,7;25,14;67,47;20,11;6,05;Chinese Cabbage;HYDROPONIC;4,225
10171,9;816,4;1653,5;20,83;56,35;17,13;5,96;Bok Choy;HYDROPONIC;4,966
17676,4;546,4;1211,5;20,11;87,95;15,75;6,27;Bok Choy;AEROPONIC;4,755
12468,3;535,1;1693,4;20,17;70,56;16,17;6,51;Spinach;HYDROPONIC;4,982
18986,6;746,9;964,1;22,53;64,61;17,22;5,81;Chinese Cabbage;AEROPONIC;4,386
12810,4;867,6;1218,6;18,74;74,4;14,19;6,33;Lettuce;HYDROPONIC;5,492
16897,1;945,0;1197,9;25,16;56,18;19,39;6,32;Spinach;AQUAPONIC;4,082
15318,6;1002,2;1196,5;24,85;63,8;19,38;6,28;Chinese Cabbage;HYDROPONIC;4,408
17530,6;1102,9;1575,7;24,85;65,04;21,55;6,25;Kale;HYDROPONIC;6,265
14688,0;746,3;1159,5;26,88;73,48;22,72;6,33;Kale;AQUAPONIC;5,421
19045,7;844,1;1537,8;26,22;59,69;21,84;6,1;Bok Choy;AEROPONIC;5,212
14862,8;810,6;1257,8;20,96;62,07;16,85;6,4;Lettuce;HYDROPONIC;5,729
16549,1;701,0;1254,6;25,39;68,95;21,62;6,11;Kale;HYDROPONIC;6,325
11409,5;947,5;931,8;26,61;73,37;22,54;6,71;Chinese Cabbage;AQUAPONIC;3,922
17474,4;907,9;1606,2;25,78;69,8;21,06;6,62;Chinese Cabbage;AQUAPONIC;4,122
20969,7;758,5;1678,7;25,99;60,3;21,06;6,6;Kale;AQUAPONIC;5,154
14744,5;649,3;955,0;23,08;68,91;19,66;5,31;Chinese Cabbage;SOIL_BASED;2,929
11781,7;609,1;1700,2;21,69;62,18;18,65;5,84;Chinese Cabbage;AQUAPONIC;3,969
10823,8;680,9;904,7;22,84;59,99;19,57;6,85;Bok Choy;AEROPONIC;5,161
9662,2;828,2;1236,2;21,54;71,47;17,37;5,51;Lettuce;HYDROPONIC;5,755
10045,3;691,8;1253,7;26,31;72,64;21,92;6,93;Bok Choy;HYDROPONIC;5,142
11907,9;809,5;1201,5;24,02;67,88;19,62;6,26;Lettuce;SOIL_BASED;3,841
9091,7;730,8;1563,1;25,81;72,34;21,87;6,08;Chinese Cabbage;HYDROPONIC;4,349
15680,5;748,1;1474,3;19,44;74,54;15,39;5,87;Lettuce;HYDROPONIC;5,75
11823,1;834,8;838,2;22,25;47,2;19,23;6,11;Chinese Cabbage;AEROPONIC;4,605
17086,8;756,2;1662,8;20,63;71,49;16,65;6,08;Chinese Cabbage;HYDROPONIC;4,13
18404,9;619,1;1715,2;18,95;81,16;14,18;5,78;Bok Choy;AEROPONIC;5,147
15840,6;708,2;1456,5;24,34;65,58;20,3;5,62;Bok Choy;SOIL_BASED;3,299
17434,7;883,5;1189,2;20,52;81,07;17,63;5,61;Spinach;AEROPONIC;4,601
12289,9;821,9;1337,1;22,46;70,68;16,82;6,59;Kale;AQUAPONIC;5,449
9044,1;789,9;1206,0;20,78;68,68;17,29;6,35;Spinach;AQUAPONIC;4,336
8672,3;752,8;1534,2;22,36;70,26;17,99;6,26;Spinach;SOIL_BASED;3,243
12968,3;654,7;814,0;25,15;55,07;20,64;5,71;Lettuce;HYDROPONIC;5,537
14553,0;570,1;1384,1;20,82;82,21;15,4;6,25;Chinese Cabbage;AEROPONIC;4,225
14148,8;824,3;1580,2;22,23;63,78;18,1;6,74;Chinese Cabbage;AQUAPONIC;3,968
15355,2;751,3;1216,2;24,98;57,82;20,48;5,96;Chinese Cabbage;AEROPONIC;4,627
17693,7;815,9;1423,5;25,41;63,46;21,59;6,04;Kale;AQUAPONIC;5,746
20038,9;912,2;823,2;22,4;68,2;18,57;6,27;Lettuce;AEROPONIC;6,097
16582,1;627,5;1032,1;24,33;77,6;20,23;5,53;Lettuce;HYDROPONIC;5,437
15722,1;350,0;1383,1;25,79;67,36;20,68;6,68;Chinese Cabbage;SOIL_BASED;3,261
13058,0;860,8;1397,3;20,54;65,27;15,58;6,43;Spinach;HYDROPONIC;4,914
9317,2;974,0;1129,0;21,5;65,4;17,85;6,35;Kale;AEROPONIC;6,588
12429,7;757,0;1359,3;22,45;56,47;17,93;6,13;Spinach;AQUAPONIC;4,428
13649,3;766,7;1265,3;24,75;63,52;20,37;5,62;Bok Choy;AQUAPONIC;4,392
7960,3;720,7;802,4;24,02;62,98;19,95;6,33;Lettuce;SOIL_BASED;3,933
12233,8;860,7;1219,6;23,68;70,13;20,5;6,02;Lettuce;HYDROPONIC;5,741
18696,3;598,6;1468,3;20,62;53,36;16,19;6,49;Spinach;HYDROPONIC;4,612
14286,6;964,7;1624,9;25,94;64,25;21,37;6,02;Kale;HYDROPONIC;5,832
15735,6;799,1;1217,4;22,1;79,12;18,1;6,97;Lettuce;AQUAPONIC;5,404
19172,6;744,1;1380,4;22,75;71,57;18,78;5,83;Spinach;SOIL_BASED;3,126
14856,6;692,1;1324,8;24,05;75,99;18,31;5,86;Kale;AQUAPONIC;5,374
14707,7;914,5;1419,0;29,02;64,66;25,12;5,79;Spinach;HYDROPONIC;4,826
16218,0;748,2;1111,6;21,7;82,16;16,67;7,0;Kale;AEROPONIC;6,046
24262,0;993,2;1261,3;21,57;74,77;17,57;5,71;Chinese Cabbage;AQUAPONIC;3,811
14535,1;901,2;1421,5;22,45;68,58;18,18;6,66;Kale;SOIL_BASED;4,782
14086,0;971,4;1384,7;26,75;73,49;22,72;5,08;Bok Choy;HYDROPONIC;4,938
16464,3;750,1;1437,7;23,92;57,5;19,74;6,08;Chinese Cabbage;AEROPONIC;4,563
16879,4;854,6;1487,2;24,55;57,32;21,25;5,79;Spinach;AQUAPONIC;4,684
14004,7;810,1;1321,5;25,76;74,86;20,92;6,2;Chinese Cabbage;AEROPONIC;4,583
14651,9;739,2;1357,1;26,66;77,64;22,86;6,66;Chinese Cabbage;AEROPONIC;4,184
14057,3;629,0;1132,6;21,62;60,18;18,43;5,8;Spinach;SOIL_BASED;3,56
17156,0;1102,0;1503,8;24,96;75,26;19,95;6,08;Spinach;AQUAPONIC;4,388
7742,5;702,6;999,3;26,73;72,55;21,22;6,11;Bok Choy;SOIL_BASED;3,367
19226,6;879,6;1441,0;24,08;61,24;19,86;6,24;Spinach;HYDROPONIC;4,805
15034,9;940,4;1314,3;21,21;59,55;16,75;5,81;Lettuce;AEROPONIC;6,084
6869,6;677,3;1093,9;20,66;61,87;15,68;6,07;Lettuce;SOIL_BASED;4,15
6688,5;585,7;1105,1;24,76;63,85;21,24;5,76;Bok Choy;SOIL_BASED;3,727
14211,6;840,7;1335,8;20,27;64,63;15,88;6,46;Kale;HYDROPONIC;6,138
7564,6;715,6;1215,3;21,22;54,47;15,94;6,18;Kale;AQUAPONIC;5,586
19652,4;667,6;1168,4;22,13;63,86;17,86;5,94;Lettuce;SOIL_BASED;4,066
22261,2;702,9;1389,1;24,29;70,7;20,32;5,84;Spinach;AEROPONIC;5,054
9650,4;831,1;844,0;25,13;73,63;20,84;6,09;Bok Choy;AEROPONIC;4,942
11029,7;563,5;1304,0;21,51;62,98;17,94;6,03;Kale;AEROPONIC;6,447
12572,2;752,8;1182,8;19,87;80,7;14,37;6,54;Kale;AEROPONIC;6,286
14571,2;607,6;960,5;25,79;68,17;20,8;5,94;Chinese Cabbage;SOIL_BASED;2,96
15313,3;982,1;1192,2;25,39;89,55;20,73;5,76;Lettuce;AEROPONIC;6,038
11039,4;759,4;938,7;24,81;61,65;20,47;6,04;Spinach;SOIL_BASED;3,181
19203,0;951,5;1587,3;24,55;71,07;20,47;5,49;Bok Choy;AQUAPONIC;4,403
16970,9;923,4;1467,4;22,39;67,25;18,68;6,43;Kale;AEROPONIC;6,109
18701,5;793,5;1495,2;23,0;62,33;19,52;6,63;Chinese Cabbage;AQUAPONIC;4,118
14500,4;877,9;1413,0;23,71;75,32;18,59;6,75;Lettuce;SOIL_BASED;4,199
19487,4;865,1;723,4;21,14;74,48;16,21;5,28;Lettuce;HYDROPONIC;5,61
14113,3;927,5;973,8;24,57;65,82;21,14;5,95;Bok Choy;AQUAPONIC;4,865
9625,6;766,9;1512,3;23,83;70,71;19,78;6,41;Kale;AEROPONIC;6,019
18446,1;817,8;1792,8;23,12;70,21;19,11;6,2;Bok Choy;HYDROPONIC;5,223
10680,0;629,8;1377,6;26,06;65,78;21,34;5,78;Bok Choy;AQUAPONIC;4,413
13112,3;657,2;1641,3;23,22;61,58;18,2;6,19;Chinese Cabbage;SOIL_BASED;3,073
11502,0;872,0;1068,4;25,35;67,98;21,82;6,31;Lettuce;SOIL_BASED;3,896
19370,3;852,9;1117,8;20,17;66,38;16,54;6,03;Spinach;SOIL_BASED;3,422
12853,4;646,6;1454,1;25,85;58,98;22,05;5,86;Lettuce;AQUAPONIC;5,339
15539,9;787,2;1071,9;25,19;73,59;21,17;5,74;Lettuce;SOIL_BASED;4,348
18317,9;595,3;859,9;29,55;68,38;26,9;6,41;Chinese Cabbage;AQUAPONIC;3,833
12217,4;570,0;1474,8;27,98;66,85;25,52;6,51;Spinach;AEROPONIC;4,546
15919,3;812,9;1093,1;26,12;55,33;21,82;6,79;Kale;AEROPONIC;5,985
13362,9;683,7;776,4;21,99;70,7;17,61;6,2;Spinach;AQUAPONIC;4,157
15255,0;817,4;1581,7;21,02;55,35;16,84;5,93;Kale;AQUAPONIC;5,154
14543,1;716,2;1411,3;21,47;69,2;16,35;5,64;Spinach;HYDROPONIC;4,602
17992,9;677,6;1461,4;24,93;75,24;22,05;6,02;Bok Choy;SOIL_BASED;3,747
14091,2;960,5;1477,4;27,12;82,13;21,55;6,15;Spinach;AEROPONIC;4,744
14450,5;885,3;1532,3;20,11;68,57;16,0;6,18;Chinese Cabbage;AEROPONIC;4,511
20919,0;695,0;1410,8;21,14;82,95;16,93;5,95;Kale;HYDROPONIC;5,889
9657,0;974,2;893,0;23,59;74,23;19,12;6,75;Lettuce;AQUAPONIC;5,079
16916,8;632,2;997,6;20,32;72,02;16,93;6,61;Chinese Cabbage;AQUAPONIC;4,247
21019,0;630,6;1541,8;22,32;77,49;18,47;6,62;Kale;HYDROPONIC;5,996
14095,1;640,5;1429,3;26,99;79,38;21,61;5,99;Kale;SOIL_BASED;4,352
9884,7;696,7;1246,0;25,52;75,0;20,96;6,2;Lettuce;AQUAPONIC;4,95
12355,5;651,1;842,1;25,82;66,8;21,69;5,91;Bok Choy;AQUAPONIC;4,636
13573,5;744,7;1061,7;20,74;63,44;17,65;6,02;Chinese Cabbage;SOIL_BASED;3,25
19745,9;653,0;1200,7;18,61;57,03;15,46;6,58;Lettuce;SOIL_BASED;3,894
9078,5;700,7;1083,7;22,3;69,43;18,47;5,77;Lettuce;HYDROPONIC;5,538
15983,2;769,0;1007,7;16,98;78,04;12,71;6,1;Bok Choy;HYDROPONIC;4,529
9371,0;899,4;1366,7;24,77;59,83;19,75;6,04;Chinese Cabbage;HYDROPONIC;4,562
12672,8;828,6;1661,8;25,59;58,85;20,68;5,95;Lettuce;AQUAPONIC;4,813
18629,1;957,3;1446,7;21,3;83,28;16,16;6,4;Bok Choy;HYDROPONIC;5,029
16611,5;765,6;1156,7;25,13;65,82;21,13;6,06;Chinese Cabbage;AQUAPONIC;4,13
15869,2;751,6;1262,7;25,11;53,37;21,87;6,12;Spinach;AEROPONIC;4,673
18024,3;996,3;1440,0;20,36;55,62;16,71;6,49;Kale;SOIL_BASED;4,517
14487,8;902,0;1124,9;22,38;71,76;18,1;6,16;Bok Choy;SOIL_BASED;3,778
15054,3;929,0;1335,6;22,19;63,95;17,66;6,76;Kale;AEROPONIC;6,152
14099,5;1087,5;1187,4;26,11;72,07;22,71;5,6;Spinach;HYDROPONIC;4,666
16059,1;646,2;1181,6;25,55;66,12;21,69;6,62;Lettuce;AQUAPONIC;5,167
15900,6;538,2;867,3;25,1;69,8;21,63;6,4;Lettuce;AQUAPONIC;5,291
20158,2;828,8;1291,5;21,93;83,02;16,1;6,38;Chinese Cabbage;AQUAPONIC;3,646
9124,1;792,9;1386,3;27,32;66,41;22,5;5,79;Bok Choy;SOIL_BASED;3,447
14047,0;648,5;1499,3;24,01;78,01;20,01;6,3;Bok Choy;HYDROPONIC;5,021
13784,3;819,5;826,9;24,89;68,96;21,0;5,56;Chinese Cabbage;AQUAPONIC;4,108
19120,7;751,7;1527,8;28,35;58,22;22,85;6,29;Kale;AQUAPONIC;5,428
11354,0;822,1;1469,1;25,35;84,8;21,89;5,83;Lettuce;AQUAPONIC;4,988
13426,8;877,7;1662,8;23,16;86,04;19,04;6,46;Lettuce;AEROPONIC;5,659
14617,0;894,6;1185,4;22,11;66,7;18,53;5,6;Bok Choy;AQUAPONIC;4,704
16131,1;876,7;1297,9;18,65;69,29;14,96;5,93;Bok Choy;AEROPONIC;5,25
13887,4;409,9;1013,4;19,11;78,54;14,57;5,88;Chinese Cabbage;AQUAPONIC;4,076
12574,4;888,3;1263,9;25,9;66,43;23,44;6,17;Spinach;AQUAPONIC;4,217
12157,9;634,9;1197,9;17,97;76,22;12,42;6,0;Kale;AQUAPONIC;5,267
10670,0;772,3;1319,5;26,33;61,08;21,61;6,26;Spinach;AEROPONIC;5,244
11320,4;830,4;1268,8;25,75;83,58;21,68;5,79;Spinach;AQUAPONIC;4,214
13221,7;923,5;1491,0;21,08;71,09;17,75;6,68;Bok Choy;HYDROPONIC;4,99
11918,9;730,5;1227,1;24,01;74,38;21,53;6,35;Bok Choy;AQUAPONIC;4,496
21409,2;792,1;1611,0;25,11;79,53;21,05;5,73;Bok Choy;AEROPONIC;5,057
16054,3;735,7;638,6;23,76;74,96;20,01;6,64;Spinach;AEROPONIC;4,536
10904,9;780,2;1616,2;26,95;67,57;22,96;6,1;Kale;HYDROPONIC;5,904
16022,5;756,4;921,5;19,6;82,62;15,39;6,36;Bok Choy;SOIL_BASED;3,455
9030,0;885,2;1493,8;24,91;75,1;20,05;6,07;Lettuce;HYDROPONIC;5,654
18921,7;985,1;1455,7;21,8;66,6;17,03;6,22;Kale;HYDROPONIC;5,908
12856,7;565,6;1001,1;18,63;55,22;14,17;7,05;Lettuce;AEROPONIC;5,423
18343,8;937,8;1598,1;20,25;67,88;14,98;6,41;Kale;AQUAPONIC;5,326
14730,6;922,7;971,9;22,03;63,5;17,96;6,83;Bok Choy;AQUAPONIC;4,755
15457,2;833,8;936,8;23,57;68,21;19,25;6,38;Chinese Cabbage;SOIL_BASED;3,024
14928,0;1235,3;1163,5;20,98;62,55;15,6;5,98;Bok Choy;SOIL_BASED;3,881
4732,7;743,4;1176,0;22,08;71,27;16,44;6,04;Spinach;SOIL_BASED;3,553
16360,0;691,0;1122,5;22,39;64,18;18,06;6,2;Spinach;SOIL_BASED;3,481
11154,1;1132,0;1298,2;21,04;80,13;17,0;5,58;Kale;HYDROPONIC;6,112
14562,4;524,9;1376,3;21,91;73,22;16,65;6,07;Spinach;HYDROPONIC;4,752
16431,5;551,5;1259,1;25,1;64,04;20,91;6,54;Bok Choy;AQUAPONIC;4,791
19447,3;895,5;977,6;28,12;68,08;24,17;6,54;Lettuce;HYDROPONIC;5,514
18328,6;818,6;1058,3;24,08;72,32;19,99;5,76;Bok Choy;AQUAPONIC;4,706
10784,5;593,4;1828,0;23,87;55,23;18,84;6,55;Kale;AQUAPONIC;5,343
9787,2;898,9;1006,9;23,27;71,98;19,06;5,95;Spinach;AQUAPONIC;4,499
14997,0;732,6;1016,7;22,41;53,47;18,35;5,1;Lettuce;AQUAPONIC;5,454
16477,7;505,5;876,5;25,11;81,05;21,56;5,86;Chinese Cabbage;AEROPONIC;4,177
17000,8;875,1;1532,2;26,25;64,83;22,44;6,42;Lettuce;AQUAPONIC;5,156
17615,4;923,2;1529,7;20,25;76,92;15,57;5,86;Lettuce;HYDROPONIC;5,561
12683,6;592,6;1383,2;26,41;58,27;21,63;6,19;Bok Choy;HYDROPONIC;4,686
14945,9;566,5;1614,6;28,05;72,88;24,98;5,93;Chinese Cabbage;HYDROPONIC;4,244
10181,2;410,2;1092,0;20,68;58,03;16,3;5,99;Kale;HYDROPONIC;5,551
19030,5;764,9;979,8;26,08;65,5;21,03;6,43;Kale;AEROPONIC;5,986
18617,4;707,4;1351,7;28,08;76,23;25,54;6,92;Lettuce;SOIL_BASED;4,436
14137,1;690,5;1403,0;25,5;73,24;20,93;5,93;Lettuce;SOIL_BASED;3,855
11908,1;930,1;1329,5;23,01;72,81;18,16;5,79;Spinach;AQUAPONIC;4,43
10689,6;705,8;1199,6;25,68;64,99;20,62;6,27;Chinese Cabbage;AQUAPONIC;3,753
15333,1;584,4;1547,3;21,22;59,11;16,38;6,15;Lettuce;HYDROPONIC;5,482
10764,1;760,9;1268,7;22,62;74,64;18,78;6,38;Spinach;HYDROPONIC;4,497
16911,0;819,3;1345,8;21,45;60,18;18,22;6,74;Chinese Cabbage;SOIL_BASED;3,251
14738,4;614,9;1272,5;19,73;62,71;15,31;6,55;Kale;SOIL_BASED;4,356
13536,5;604,7;1152,0;23,62;80,13;19,03;5,95;Spinach;HYDROPONIC;4,798
17251,7;927,3;1003,6;24,35;72,92;20,66;6,28;Chinese Cabbage;AQUAPONIC;3,672
8166,4;542,1;1389,6;25,35;56,41;21,0;6,13;Spinach;AEROPONIC;4,964
16045,2;637,8;717,5;15,0;67,91;12,0;6,14;Lettuce;AEROPONIC;5,03
14421,7;652,2;1115,0;24,01;66,66;19,5;6,35;Bok Choy;SOIL_BASED;3,766
13712,3;760,3;1149,9;23,72;64,82;19,68;5,87;Kale;SOIL_BASED;4,485
16990,0;859,9;964,5;20,45;65,07;17,43;7,14;Lettuce;SOIL_BASED;4,18
19141,8;823,7;1204,0;22,26;79,12;17,83;6,16;Lettuce;AEROPONIC;5,655
15247,0;775,6;1396,1;25,61;84,95;20,73;6,15;Chinese Cabbage;AEROPONIC;4,405
16216,3;1072,8;1313,4;23,77;67,64;18,73;6,19;Spinach;HYDROPONIC;5,044
12994,2;731,0;1130,6;23,45;69,39;19,49;6,59;Kale;AQUAPONIC;5,565
12183,4;550,1;1440,8;26,0;56,4;21,42;5,78;Lettuce;SOIL_BASED;4,106
15445,6;852,2;1348,5;29,98;82,4;26,79;6,12;Chinese Cabbage;HYDROPONIC;3,854
13298,0;767,9;982,3;22,82;62,4;16,89;5,55;Kale;AEROPONIC;5,855
13242,5;764,6;1078,2;24,19;64,4;21,27;5,9;Spinach;HYDROPONIC;4,738
19799,9;727,3;913,0;21,0;74,72;18,52;6,32;Lettuce;AEROPONIC;5,358
19045,4;825,1;1189,2;29,51;70,39;24,4;5,89;Lettuce;AQUAPONIC;4,84
10149,6;984,9;1106,1;21,99;72,67;16,84;6,13;Lettuce;AEROPONIC;6,037
